{"stats":{"minecraft:crafted":{"minecraft:fishing_rod":1,"minecraft:furnace":2,"magistuarmory:longbow":1,"magistuarmory:iron_shortsword":1,"magistuarmory:hilt":2,"minecraft:bow":1,"minecraft:iron_axe":1,"minecraft:stone_pickaxe":1,"magistuarmory:iron_bastardsword":1,"minecraft:redstone_block":12,"minecraft:wheat":585,"minecraft:wooden_shovel":1,"minecraft:emerald":6,"minecraft:arrow":96,"biomesoplenty:jacaranda_planks":16,"minecraft:crafting_table":2,"minecraft:spruce_planks":44,"biomesoplenty:redwood_planks":140,"minecraft:wooden_pickaxe":1,"minecraft:iron_helmet":1,"minecraft:iron_sword":1,"minecraft:bucket":1,"minecraft:hay_block":11,"minecraft:stone_axe":4,"minecraft:bread":168,"minecraft:air":0,"minecraft:diamond_pickaxe":1,"minecraft:charcoal":9,"minecraft:shield":3,"minecraft:stick":268,"minecraft:iron_ingot":24,"minecraft:iron_pickaxe":2,"minecraft:wooden_axe":4,"minecraft:stone_sword":1,"minecraft:torch":28,"minecraft:lapis_block":7,"magistuarmory:leather_strip":6},"minecraft:broken":{"minecraft:stone_axe":1,"minecraft:wooden_axe":2},"minecraft:killed":{"minecraft:cave_spider":4,"minecraft:spider":2,"minecraft:skeleton":4,"minecraft:horse":2,"minecraft:chicken":5,"minecraft:salmon":11,"minecraft:sheep":6,"minecraft:zombie":15,"iceandfire:ghost":8,"minecraft:cow":5},"minecraft:picked_up":{"minecraft:wooden_axe":19,"minecraft:iron_chestplate":3,"minecraft:fishing_rod":1,"minecraft:charcoal":119,"minecraft:coarse_dirt":5,"minecraft:crafting_table":34,"magistuarmory:iron_bastardsword":3,"minecraft:azure_bluet":4,"minecraft:redstone_block":12,"minecraft:chicken":62,"minecraft:clay_ball":12,"minecraft:chest_minecart":1,"minecraft:brown_mushroom":2,"minecraft:wooden_pickaxe":3,"minecraft:wither_rose":30,"minecraft:enchanted_book":2,"minecraft:shield":19,"minecraft:amethyst_block":1,"minecraft:lapis_block":7,"minecraft:string":45,"minecraft:iron_axe":6,"minecraft:iron_leggings":3,"minecraft:cracked_stone_bricks":22,"minecraft:cobbled_deepslate":120,"minecraft:bucket":2,"minecraft:spruce_planks":44,"minecraft:beef":24,"minecraft:calcite":1,"minecraft:azalea":3,"minecraft:wooden_shovel":2,"minecraft:iron_pickaxe":23,"alexsmobs:raccoon_tail":1,"biomesoplenty:redwood_wood":1805,"minecraft:furnace":13,"minecraft:iron_boots":3,"minecraft:egg":65,"minecraft:stick":61,"minecraft:raw_iron":103,"iceandfire:ghost_chest":10,"minecraft:torch":45,"minecraft:recovery_compass":1,"minecraft:carrot":3,"minecraft:redstone":251,"biomesoplenty:redwood_planks":3,"iceandfire:silver_ingot":36,"minecraft:stone_sword":3,"minecraft:arrow":360,"minecraft:rotten_flesh":70,"biomesoplenty:jacaranda_log":64,"minecraft:shears":1,"minecraft:hay_block":54,"biomesoplenty:redwood_sapling":62,"minecraft:glow_berries":15,"minecraft:mutton":57,"minecraft:iron_bars":9,"minecraft:rail":17,"minecraft:skeleton_skull":3,"minecraft:white_wool":16,"minecraft:cobblestone":60,"minecraft:feather":58,"minecraft:water_bucket":3,"minecraft:salmon":139,"minecraft:leather":45,"minecraft:potato":5,"minecraft:flint":2,"minecraft:tuff":5,"iceandfire:ectoplasm":10,"minecraft:gunpowder":1,"minecraft:lapis_lazuli":278,"minecraft:dirt":444,"minecraft:name_tag":2,"minecraft:bone":80,"minecraft:apple":112,"minecraft:stone_bricks":23,"minecraft:bow":1,"minecraft:wheat_seeds":9,"minecraft:raw_gold":27,"minecraft:iron_ingot":23,"minecraft:stone_pickaxe":3,"minecraft:cobweb":19,"minecraft:moss_block":4,"minecraft:iron_sword":23,"minecraft:oak_planks":1,"minecraft:flowering_azalea":1,"minecraft:gravel":126,"magistuarmory:longbow":8,"minecraft:sand":1,"minecraft:amethyst_shard":32,"minecraft:spruce_sapling":5,"minecraft:white_bed":3,"minecraft:spruce_log":70,"minecraft:spruce_door":6,"minecraft:spider_eye":1,"alexsmobs:animal_dictionary":28,"minecraft:diamond":7,"minecraft:stone_axe":7,"minecraft:chainmail_leggings":14,"minecraft:iron_helmet":2,"minecraft:bread":256,"minecraft:oak_sapling":3,"minecraft:coal":47,"iceandfire:raw_silver":2,"minecraft:diamond_pickaxe":3,"minecraft:sunflower":9},"minecraft:custom":{"minecraft:mob_kills":62,"minecraft:interact_with_crafting_table":41,"minecraft:leave_game":9,"minecraft:time_since_death":4041,"minecraft:climb_one_cm":1754,"minecraft:sprint_one_cm":558572,"minecraft:walk_one_cm":722187,"minecraft:damage_blocked_by_shield":390,"minecraft:drop":104,"minecraft:talked_to_villager":2,"minecraft:play_time":242152,"minecraft:sneak_time":3931,"minecraft:deaths":40,"minecraft:walk_under_water_one_cm":25082,"minecraft:jump":3702,"minecraft:interact_with_blast_furnace":2,"minecraft:walk_on_water_one_cm":48273,"minecraft:total_world_time":242152,"minecraft:interact_with_furnace":52,"minecraft:traded_with_villager":12,"minecraft:sleep_in_bed":1,"minecraft:time_since_rest":4217,"minecraft:damage_taken":11419,"minecraft:trigger_trapped_chest":7,"minecraft:damage_dealt":11298,"minecraft:player_kills":7,"minecraft:swim_one_cm":40653,"minecraft:fly_one_cm":500617,"minecraft:open_chest":17,"minecraft:crouch_one_cm":8250,"minecraft:fall_one_cm":119256},"minecraft:used":{"minecraft:iron_bars":1,"minecraft:stone_sword":118,"biomesoplenty:redwood_planks":7,"minecraft:shield":15,"minecraft:iron_sword":232,"minecraft:wooden_shovel":58,"minecraft:rotten_flesh":11,"minecraft:torch":31,"minecraft:dirt":8,"minecraft:carrot":1,"minecraft:tuff":5,"minecraft:azure_bluet":2,"minecraft:wooden_axe":121,"minecraft:lava_bucket":1,"biomesoplenty:redwood_wood":37,"minecraft:iron_axe":99,"iceandfire:ghost_chest":1,"minecraft:iron_helmet":1,"minecraft:iron_boots":1,"minecraft:stone_bricks":1,"minecraft:furnace":4,"minecraft:egg":1,"minecraft:cobbled_deepslate":5,"minecraft:water_bucket":7,"minecraft:stone_pickaxe":119,"minecraft:wooden_pickaxe":24,"minecraft:salmon":3,"minecraft:glow_berries":18,"minecraft:sand":1,"minecraft:crafting_table":12,"minecraft:spruce_log":1,"minecraft:iron_pickaxe":148,"minecraft:bread":11,"minecraft:gravel":71,"minecraft:stone_axe":181,"minecraft:fishing_rod":1,"minecraft:cobblestone":3,"minecraft:bucket":8,"alexsmobs:animal_dictionary":8,"minecraft:wither_rose":1,"minecraft:coarse_dirt":1,"minecraft:chainmail_leggings":1},"minecraft:mined":{"minecraft:tuff":3,"iceandfire:silver_ore":2,"minecraft:deepslate_diamond_ore":3,"minecraft:glow_lichen":1,"minecraft:cave_vines_plant":2,"minecraft:grass_block":3,"minecraft:spruce_leaves":20,"minecraft:moss_block":4,"minecraft:spawner":1,"minecraft:large_fern":9,"minecraft:hay_block":54,"minecraft:redstone_ore":3,"minecraft:furnace":6,"minecraft:iron_ore":26,"minecraft:deepslate_lapis_ore":13,"minecraft:azure_bluet":3,"minecraft:cave_vines":21,"minecraft:deepslate_iron_ore":21,"minecraft:vine":4,"minecraft:iron_bars":3,"minecraft:azalea":1,"minecraft:stone":46,"minecraft:deepslate_redstone_ore":22,"biomesoplenty:redwood_planks":1,"minecraft:flowering_azalea":1,"minecraft:brown_mushroom":1,"minecraft:spruce_door":2,"minecraft:powder_snow":5,"minecraft:clay":2,"minecraft:crafting_table":12,"minecraft:torch":7,"iceandfire:ghost_chest":4,"minecraft:tall_grass":7,"minecraft:deepslate_gold_ore":11,"minecraft:lapis_ore":14,"biomesoplenty:huge_clover_petal":2,"minecraft:oak_planks":1,"minecraft:wall_torch":12,"minecraft:skeleton_skull":1,"minecraft:coarse_dirt":1,"minecraft:spruce_log":29,"minecraft:wither_rose":4,"minecraft:grass":25,"biomesoplenty:clover":16,"minecraft:coal_ore":29,"biomesoplenty:redwood_leaves":36,"minecraft:sunflower":3,"minecraft:gravel":61,"minecraft:sand":1,"minecraft:dirt":16,"minecraft:cobweb":11,"minecraft:cracked_stone_bricks":2,"minecraft:stone_bricks":2,"minecraft:gold_ore":8,"biomesoplenty:redwood_wood":274,"minecraft:deepslate":32},"minecraft:killed_by":{"minecraft:player":3,"iceandfire:cyclops":2,"minecraft:creeper":2,"minecraft:enderman":1,"minecraft:cave_spider":1,"minecraft:skeleton":2,"minecraft:witch":1,"minecraft:zombie":4,"iceandfire:ghost":18},"minecraft:dropped":{"minecraft:iron_ingot":2,"minecraft:iron_sword":1,"minecraft:wheat_seeds":2,"minecraft:diamond":1,"biomesoplenty:redwood_wood":23,"minecraft:rail":2,"minecraft:flint":2,"minecraft:flowering_azalea":1,"minecraft:bucket":2,"minecraft:spruce_sapling":1,"minecraft:gravel":55,"minecraft:rotten_flesh":1,"minecraft:clay_ball":4,"minecraft:salmon":1,"minecraft:recovery_compass":1,"minecraft:diamond_pickaxe":1,"minecraft:azalea":2,"minecraft:oak_sapling":2}},"DataVersion":3465}