{"stats":{"minecraft:killed_by":{"minecraft:zombie":1,"alexsmobs:grizzly_bear":1},"minecraft:mined":{"minecraft:deepslate_diamond_ore":3,"minecraft:oak_fence":4,"minecraft:crafting_table":1,"minecraft:torch":4,"minecraft:grass_block":1,"iceandfire:deepslate_silver_ore":1,"minecraft:deepslate_gold_ore":22,"minecraft:oak_planks":18,"minecraft:wall_torch":5,"minecraft:spawner":1,"minecraft:furnace":1,"minecraft:fire":1,"minecraft:deepslate_lapis_ore":10,"minecraft:oak_log":21,"minecraft:coal_ore":2,"minecraft:deepslate_iron_ore":27,"minecraft:cobweb":31,"minecraft:stone":4,"minecraft:oak_leaves":11,"minecraft:deepslate":67},"minecraft:used":{"minecraft:cooked_mutton":5,"minecraft:stone_sword":123,"minecraft:stone_pickaxe":84,"minecraft:chest":1,"minecraft:shield":22,"minecraft:rotten_flesh":10,"minecraft:torch":25,"minecraft:dirt":1,"minecraft:crafting_table":3,"magistuarmory:rustedhalfarmor_chestplate":1,"minecraft:bread":3,"minecraft:iron_pickaxe":59,"minecraft:stone_axe":32,"minecraft:wooden_sword":11,"minecraft:furnace":3,"minecraft:cooked_beef":2,"minecraft:cobbled_deepslate":21},"minecraft:crafted":{"minecraft:cooked_beef":3,"minecraft:wooden_sword":1,"minecraft:oak_planks":80,"minecraft:crafting_table":2,"minecraft:iron_sword":1,"minecraft:stone_axe":1,"minecraft:cooked_mutton":3,"minecraft:shield":1,"minecraft:stick":32,"minecraft:iron_ingot":9,"minecraft:iron_pickaxe":1,"minecraft:stone_pickaxe":1,"minecraft:stone_sword":2,"minecraft:chest":1,"minecraft:torch":8},"minecraft:killed":{"minecraft:creeper":1,"minecraft:sheep":14,"minecraft:skeleton":3,"alexsmobs:catfish":3,"minecraft:zombie":6,"alexsmobs:cockroach":1,"minecraft:cow":2},"minecraft:picked_up":{"minecraft:wooden_axe":1,"minecraft:crafting_table":4,"magistuarmory:rustedhalfarmor_chestplate":1,"minecraft:chicken":4,"minecraft:brown_wool":1,"minecraft:leather":6,"minecraft:wooden_pickaxe":2,"minecraft:oak_log":20,"minecraft:gunpowder":3,"minecraft:lapis_lazuli":70,"minecraft:string":25,"minecraft:dirt":11,"minecraft:cooked_mutton":3,"minecraft:bone":3,"minecraft:cobbled_deepslate":66,"minecraft:raw_gold":21,"minecraft:beef":10,"minecraft:iron_ingot":2,"minecraft:stone_pickaxe":2,"minecraft:light_gray_wool":1,"minecraft:oak_planks":78,"minecraft:furnace":3,"minecraft:stick":19,"minecraft:raw_iron":27,"minecraft:oak_fence":4,"minecraft:torch":10,"minecraft:white_bed":1,"alexsmobs:animal_dictionary":1,"minecraft:arrow":1,"alexsmobs:raw_catfish":5,"minecraft:stone_sword":2,"minecraft:rotten_flesh":11,"minecraft:diamond":3,"minecraft:stone_axe":1,"minecraft:gray_wool":2,"minecraft:oak_sapling":5,"minecraft:black_wool":1,"minecraft:mutton":31,"minecraft:coal":2,"minecraft:white_wool":15,"iceandfire:raw_silver":1,"minecraft:cobblestone":27},"minecraft:custom":{"minecraft:interact_with_furnace":27,"minecraft:mob_kills":30,"minecraft:interact_with_crafting_table":11,"minecraft:leave_game":2,"minecraft:time_since_death":51538,"minecraft:sleep_in_bed":1,"minecraft:time_since_rest":35764,"minecraft:sprint_one_cm":255206,"minecraft:damage_taken":1192,"minecraft:walk_one_cm":232998,"minecraft:damage_blocked_by_shield":1479,"minecraft:drop":46,"minecraft:damage_dealt":3923,"minecraft:swim_one_cm":7783,"minecraft:fly_one_cm":91553,"minecraft:open_chest":4,"minecraft:crouch_one_cm":757,"minecraft:play_time":69757,"minecraft:deaths":2,"minecraft:sneak_time":371,"minecraft:walk_under_water_one_cm":4739,"minecraft:jump":962,"minecraft:walk_on_water_one_cm":24426,"minecraft:total_world_time":69757,"minecraft:fall_one_cm":22382},"minecraft:dropped":{"minecraft:cooked_beef":1,"minecraft:stone_sword":2,"minecraft:crafting_table":1,"minecraft:chicken":4,"minecraft:rotten_flesh":1,"minecraft:oak_planks":21,"minecraft:cooked_mutton":1,"minecraft:white_bed":1,"minecraft:dirt":10,"minecraft:gray_wool":1,"minecraft:wooden_axe":1,"minecraft:stone_pickaxe":1,"minecraft:wooden_pickaxe":1}},"DataVersion":3465}