{"stats":{"minecraft:crafted":{"minecraft:fishing_rod":1,"minecraft:furnace":2,"magistuarmory:longbow":1,"magistuarmory:hilt":1,"minecraft:bow":1,"minecraft:iron_axe":1,"minecraft:stone_pickaxe":1,"minecraft:redstone_block":12,"minecraft:wheat":486,"minecraft:wooden_shovel":1,"minecraft:arrow":96,"minecraft:emerald":6,"minecraft:crafting_table":2,"minecraft:spruce_planks":44,"biomesoplenty:redwood_planks":136,"minecraft:wooden_pickaxe":1,"minecraft:iron_helmet":1,"minecraft:iron_sword":1,"minecraft:bucket":1,"minecraft:hay_block":11,"minecraft:stone_axe":4,"minecraft:bread":129,"minecraft:air":0,"minecraft:diamond_pickaxe":1,"minecraft:charcoal":9,"minecraft:shield":3,"minecraft:stick":260,"minecraft:iron_ingot":24,"minecraft:iron_pickaxe":2,"minecraft:wooden_axe":4,"minecraft:stone_sword":1,"minecraft:torch":28,"minecraft:lapis_block":7,"magistuarmory:leather_strip":6},"minecraft:broken":{"minecraft:stone_axe":1,"minecraft:wooden_axe":2},"minecraft:killed":{"minecraft:cave_spider":4,"minecraft:spider":2,"minecraft:skeleton":4,"minecraft:horse":2,"minecraft:chicken":5,"minecraft:salmon":11,"minecraft:sheep":6,"minecraft:zombie":15,"iceandfire:ghost":7},"minecraft:picked_up":{"minecraft:wooden_axe":19,"minecraft:crafting_table":31,"minecraft:fishing_rod":1,"minecraft:charcoal":119,"minecraft:iron_chestplate":3,"minecraft:coarse_dirt":5,"minecraft:azure_bluet":4,"minecraft:redstone_block":12,"minecraft:chicken":62,"minecraft:clay_ball":12,"minecraft:chest_minecart":1,"minecraft:brown_mushroom":2,"minecraft:wooden_pickaxe":3,"minecraft:wither_rose":27,"minecraft:shield":16,"minecraft:amethyst_block":1,"minecraft:lapis_block":7,"minecraft:string":42,"minecraft:iron_axe":3,"minecraft:iron_leggings":3,"minecraft:cracked_stone_bricks":22,"minecraft:cobbled_deepslate":120,"minecraft:bucket":2,"minecraft:spruce_planks":44,"minecraft:calcite":1,"minecraft:azalea":3,"minecraft:wooden_shovel":2,"minecraft:iron_pickaxe":21,"biomesoplenty:redwood_wood":1777,"minecraft:furnace":10,"minecraft:egg":64,"minecraft:iron_boots":3,"minecraft:stick":51,"minecraft:raw_iron":103,"iceandfire:ghost_chest":7,"minecraft:torch":36,"minecraft:recovery_compass":1,"minecraft:carrot":3,"minecraft:redstone":251,"biomesoplenty:redwood_planks":1,"minecraft:stone_sword":3,"iceandfire:silver_ingot":30,"minecraft:arrow":60,"minecraft:rotten_flesh":55,"minecraft:shears":1,"minecraft:hay_block":43,"biomesoplenty:redwood_sapling":62,"minecraft:glow_berries":15,"minecraft:mutton":57,"minecraft:iron_bars":3,"minecraft:rail":17,"minecraft:skeleton_skull":3,"minecraft:white_wool":16,"minecraft:cobblestone":59,"minecraft:feather":58,"minecraft:water_bucket":3,"minecraft:salmon":139,"minecraft:leather":27,"minecraft:potato":5,"minecraft:flint":2,"minecraft:tuff":5,"iceandfire:ectoplasm":10,"minecraft:gunpowder":1,"minecraft:lapis_lazuli":278,"minecraft:dirt":444,"minecraft:name_tag":2,"minecraft:bone":56,"minecraft:apple":112,"minecraft:stone_bricks":22,"minecraft:bow":1,"minecraft:wheat_seeds":7,"minecraft:raw_gold":27,"minecraft:iron_ingot":17,"minecraft:stone_pickaxe":3,"minecraft:cobweb":19,"minecraft:moss_block":4,"minecraft:flowering_azalea":1,"minecraft:iron_sword":21,"minecraft:oak_planks":1,"minecraft:gravel":126,"magistuarmory:longbow":5,"minecraft:sand":1,"minecraft:amethyst_shard":32,"minecraft:spruce_sapling":5,"minecraft:spruce_log":70,"minecraft:spider_eye":1,"alexsmobs:animal_dictionary":25,"minecraft:diamond":7,"minecraft:stone_axe":4,"minecraft:chainmail_leggings":11,"minecraft:iron_helmet":2,"minecraft:bread":21,"minecraft:oak_sapling":3,"minecraft:coal":47,"iceandfire:raw_silver":2,"minecraft:diamond_pickaxe":3},"minecraft:custom":{"minecraft:mob_kills":56,"minecraft:interact_with_crafting_table":39,"minecraft:leave_game":8,"minecraft:time_since_death":26964,"minecraft:climb_one_cm":1572,"minecraft:sprint_one_cm":483197,"minecraft:walk_one_cm":628339,"minecraft:damage_blocked_by_shield":330,"minecraft:drop":104,"minecraft:talked_to_villager":2,"minecraft:play_time":212108,"minecraft:sneak_time":3931,"minecraft:deaths":36,"minecraft:walk_under_water_one_cm":22409,"minecraft:jump":3154,"minecraft:interact_with_blast_furnace":2,"minecraft:walk_on_water_one_cm":45786,"minecraft:total_world_time":212108,"minecraft:interact_with_furnace":52,"minecraft:traded_with_villager":12,"minecraft:sleep_in_bed":1,"minecraft:time_since_rest":26994,"minecraft:damage_taken":10133,"minecraft:trigger_trapped_chest":7,"minecraft:damage_dealt":10487,"minecraft:player_kills":7,"minecraft:swim_one_cm":34262,"minecraft:fly_one_cm":434674,"minecraft:open_chest":10,"minecraft:crouch_one_cm":8250,"minecraft:fall_one_cm":101528},"minecraft:used":{"minecraft:iron_bars":1,"minecraft:stone_sword":118,"biomesoplenty:redwood_planks":1,"minecraft:shield":11,"minecraft:iron_sword":230,"minecraft:wooden_shovel":58,"minecraft:rotten_flesh":11,"minecraft:torch":31,"minecraft:dirt":8,"minecraft:carrot":1,"minecraft:tuff":5,"minecraft:azure_bluet":2,"minecraft:wooden_axe":121,"minecraft:lava_bucket":1,"biomesoplenty:redwood_wood":37,"minecraft:iron_axe":95,"iceandfire:ghost_chest":1,"minecraft:iron_helmet":1,"minecraft:iron_boots":1,"minecraft:furnace":4,"minecraft:cobbled_deepslate":5,"minecraft:water_bucket":7,"minecraft:stone_pickaxe":119,"minecraft:wooden_pickaxe":24,"minecraft:salmon":3,"minecraft:glow_berries":18,"minecraft:sand":1,"minecraft:crafting_table":11,"minecraft:spruce_log":1,"minecraft:iron_pickaxe":140,"minecraft:bread":7,"minecraft:gravel":71,"minecraft:stone_axe":159,"minecraft:fishing_rod":1,"minecraft:cobblestone":2,"minecraft:bucket":8,"alexsmobs:animal_dictionary":8,"minecraft:coarse_dirt":1,"minecraft:chainmail_leggings":1},"minecraft:mined":{"minecraft:tuff":3,"iceandfire:silver_ore":2,"minecraft:deepslate_diamond_ore":3,"minecraft:glow_lichen":1,"minecraft:cave_vines_plant":2,"minecraft:grass_block":3,"minecraft:spruce_leaves":20,"minecraft:moss_block":4,"minecraft:spawner":1,"minecraft:large_fern":9,"minecraft:hay_block":43,"minecraft:redstone_ore":3,"minecraft:furnace":6,"minecraft:iron_ore":26,"minecraft:deepslate_lapis_ore":13,"minecraft:azure_bluet":3,"minecraft:cave_vines":21,"minecraft:deepslate_iron_ore":21,"minecraft:vine":1,"minecraft:iron_bars":1,"minecraft:azalea":1,"minecraft:stone":45,"minecraft:deepslate_redstone_ore":22,"biomesoplenty:redwood_planks":1,"minecraft:flowering_azalea":1,"minecraft:brown_mushroom":1,"minecraft:clay":2,"minecraft:crafting_table":11,"minecraft:torch":7,"iceandfire:ghost_chest":2,"minecraft:tall_grass":2,"biomesoplenty:huge_clover_petal":2,"minecraft:lapis_ore":14,"minecraft:deepslate_gold_ore":11,"minecraft:oak_planks":1,"minecraft:wall_torch":12,"minecraft:skeleton_skull":1,"minecraft:coarse_dirt":1,"minecraft:spruce_log":29,"minecraft:wither_rose":2,"minecraft:grass":21,"biomesoplenty:clover":16,"minecraft:coal_ore":29,"biomesoplenty:redwood_leaves":36,"minecraft:gravel":61,"minecraft:sand":1,"minecraft:dirt":16,"minecraft:cobweb":11,"minecraft:cracked_stone_bricks":2,"minecraft:stone_bricks":2,"minecraft:gold_ore":8,"biomesoplenty:redwood_wood":274,"minecraft:deepslate":32},"minecraft:killed_by":{"minecraft:player":3,"iceandfire:cyclops":2,"minecraft:creeper":2,"minecraft:enderman":1,"minecraft:cave_spider":1,"minecraft:skeleton":1,"minecraft:witch":1,"minecraft:zombie":4,"iceandfire:ghost":15},"minecraft:dropped":{"minecraft:iron_ingot":2,"minecraft:iron_sword":1,"minecraft:wheat_seeds":2,"biomesoplenty:redwood_wood":23,"minecraft:diamond":1,"minecraft:rail":2,"minecraft:flint":2,"minecraft:flowering_azalea":1,"minecraft:bucket":2,"minecraft:spruce_sapling":1,"minecraft:gravel":55,"minecraft:rotten_flesh":1,"minecraft:clay_ball":4,"minecraft:recovery_compass":1,"minecraft:salmon":1,"minecraft:diamond_pickaxe":1,"minecraft:oak_sapling":2,"minecraft:azalea":2}},"DataVersion":3465}