{"stats":{"minecraft:crafted":{"minecraft:crafting_table":1,"minecraft:stick":14,"minecraft:wooden_pickaxe":1,"minecraft:stone_pickaxe":1,"minecraft:torch":8,"minecraft:birch_planks":40,"minecraft:stone_axe":1},"minecraft:mined":{"minecraft:birch_log":7,"minecraft:iron_ore":8,"minecraft:crafting_table":2,"minecraft:granite":1,"minecraft:grass":1,"biomesoplenty:clover":1,"minecraft:coal_ore":41,"minecraft:stone":24,"minecraft:wall_torch":4},"minecraft:used":{"minecraft:stone_pickaxe":60,"minecraft:wooden_pickaxe":18,"minecraft:stone":1,"minecraft:stone_axe":6,"minecraft:torch":9,"minecraft:crafting_table":2,"minecraft:granite":1,"magistuarmory:longbow":42},"minecraft:picked_up":{"minecraft:birch_log":10,"minecraft:crafting_table":2,"minecraft:stick":2,"minecraft:raw_iron":8,"minecraft:stone":1,"minecraft:torch":4,"magistuarmory:longbow":6,"minecraft:grass_block":1,"alexsmobs:animal_dictionary":1,"minecraft:string":2,"minecraft:spider_eye":1,"minecraft:tnt":26,"nyfsquiver:netherite_quiver":2,"minecraft:granite":1,"iceandfire:dread_queen_sword":1,"minecraft:birch_sapling":4,"minecraft:coal":41,"minecraft:cobblestone":24,"minecraft:egg":1},"minecraft:custom":{"minecraft:time_since_rest":4249,"minecraft:interact_with_furnace":3,"minecraft:sprint_one_cm":31037,"minecraft:damage_taken":2415,"minecraft:walk_one_cm":84321,"minecraft:mob_kills":15,"minecraft:damage_dealt":303,"minecraft:swim_one_cm":24912,"minecraft:interact_with_crafting_table":5,"minecraft:fly_one_cm":49159,"minecraft:player_kills":2,"minecraft:open_chest":1,"minecraft:crouch_one_cm":1,"minecraft:play_time":48922,"minecraft:deaths":6,"minecraft:sneak_time":78,"minecraft:walk_under_water_one_cm":5781,"minecraft:jump":641,"minecraft:leave_game":2,"minecraft:time_since_death":4212,"minecraft:walk_on_water_one_cm":3573,"minecraft:total_world_time":48922,"minecraft:fall_one_cm":28752},"minecraft:killed":{"minecraft:skeleton":3,"minecraft:zombie":3,"minecraft:spider":1,"alexsmobs:bison":1,"alexsmobs:fly":1,"minecraft:creeper":3,"minecraft:cow":2},"minecraft:killed_by":{"minecraft:player":2,"minecraft:spider":1}},"DataVersion":3465}