{"stats":{"minecraft:killed_by":{"minecraft:creeper":1,"minecraft:zombie":1,"alexsmobs:grizzly_bear":1},"minecraft:mined":{"minecraft:deepslate_diamond_ore":4,"minecraft:oak_fence":32,"minecraft:crafting_table":1,"minecraft:torch":4,"minecraft:grass_block":1,"iceandfire:deepslate_silver_ore":1,"minecraft:deepslate_gold_ore":22,"minecraft:oak_planks":18,"minecraft:wall_torch":5,"minecraft:spawner":1,"minecraft:furnace":1,"minecraft:fire":1,"minecraft:deepslate_lapis_ore":10,"minecraft:oak_log":21,"minecraft:coal_ore":2,"minecraft:deepslate_iron_ore":28,"minecraft:cobweb":31,"minecraft:stone":4,"minecraft:oak_leaves":11,"minecraft:deepslate":78},"minecraft:used":{"minecraft:cooked_mutton":5,"minecraft:stone_sword":127,"minecraft:stone_pickaxe":97,"minecraft:chest":1,"minecraft:shield":38,"minecraft:iron_sword":11,"minecraft:rotten_flesh":10,"minecraft:torch":29,"minecraft:glow_berries":5,"minecraft:dirt":1,"minecraft:crafting_table":3,"magistuarmory:rustedhalfarmor_chestplate":1,"minecraft:bread":3,"minecraft:iron_pickaxe":60,"minecraft:stone_axe":60,"minecraft:wooden_sword":11,"minecraft:furnace":3,"minecraft:cooked_beef":2,"minecraft:cobbled_deepslate":30},"minecraft:crafted":{"minecraft:cooked_beef":3,"minecraft:wooden_sword":1,"minecraft:oak_planks":80,"minecraft:crafting_table":2,"minecraft:iron_sword":1,"minecraft:stone_axe":1,"minecraft:cooked_mutton":3,"minecraft:shield":1,"minecraft:stick":32,"minecraft:iron_ingot":9,"minecraft:iron_pickaxe":1,"minecraft:stone_pickaxe":1,"minecraft:stone_sword":2,"minecraft:chest":1,"minecraft:torch":8},"minecraft:killed":{"minecraft:spider":1,"minecraft:creeper":1,"minecraft:sheep":14,"minecraft:skeleton":4,"alexsmobs:catfish":3,"minecraft:zombie":6,"alexsmobs:cockroach":1,"minecraft:cow":2},"minecraft:picked_up":{"minecraft:wooden_axe":1,"minecraft:crafting_table":4,"magistuarmory:rustedhalfarmor_chestplate":1,"minecraft:chicken":4,"minecraft:brown_wool":1,"minecraft:leather":6,"minecraft:wooden_pickaxe":2,"minecraft:oak_log":20,"minecraft:gunpowder":3,"minecraft:lapis_lazuli":70,"minecraft:string":28,"minecraft:dirt":11,"minecraft:cooked_mutton":3,"minecraft:bone":3,"minecraft:cobbled_deepslate":73,"minecraft:raw_gold":21,"minecraft:beef":10,"minecraft:iron_ingot":2,"minecraft:stone_pickaxe":3,"minecraft:light_gray_wool":1,"minecraft:oak_planks":78,"minecraft:furnace":3,"minecraft:stick":19,"minecraft:raw_iron":28,"minecraft:oak_fence":32,"minecraft:torch":10,"minecraft:white_bed":1,"alexsmobs:animal_dictionary":1,"minecraft:arrow":2,"alexsmobs:raw_catfish":5,"minecraft:stone_sword":2,"minecraft:rotten_flesh":14,"minecraft:diamond":4,"minecraft:stone_axe":1,"minecraft:gray_wool":2,"minecraft:oak_sapling":5,"minecraft:black_wool":1,"minecraft:mutton":31,"minecraft:coal":2,"minecraft:white_wool":15,"iceandfire:raw_silver":1,"minecraft:cobblestone":27},"minecraft:broken":{"minecraft:stone_sword":1},"minecraft:custom":{"minecraft:interact_with_furnace":33,"minecraft:mob_kills":33,"minecraft:interact_with_crafting_table":11,"minecraft:leave_game":2,"minecraft:time_since_death":476,"minecraft:sleep_in_bed":1,"minecraft:time_since_rest":562,"minecraft:sprint_one_cm":323394,"minecraft:damage_taken":2210,"minecraft:walk_one_cm":271433,"minecraft:damage_blocked_by_shield":2414,"minecraft:drop":46,"minecraft:damage_dealt":4758,"minecraft:swim_one_cm":7783,"minecraft:fly_one_cm":126657,"minecraft:open_chest":9,"minecraft:crouch_one_cm":757,"minecraft:play_time":81757,"minecraft:deaths":5,"minecraft:sneak_time":371,"minecraft:walk_under_water_one_cm":7833,"minecraft:jump":1215,"minecraft:walk_on_water_one_cm":32392,"minecraft:total_world_time":81757,"minecraft:fall_one_cm":29306},"minecraft:dropped":{"minecraft:cooked_beef":1,"minecraft:stone_sword":2,"minecraft:crafting_table":1,"minecraft:chicken":4,"minecraft:rotten_flesh":1,"minecraft:oak_planks":21,"minecraft:cooked_mutton":1,"minecraft:white_bed":1,"minecraft:dirt":10,"minecraft:gray_wool":1,"minecraft:wooden_axe":1,"minecraft:stone_pickaxe":1,"minecraft:wooden_pickaxe":1}},"DataVersion":3465}