{"stats":{"minecraft:killed_by":{"minecraft:zombie_villager":1,"iceandfire:cyclops":5,"minecraft:piglin_brute":1,"minecraft:creeper":1,"alexsmobs:murmur_head":5,"alexsmobs:rhinoceros":1,"minecraft:zombie":7,"alexsmobs:grizzly_bear":1,"iceandfire:fire_dragon":2,"minecraft:iron_golem":2,"iceandfire:gorgon":3,"minecraft:skeleton":15,"iceandfire:ghost":6},"minecraft:mined":{"minecraft:white_bed":5,"minecraft:oak_sapling":21,"minecraft:cobblestone_stairs":1,"minecraft:jungle_leaves":2,"minecraft:grass_block":265,"minecraft:composter":2,"minecraft:nether_wart":32,"minecraft:spawner":1,"minecraft:tall_seagrass":1,"minecraft:iron_ore":42,"minecraft:sticky_piston":1,"minecraft:fire":58,"minecraft:pumpkin":1,"minecraft:deepslate_lapis_ore":10,"iceandfire:gold_pile":1,"minecraft:oak_sign":1,"minecraft:dirt_path":14,"iceandfire:chared_cobblestone":1,"minecraft:piston_head":1,"minecraft:soul_fire":1,"minecraft:torch":10,"minecraft:poppy":1,"minecraft:melon":47,"iceandfire:ghost_chest":4,"minecraft:chest":2,"minecraft:cobblestone":5,"minecraft:oak_planks":54,"minecraft:sugar_cane":26,"minecraft:wall_torch":23,"minecraft:skeleton_skull":1,"minecraft:seagrass":1,"minecraft:wheat":12,"minecraft:black_bed":1,"minecraft:grass":378,"minecraft:oak_log":577,"minecraft:beetroots":1,"minecraft:sand":12,"minecraft:dirt":324,"minecraft:oak_leaves":198,"minecraft:deepslate":78,"biomesoplenty:reed":5,"iceandfire:chared_stone":1,"minecraft:diamond_ore":1,"iceandfire:silver_ore":39,"minecraft:deepslate_diamond_ore":4,"minecraft:oak_door":2,"biomesoplenty:bush":8,"minecraft:allium":1,"iceandfire:deepslate_silver_ore":1,"minecraft:mangrove_propagule":1,"minecraft:large_fern":1,"minecraft:hay_block":30,"minecraft:oak_trapdoor":4,"minecraft:furnace":4,"minecraft:carrots":91,"minecraft:gold_block":1,"minecraft:bookshelf":20,"minecraft:deepslate_iron_ore":28,"minecraft:rail":512,"minecraft:stripped_oak_log":1,"minecraft:bamboo_sapling":1,"minecraft:bamboo":610,"minecraft:stone":219,"minecraft:oak_slab":7,"minecraft:acacia_leaves":2,"minecraft:dandelion":1,"minecraft:oak_fence":32,"minecraft:crafting_table":8,"minecraft:emerald_ore":14,"minecraft:copper_ore":1,"minecraft:stone_slab":1,"minecraft:tall_grass":6,"minecraft:deepslate_gold_ore":22,"minecraft:diorite":8,"minecraft:sweet_berry_bush":3,"minecraft:spruce_log":7,"minecraft:coal_ore":115,"minecraft:cobweb":42,"minecraft:stone_bricks":5,"minecraft:mossy_stone_bricks":2,"minecraft:gold_ore":5,"minecraft:fern":1},"minecraft:used":{"magistuarmory:corruptedroundshield":8,"magistuarmory:rustedchainmail_boots":1,"minecraft:oak_sign":11,"minecraft:poppy":2,"minecraft:diamond_hoe":18,"minecraft:chest":9,"minecraft:shield":332,"minecraft:iron_sword":11,"minecraft:nether_wart":36,"minecraft:rotten_flesh":54,"minecraft:soul_sand":1,"minecraft:mutton":1,"minecraft:carrot":161,"minecraft:allium":1,"magistuarmory:rustedhalfarmor_chestplate":2,"magistuarmory:iron_bastardsword":69,"minecraft:lava_bucket":8,"alexsmobs:lobster_tail":1,"iceandfire:blindfold":2,"magistuarmory:silver_bastardsword":101,"iceandfire:chared_stone":1,"minecraft:oak_sapling":354,"minecraft:furnace":7,"magistuarmory:rusted_bastardsword":31,"minecraft:beetroot_seeds":1,"minecraft:skeleton_skull":1,"minecraft:egg":1,"magistuarmory:rustedchainmail_leggings":1,"minecraft:mossy_stone_bricks":1,"minecraft:diorite":2,"minecraft:leather_leggings":1,"minecraft:diamond_boots":1,"minecraft:stone_pickaxe":800,"minecraft:oak_planks":29,"minecraft:wooden_pickaxe":22,"minecraft:composter":2,"minecraft:sugar_cane":2,"minecraft:glow_berries":5,"iceandfire:silver_axe":1,"magistuarmory:longbow":69,"iceandfire:silver_pickaxe":267,"minecraft:stone_button":4,"minecraft:melon_slice":51,"minecraft:bread":57,"iceandfire:chared_cobblestone":1,"minecraft:diamond_sword":26,"minecraft:wooden_sword":11,"minecraft:oak_boat":31,"minecraft:experience_bottle":3,"minecraft:bone_meal":192,"minecraft:cobweb":6,"minecraft:oak_trapdoor":7,"minecraft:rose_bush":1,"minecraft:stone_sword":619,"magistuarmory:rustedcrusader_chestplate":2,"minecraft:stone_shovel":459,"minecraft:wooden_shovel":243,"minecraft:cooked_salmon":7,"minecraft:cooked_chicken":30,"minecraft:oak_door":3,"minecraft:torch":82,"minecraft:dirt":576,"minecraft:anvil":1,"minecraft:hopper":4,"minecraft:iron_axe":186,"minecraft:iron_boots":4,"minecraft:bamboo":9,"minecraft:beef":1,"minecraft:minecart":28,"minecraft:cooked_beef":3,"minecraft:cobbled_deepslate":30,"magistuarmory:maximilian_leggings":1,"minecraft:wheat_seeds":32,"minecraft:cooked_mutton":16,"alexsmobs:cooked_catfish":2,"minecraft:water_bucket":32,"minecraft:cobblestone_stairs":1,"minecraft:cobblestone_slab":4,"minecraft:rail":551,"minecraft:oak_slab":11,"minecraft:crafting_table":16,"minecraft:white_bed":8,"minecraft:oak_log":8,"minecraft:dark_prismarine":1,"minecraft:iron_pickaxe":77,"magistuarmory:rustedbarbute":1,"minecraft:stone_axe":1467,"minecraft:cobblestone":23,"minecraft:cooked_porkchop":4,"minecraft:bucket":44,"minecraft:diamond_leggings":1},"minecraft:crafted":{"minecraft:oak_planks":2164,"minecraft:cobblestone_slab":6,"minecraft:oak_sign":18,"xtraarrows:diamond_arrow":180,"minecraft:cooked_chicken":32,"minecraft:stone":8,"minecraft:bookshelf":1,"magistuarmory:silver_shortsword":4,"magistuarmory:iron_shortsword":2,"minecraft:cooked_mutton":14,"alexsmobs:roadrunner_feather":4,"minecraft:hopper":8,"minecraft:melon_seeds":1,"minecraft:chest":17,"alexsmobs:cooked_catfish":2,"minecraft:rail":48,"minecraft:stone_hoe":1,"iceandfire:silver_axe":2,"xtraarrows:iron_arrow":58,"minecraft:oak_slab":12,"minecraft:wooden_shovel":5,"minecraft:arrow":368,"minecraft:emerald":258,"minecraft:cooked_porkchop":35,"minecraft:crafting_table":9,"iceandfire:blindfold":2,"minecraft:spruce_planks":40,"minecraft:wooden_pickaxe":2,"magistuarmory:silver_bastardsword":4,"minecraft:tnt":1,"minecraft:lectern":1,"xtraarrows:netherite_explosive_arrow":135,"minecraft:book":4,"minecraft:paper":9,"nyfsquiver:iron_quiver":3,"minecraft:shield":9,"minecraft:stick":7232,"minecraft:iron_ingot":111,"minecraft:iron_pickaxe":5,"minecraft:iron_block":3,"minecraft:stone_sword":5,"minecraft:gold_ingot":55,"magistuarmory:leather_strip":24,"minecraft:wooden_sword":1,"minecraft:oak_door":3,"minecraft:stone_shovel":4,"minecraft:iron_nugget":2,"minecraft:furnace":2,"minecraft:stone_button":8,"magistuarmory:longbow":6,"minecraft:oak_trapdoor":4,"magistuarmory:hilt":24,"minecraft:ladder":3,"minecraft:stone_pickaxe":7,"magistuarmory:iron_bastardsword":2,"minecraft:minecart":2,"minecraft:cooked_beef":32,"iceandfire:silver_ingot":25,"nyfsquiver:gold_quiver":3,"minecraft:iron_sword":2,"minecraft:cooked_salmon":9,"minecraft:bucket":5,"magistuarmory:rustedchainmail_leggings":2,"minecraft:stone_axe":13,"minecraft:air":0,"minecraft:bread":60,"minecraft:oak_boat":5,"nyfsquiver:basic_quiver":5,"minecraft:anvil":1,"minecraft:white_bed":5,"minecraft:torch":40,"iceandfire:silver_pickaxe":3,"magistuarmory:rustedcrusader_chestplate":1},"minecraft:killed":{"alexsmobs:lobster":1,"minecraft:zombified_piglin":1,"minecraft:spider":27,"iceandfire:gorgon":1,"minecraft:skeleton":36,"minecraft:chicken":37,"minecraft:piglin_brute":3,"minecraft:pig":35,"minecraft:zombie_villager":1,"minecraft:salmon":9,"alexsmobs:seal":4,"minecraft:iron_golem":2,"minecraft:creeper":18,"minecraft:sheep":37,"minecraft:trader_llama":1,"minecraft:goat":1,"minecraft:zombie":70,"alexsmobs:terrapin":1,"alexsmobs:maned_wolf":1,"minecraft:cow":21,"alexsmobs:raccoon":8,"alexsmobs:tasmanian_devil":2,"minecraft:horse":3,"alexsmobs:blue_jay":1,"iceandfire:cyclops":1,"alexsmobs:emu":2,"alexsmobs:catfish":4,"alexsmobs:cockroach":1,"iceandfire:ghost":12,"alexsmobs:gazelle":2,"alexsmobs:crow":2},"minecraft:picked_up":{"minecraft:wooden_axe":1,"minecraft:wheat":66,"minecraft:chainmail_boots":7,"minecraft:stone_slab":1,"minecraft:lead":17,"minecraft:diamond_sword":3,"minecraft:oak_stairs":3,"minecraft:amethyst_block":12,"iceandfire:manuscript":4,"minecraft:string":225,"minecraft:raw_copper":12,"minecraft:cooked_salmon":12,"minecraft:sticky_piston":6,"alexsmobs:emu_feather":30,"minecraft:diamond_leggings":9,"minecraft:gold_nugget":85,"minecraft:cobbled_deepslate":80,"minecraft:rose_bush":1,"minecraft:wooden_shovel":1,"minecraft:iron_pickaxe":26,"alexsmobs:raccoon_tail":2,"minecraft:melon_slice":441,"minecraft:iron_boots":19,"minecraft:furnace":13,"minecraft:stick":455,"iceandfire:ghost_chest":7,"minecraft:composter":2,"minecraft:oak_fence":32,"minecraft:torch":125,"minecraft:porkchop":249,"minecraft:diorite":8,"magistuarmory:rustedcrusader_chestplate":5,"minecraft:stone_sword":15,"minecraft:rotten_flesh":171,"magistuarmory:maximilian_leggings":2,"alexsmobs:lobster_tail":3,"minecraft:cobblestone":534,"magistuarmory:rustedchainmail_boots":1,"minecraft:feather":96,"minecraft:water_bucket":19,"minecraft:andesite":96,"minecraft:black_bed":1,"minecraft:brown_wool":1,"magistuarmory:hilt":35,"minecraft:tuff":1,"minecraft:lapis_lazuli":70,"minecraft:dirt":1209,"minecraft:name_tag":8,"minecraft:bone":94,"nyfsquiver:basic_quiver":3,"minecraft:bow":5,"minecraft:wheat_seeds":95,"minecraft:raw_gold":28,"minecraft:mossy_stone_bricks":24,"nyfsquiver:gold_quiver":18,"minecraft:glowstone_dust":1,"minecraft:bamboo":6390,"minecraft:oak_planks":308,"minecraft:cooked_porkchop":41,"minecraft:sand":20,"alexsmobs:animal_dictionary":1,"iceandfire:chared_cobblestone":1,"minecraft:dark_prismarine":1,"minecraft:diamond":5,"magistuarmory:corruptedroundshield":2,"minecraft:bone_meal":26,"minecraft:emerald":305,"minecraft:bread":231,"iceandfire:gorgon_head":1,"minecraft:oak_sapling":726,"iceandfire:raw_silver":71,"iceandfire:dragon_skull_lightning":14,"minecraft:crafting_table":22,"minecraft:allium":1,"magistuarmory:iron_bastardsword":12,"minecraft:ladder":6,"minecraft:chicken":86,"minecraft:nether_wart":97,"minecraft:leather_leggings":2,"minecraft:wooden_pickaxe":2,"alexsmobs:roadrunner_feather":24,"minecraft:gold_block":1,"minecraft:shield":46,"minecraft:oak_trapdoor":8,"minecraft:iron_axe":33,"minecraft:iron_shovel":1,"minecraft:cracked_stone_bricks":4,"iceandfire:bestiary":1,"minecraft:beef":151,"minecraft:oak_boat":29,"minecraft:iron_nugget":11,"minecraft:poppy":8,"minecraft:light_gray_wool":1,"minecraft:minecart":28,"minecraft:chest":10,"minecraft:sugar_cane":125,"minecraft:diamond_hoe":1,"minecraft:egg":1,"minecraft:raw_iron":322,"iceandfire:dragonbone":188,"minecraft:oak_door":2,"minecraft:copper_ingot":1,"magistuarmory:rustedbarbute":6,"minecraft:fire_charge":2,"magistuarmory:rustedkettlehat":2,"minecraft:carrot":327,"minecraft:redstone":545,"minecraft:tnt":1,"iceandfire:blindfold":4,"iceandfire:silver_ingot":52,"minecraft:arrow":104,"iceandfire:cyclops_eye":3,"minecraft:stone_shovel":2,"minecraft:beetroot_seeds":1,"minecraft:diamond_boots":13,"minecraft:hay_block":85,"minecraft:gold_ingot":33,"minecraft:mutton":101,"minecraft:rail":553,"minecraft:skeleton_skull":8,"minecraft:white_wool":77,"iceandfire:silver_axe":8,"minecraft:stripped_oak_log":1,"magistuarmory:rustedhalfarmor_chestplate":7,"minecraft:clock":2,"minecraft:glow_ink_sac":3,"minecraft:salmon":9,"minecraft:leather":80,"minecraft:filled_map":8,"minecraft:oak_log":1132,"minecraft:chainmail_chestplate":2,"iceandfire:ectoplasm":25,"minecraft:gunpowder":36,"minecraft:cobblestone_stairs":1,"minecraft:cooked_mutton":10,"minecraft:apple":124,"minecraft:stone_bricks":50,"magistuarmory:gothic_leggings":1,"minecraft:iron_ingot":341,"minecraft:stone_pickaxe":24,"minecraft:cooked_chicken":23,"minecraft:cobweb":6,"minecraft:iron_sword":2,"minecraft:soul_sand":1,"minecraft:book":60,"iceandfire:chared_stone":1,"minecraft:oak_slab":27,"minecraft:sweet_berries":8,"minecraft:pumpkin":2,"magistuarmory:rustedchainmail_chestplate":3,"minecraft:stone_brick_slab":12,"minecraft:dandelion":1,"magistuarmory:longbow":20,"magistuarmory:silver_bastardsword":33,"minecraft:spruce_sapling":5,"minecraft:white_bed":12,"minecraft:spruce_log":10,"magistuarmory:rustedchainmail_leggings":15,"minecraft:spider_eye":16,"iceandfire:silver_pickaxe":15,"alexsmobs:raw_catfish":13,"minecraft:stone_axe":24,"magistuarmory:rusted_bastardsword":9,"minecraft:chainmail_leggings":2,"magistuarmory:rustedcrusader_boots":4,"minecraft:gray_wool":2,"minecraft:black_wool":1,"minecraft:mangrove_propagule":1,"minecraft:coal":892},"minecraft:broken":{"minecraft:wooden_shovel":4,"minecraft:stone_pickaxe":4,"minecraft:stone_axe":11,"minecraft:stone_shovel":3,"magistuarmory:rustedchainmail_boots":1,"minecraft:chainmail_leggings":1,"minecraft:stone_sword":3,"magistuarmory:rustedkettlehat":1,"magistuarmory:corruptedroundshield":1,"magistuarmory:rustedcrusader_chestplate":1,"minecraft:shield":3,"magistuarmory:rustedchainmail_chestplate":2,"minecraft:iron_axe":1,"magistuarmory:rusted_bastardsword":3,"magistuarmory:rustedchainmail_leggings":1},"minecraft:custom":{"minecraft:interact_with_crafting_table":175,"minecraft:leave_game":9,"minecraft:time_since_death":75009,"minecraft:sprint_one_cm":2707876,"minecraft:damage_blocked_by_shield":2147483647,"minecraft:drop":648,"minecraft:talked_to_villager":248,"minecraft:play_time":918093,"minecraft:deaths":56,"minecraft:jump":14028,"minecraft:interact_with_brewingstand":2,"minecraft:walk_on_water_one_cm":157713,"minecraft:interact_with_furnace":139,"minecraft:traded_with_villager":368,"minecraft:sleep_in_bed":30,"minecraft:damage_dealt":42612,"minecraft:player_kills":1,"minecraft:crouch_one_cm":3380,"minecraft:horse_one_cm":969,"minecraft:interact_with_anvil":2,"minecraft:mob_kills":358,"minecraft:inspect_hopper":1,"minecraft:climb_one_cm":9781,"minecraft:walk_one_cm":2463845,"minecraft:sneak_time":2581,"minecraft:walk_under_water_one_cm":129201,"minecraft:boat_one_cm":155,"minecraft:total_world_time":918093,"minecraft:time_since_rest":7162,"minecraft:damage_taken":2147483647,"minecraft:swim_one_cm":175263,"minecraft:fly_one_cm":2895158,"minecraft:open_chest":481,"minecraft:fall_one_cm":376777},"minecraft:dropped":{"minecraft:porkchop":2,"minecraft:cooked_beef":1,"minecraft:oak_log":193,"minecraft:crafting_table":1,"magistuarmory:longbow":1,"minecraft:dirt":20,"iceandfire:blindfold":1,"minecraft:stone_button":8,"minecraft:iron_pickaxe":2,"minecraft:white_wool":4,"minecraft:stone_axe":1,"minecraft:rotten_flesh":18,"minecraft:oak_planks":30,"minecraft:cooked_mutton":1,"minecraft:white_bed":1,"minecraft:carrot":150,"minecraft:arrow":5,"iceandfire:silver_pickaxe":1,"minecraft:iron_ingot":26,"magistuarmory:iron_bastardsword":2,"minecraft:wheat_seeds":6,"minecraft:mangrove_propagule":1,"minecraft:copper_ingot":1,"minecraft:gray_wool":1,"minecraft:diorite":4,"minecraft:wooden_axe":1,"minecraft:melon_slice":1,"minecraft:iron_axe":1,"minecraft:string":1,"nyfsquiver:gold_quiver":1,"minecraft:bucket":1,"nyfsquiver:basic_quiver":1,"iceandfire:dragonbone":13,"minecraft:stone_sword":3,"minecraft:sticky_piston":2,"minecraft:chicken":4,"minecraft:iron_boots":1,"magistuarmory:silver_bastardsword":1,"magistuarmory:hilt":1,"minecraft:diamond_sword":1,"minecraft:hay_block":5,"minecraft:mossy_stone_bricks":1,"minecraft:oak_sapling":145,"minecraft:spider_eye":1,"minecraft:stone_bricks":1,"minecraft:bamboo":1,"minecraft:stone_pickaxe":2,"minecraft:wooden_pickaxe":2}},"DataVersion":3465}