{"stats":{"minecraft:broken":{"minecraft:wooden_shovel":4,"minecraft:stone_pickaxe":1,"minecraft:stone_axe":2,"minecraft:stone_sword":3,"magistuarmory:rustedkettlehat":1,"magistuarmory:corruptedroundshield":1,"magistuarmory:rustedcrusader_chestplate":1,"minecraft:shield":3,"magistuarmory:rustedchainmail_chestplate":1,"magistuarmory:rusted_bastardsword":2,"magistuarmory:rustedchainmail_leggings":1},"minecraft:picked_up":{"minecraft:wooden_axe":1,"minecraft:wheat":22,"minecraft:chainmail_boots":7,"minecraft:stone_slab":1,"minecraft:oak_stairs":3,"minecraft:amethyst_block":12,"iceandfire:manuscript":4,"minecraft:string":90,"minecraft:raw_copper":10,"minecraft:cooked_salmon":12,"minecraft:sticky_piston":6,"alexsmobs:emu_feather":26,"minecraft:diamond_leggings":8,"minecraft:gold_nugget":16,"minecraft:cobbled_deepslate":80,"minecraft:rose_bush":1,"minecraft:iron_pickaxe":16,"alexsmobs:raccoon_tail":1,"minecraft:melon_slice":397,"minecraft:furnace":13,"minecraft:iron_boots":9,"minecraft:stick":289,"iceandfire:ghost_chest":7,"minecraft:composter":2,"minecraft:oak_fence":32,"minecraft:torch":63,"minecraft:porkchop":249,"magistuarmory:rustedcrusader_chestplate":5,"minecraft:stone_sword":15,"minecraft:rotten_flesh":94,"alexsmobs:lobster_tail":2,"minecraft:cobblestone":345,"minecraft:feather":60,"minecraft:water_bucket":11,"minecraft:andesite":96,"minecraft:black_bed":1,"minecraft:brown_wool":1,"magistuarmory:hilt":13,"minecraft:tuff":1,"minecraft:lapis_lazuli":70,"minecraft:dirt":830,"minecraft:name_tag":5,"minecraft:bone":68,"nyfsquiver:basic_quiver":3,"minecraft:bow":4,"minecraft:wheat_seeds":47,"minecraft:raw_gold":23,"minecraft:glowstone_dust":1,"minecraft:mossy_stone_bricks":24,"nyfsquiver:gold_quiver":6,"minecraft:bamboo":76,"minecraft:oak_planks":245,"minecraft:cooked_porkchop":41,"minecraft:sand":20,"alexsmobs:animal_dictionary":1,"minecraft:dark_prismarine":1,"minecraft:diamond":4,"magistuarmory:corruptedroundshield":2,"minecraft:bone_meal":7,"minecraft:emerald":2,"minecraft:bread":150,"iceandfire:gorgon_head":1,"minecraft:oak_sapling":483,"iceandfire:raw_silver":63,"iceandfire:dragon_skull_lightning":11,"magistuarmory:iron_bastardsword":11,"minecraft:crafting_table":20,"minecraft:allium":1,"minecraft:chicken":86,"minecraft:leather_leggings":2,"minecraft:wooden_pickaxe":2,"minecraft:gold_block":1,"minecraft:shield":34,"minecraft:oak_trapdoor":8,"minecraft:iron_axe":26,"minecraft:cracked_stone_bricks":4,"iceandfire:bestiary":1,"minecraft:beef":145,"minecraft:oak_boat":12,"minecraft:iron_nugget":11,"minecraft:poppy":1,"minecraft:light_gray_wool":1,"minecraft:minecart":9,"minecraft:chest":9,"minecraft:sugar_cane":125,"minecraft:egg":1,"minecraft:raw_iron":295,"iceandfire:dragonbone":175,"minecraft:copper_ingot":1,"magistuarmory:rustedkettlehat":2,"minecraft:carrot":11,"minecraft:redstone":545,"minecraft:tnt":1,"iceandfire:blindfold":3,"iceandfire:silver_ingot":13,"iceandfire:cyclops_eye":2,"minecraft:arrow":89,"minecraft:beetroot_seeds":1,"minecraft:diamond_boots":12,"minecraft:hay_block":85,"minecraft:gold_ingot":20,"minecraft:mutton":101,"minecraft:white_wool":77,"minecraft:skeleton_skull":8,"minecraft:rail":154,"magistuarmory:rustedhalfarmor_chestplate":5,"minecraft:clock":2,"minecraft:salmon":9,"minecraft:leather":56,"minecraft:filled_map":8,"minecraft:oak_log":729,"minecraft:chainmail_chestplate":1,"iceandfire:ectoplasm":22,"minecraft:gunpowder":22,"minecraft:cooked_mutton":10,"minecraft:apple":67,"minecraft:stone_bricks":50,"minecraft:cooked_chicken":23,"minecraft:iron_ingot":163,"minecraft:stone_pickaxe":16,"minecraft:cobweb":6,"minecraft:iron_sword":2,"minecraft:book":60,"minecraft:oak_slab":25,"minecraft:sweet_berries":8,"minecraft:pumpkin":2,"magistuarmory:rustedchainmail_chestplate":1,"minecraft:stone_brick_slab":12,"magistuarmory:longbow":7,"magistuarmory:silver_bastardsword":11,"minecraft:spruce_sapling":5,"minecraft:white_bed":11,"minecraft:spruce_log":10,"magistuarmory:rustedchainmail_leggings":7,"minecraft:spider_eye":8,"iceandfire:silver_pickaxe":7,"alexsmobs:raw_catfish":13,"minecraft:stone_axe":15,"magistuarmory:rusted_bastardsword":5,"magistuarmory:rustedcrusader_boots":1,"minecraft:gray_wool":2,"minecraft:black_wool":1,"minecraft:mangrove_propagule":1,"minecraft:coal":889},"minecraft:killed_by":{"iceandfire:cyclops":5,"minecraft:creeper":1,"alexsmobs:murmur_head":5,"minecraft:zombie":7,"alexsmobs:grizzly_bear":1,"iceandfire:fire_dragon":2,"iceandfire:gorgon":3,"minecraft:skeleton":7,"iceandfire:ghost":4},"minecraft:dropped":{"minecraft:porkchop":2,"minecraft:cooked_beef":1,"minecraft:oak_log":193,"minecraft:crafting_table":1,"minecraft:dirt":19,"magistuarmory:longbow":1,"iceandfire:blindfold":1,"minecraft:iron_pickaxe":2,"minecraft:white_wool":4,"minecraft:stone_axe":1,"minecraft:rotten_flesh":18,"minecraft:oak_planks":30,"minecraft:cooked_mutton":1,"minecraft:white_bed":1,"minecraft:arrow":5,"iceandfire:silver_pickaxe":1,"minecraft:iron_ingot":25,"magistuarmory:iron_bastardsword":2,"minecraft:wheat_seeds":5,"minecraft:mangrove_propagule":1,"minecraft:copper_ingot":1,"minecraft:gray_wool":1,"minecraft:wooden_axe":1,"minecraft:iron_axe":1,"minecraft:string":1,"minecraft:bucket":1,"nyfsquiver:basic_quiver":1,"iceandfire:dragonbone":13,"minecraft:stone_sword":3,"minecraft:sticky_piston":2,"minecraft:chicken":4,"minecraft:iron_boots":1,"magistuarmory:hilt":1,"minecraft:hay_block":5,"minecraft:mossy_stone_bricks":1,"minecraft:oak_sapling":144,"minecraft:stone_bricks":1,"minecraft:spider_eye":1,"minecraft:bamboo":1,"minecraft:stone_pickaxe":1,"minecraft:wooden_pickaxe":2},"minecraft:used":{"magistuarmory:corruptedroundshield":8,"minecraft:chest":6,"minecraft:shield":258,"minecraft:iron_sword":11,"minecraft:rotten_flesh":46,"minecraft:mutton":1,"minecraft:carrot":5,"minecraft:allium":1,"magistuarmory:rustedhalfarmor_chestplate":2,"magistuarmory:iron_bastardsword":57,"iceandfire:blindfold":2,"magistuarmory:silver_bastardsword":54,"minecraft:furnace":7,"minecraft:oak_sapling":46,"magistuarmory:rusted_bastardsword":9,"minecraft:beetroot_seeds":1,"minecraft:skeleton_skull":1,"minecraft:egg":1,"minecraft:mossy_stone_bricks":1,"minecraft:leather_leggings":1,"minecraft:diamond_boots":1,"minecraft:stone_pickaxe":400,"minecraft:oak_planks":3,"minecraft:wooden_pickaxe":22,"minecraft:composter":2,"minecraft:sugar_cane":2,"minecraft:glow_berries":5,"magistuarmory:longbow":16,"iceandfire:silver_pickaxe":221,"minecraft:bread":29,"minecraft:wooden_sword":11,"minecraft:oak_boat":14,"minecraft:cobweb":6,"minecraft:oak_trapdoor":7,"minecraft:rose_bush":1,"minecraft:stone_sword":619,"magistuarmory:rustedcrusader_chestplate":2,"minecraft:wooden_shovel":240,"minecraft:cooked_salmon":7,"minecraft:cooked_chicken":30,"minecraft:torch":63,"minecraft:dirt":129,"minecraft:iron_axe":157,"minecraft:iron_boots":1,"minecraft:bamboo":2,"minecraft:beef":1,"minecraft:minecart":10,"minecraft:cooked_beef":3,"minecraft:cobbled_deepslate":30,"minecraft:cooked_mutton":16,"alexsmobs:cooked_catfish":2,"minecraft:water_bucket":6,"minecraft:rail":186,"minecraft:oak_slab":7,"minecraft:crafting_table":13,"minecraft:white_bed":8,"minecraft:oak_log":8,"minecraft:dark_prismarine":1,"minecraft:iron_pickaxe":67,"minecraft:stone_axe":374,"minecraft:cobblestone":14,"minecraft:cooked_porkchop":4,"minecraft:bucket":7,"minecraft:diamond_leggings":1},"minecraft:killed":{"alexsmobs:lobster":1,"iceandfire:gorgon":1,"minecraft:spider":19,"minecraft:skeleton":23,"minecraft:chicken":37,"minecraft:piglin_brute":1,"minecraft:pig":35,"minecraft:salmon":9,"alexsmobs:seal":4,"minecraft:creeper":12,"minecraft:sheep":37,"minecraft:goat":1,"minecraft:zombie":42,"alexsmobs:terrapin":1,"alexsmobs:maned_wolf":1,"minecraft:cow":21,"alexsmobs:raccoon":6,"alexsmobs:tasmanian_devil":2,"minecraft:horse":2,"alexsmobs:blue_jay":1,"iceandfire:cyclops":1,"alexsmobs:emu":2,"alexsmobs:catfish":4,"alexsmobs:cockroach":1,"iceandfire:ghost":6,"alexsmobs:gazelle":2,"alexsmobs:crow":2},"minecraft:crafted":{"minecraft:oak_planks":304,"minecraft:oak_sign":9,"minecraft:cooked_chicken":32,"minecraft:bookshelf":1,"magistuarmory:silver_shortsword":1,"magistuarmory:iron_shortsword":2,"minecraft:cooked_mutton":14,"minecraft:hopper":4,"minecraft:chest":11,"alexsmobs:cooked_catfish":2,"minecraft:rail":32,"minecraft:stone_hoe":1,"minecraft:oak_slab":12,"minecraft:wooden_shovel":4,"minecraft:cooked_porkchop":35,"minecraft:crafting_table":7,"iceandfire:blindfold":2,"minecraft:spruce_planks":40,"minecraft:wooden_pickaxe":2,"magistuarmory:silver_bastardsword":1,"minecraft:tnt":1,"minecraft:lectern":1,"minecraft:book":3,"minecraft:paper":9,"nyfsquiver:iron_quiver":1,"minecraft:shield":6,"minecraft:stick":72,"minecraft:iron_ingot":83,"minecraft:iron_pickaxe":4,"minecraft:stone_sword":5,"minecraft:gold_ingot":12,"magistuarmory:leather_strip":12,"minecraft:wooden_sword":1,"minecraft:iron_nugget":2,"minecraft:furnace":2,"magistuarmory:longbow":4,"minecraft:oak_trapdoor":4,"magistuarmory:hilt":12,"minecraft:stone_pickaxe":4,"magistuarmory:iron_bastardsword":2,"minecraft:minecart":1,"minecraft:cooked_beef":32,"iceandfire:silver_ingot":18,"nyfsquiver:gold_quiver":1,"minecraft:iron_sword":2,"minecraft:cooked_salmon":9,"minecraft:bucket":2,"magistuarmory:rustedchainmail_leggings":1,"minecraft:stone_axe":4,"minecraft:air":0,"minecraft:oak_boat":2,"nyfsquiver:basic_quiver":3,"minecraft:white_bed":5,"minecraft:torch":24,"iceandfire:silver_pickaxe":1,"magistuarmory:rustedcrusader_chestplate":1},"minecraft:custom":{"minecraft:interact_with_crafting_table":104,"minecraft:leave_game":6,"minecraft:time_since_death":17597,"minecraft:sprint_one_cm":1719215,"minecraft:damage_blocked_by_shield":2147483647,"minecraft:drop":477,"minecraft:talked_to_villager":27,"minecraft:play_time":514329,"minecraft:deaths":40,"minecraft:jump":8211,"minecraft:walk_on_water_one_cm":107592,"minecraft:interact_with_furnace":98,"minecraft:sleep_in_bed":12,"minecraft:damage_dealt":36859,"minecraft:crouch_one_cm":2382,"minecraft:horse_one_cm":889,"minecraft:mob_kills":285,"minecraft:climb_one_cm":9638,"minecraft:walk_one_cm":1411301,"minecraft:sneak_time":1550,"minecraft:walk_under_water_one_cm":72584,"minecraft:boat_one_cm":155,"minecraft:total_world_time":514329,"minecraft:time_since_rest":17626,"minecraft:damage_taken":2147483647,"minecraft:swim_one_cm":167123,"minecraft:fly_one_cm":1646704,"minecraft:open_chest":175,"minecraft:fall_one_cm":220512},"minecraft:mined":{"minecraft:white_bed":5,"minecraft:oak_sapling":9,"minecraft:jungle_leaves":2,"minecraft:grass_block":216,"minecraft:composter":2,"minecraft:spawner":1,"minecraft:tall_seagrass":1,"minecraft:iron_ore":14,"minecraft:sticky_piston":1,"minecraft:fire":3,"minecraft:pumpkin":1,"minecraft:deepslate_lapis_ore":10,"minecraft:dirt_path":2,"minecraft:piston_head":1,"minecraft:torch":7,"minecraft:melon":47,"iceandfire:ghost_chest":4,"minecraft:chest":1,"minecraft:cobblestone":4,"minecraft:sugar_cane":26,"minecraft:oak_planks":23,"minecraft:wall_torch":19,"minecraft:skeleton_skull":1,"minecraft:seagrass":1,"minecraft:black_bed":1,"minecraft:grass":258,"minecraft:oak_log":202,"minecraft:beetroots":1,"minecraft:sand":12,"minecraft:dirt":98,"minecraft:oak_leaves":59,"minecraft:deepslate":78,"biomesoplenty:reed":5,"iceandfire:silver_ore":31,"minecraft:deepslate_diamond_ore":4,"biomesoplenty:bush":8,"minecraft:allium":1,"iceandfire:deepslate_silver_ore":1,"minecraft:mangrove_propagule":1,"minecraft:large_fern":1,"minecraft:hay_block":30,"minecraft:oak_trapdoor":4,"minecraft:furnace":4,"minecraft:carrots":2,"minecraft:gold_block":1,"minecraft:bookshelf":20,"minecraft:deepslate_iron_ore":28,"minecraft:rail":154,"minecraft:bamboo":5,"minecraft:stone":186,"minecraft:oak_slab":5,"minecraft:acacia_leaves":2,"minecraft:oak_fence":32,"minecraft:crafting_table":6,"minecraft:stone_slab":1,"minecraft:tall_grass":2,"minecraft:deepslate_gold_ore":22,"minecraft:sweet_berry_bush":3,"minecraft:spruce_log":7,"minecraft:coal_ore":113,"minecraft:cobweb":39,"minecraft:stone_bricks":5,"minecraft:mossy_stone_bricks":2,"minecraft:fern":1}},"DataVersion":3465}