{"stats":{"minecraft:killed_by":{"alexsmobs:grizzly_bear":1},"minecraft:used":{"minecraft:wooden_sword":11,"minecraft:crafting_table":1},"minecraft:mined":{"minecraft:oak_log":15,"minecraft:oak_leaves":5},"minecraft:crafted":{"minecraft:wooden_sword":1,"minecraft:oak_planks":52,"minecraft:stone_axe":1,"minecraft:crafting_table":2,"minecraft:stick":32,"minecraft:stone_pickaxe":1},"minecraft:killed":{"alexsmobs:catfish":3},"minecraft:picked_up":{"alexsmobs:raw_catfish":5,"minecraft:oak_log":14,"minecraft:cobblestone":7,"minecraft:furnace":1},"minecraft:custom":{"minecraft:time_since_rest":4241,"minecraft:interact_with_furnace":1,"minecraft:deaths":1,"minecraft:play_time":15943,"minecraft:sprint_one_cm":46470,"minecraft:damage_taken":250,"minecraft:walk_one_cm":27280,"minecraft:sneak_time":7,"minecraft:walk_under_water_one_cm":2453,"minecraft:mob_kills":3,"minecraft:jump":139,"minecraft:damage_dealt":445,"minecraft:time_since_death":4212,"minecraft:walk_on_water_one_cm":4682,"minecraft:total_world_time":15943,"minecraft:swim_one_cm":7783,"minecraft:interact_with_crafting_table":3,"minecraft:fall_one_cm":3443,"minecraft:fly_one_cm":20612}},"DataVersion":3465}