{"stats":{"minecraft:killed_by":{"iceandfire:cyclops":5,"minecraft:piglin_brute":1,"minecraft:creeper":1,"alexsmobs:murmur_head":5,"minecraft:zombie":7,"alexsmobs:grizzly_bear":1,"iceandfire:fire_dragon":2,"iceandfire:gorgon":3,"minecraft:skeleton":9,"iceandfire:ghost":6},"minecraft:mined":{"minecraft:white_bed":5,"minecraft:oak_sapling":21,"minecraft:cobblestone_stairs":1,"minecraft:jungle_leaves":2,"minecraft:grass_block":228,"minecraft:composter":2,"minecraft:nether_wart":32,"minecraft:spawner":1,"minecraft:tall_seagrass":1,"minecraft:iron_ore":14,"minecraft:sticky_piston":1,"minecraft:fire":3,"minecraft:pumpkin":1,"minecraft:deepslate_lapis_ore":10,"minecraft:oak_sign":1,"minecraft:dirt_path":3,"minecraft:piston_head":1,"minecraft:torch":7,"minecraft:poppy":1,"minecraft:melon":47,"iceandfire:ghost_chest":4,"minecraft:chest":2,"minecraft:cobblestone":4,"minecraft:sugar_cane":26,"minecraft:oak_planks":50,"minecraft:wall_torch":21,"minecraft:skeleton_skull":1,"minecraft:seagrass":1,"minecraft:black_bed":1,"minecraft:grass":303,"minecraft:oak_log":497,"minecraft:beetroots":1,"minecraft:sand":12,"minecraft:dirt":247,"minecraft:oak_leaves":184,"minecraft:deepslate":78,"biomesoplenty:reed":5,"iceandfire:silver_ore":31,"minecraft:deepslate_diamond_ore":4,"biomesoplenty:bush":8,"minecraft:allium":1,"iceandfire:deepslate_silver_ore":1,"minecraft:mangrove_propagule":1,"minecraft:large_fern":1,"minecraft:hay_block":30,"minecraft:oak_trapdoor":4,"minecraft:furnace":4,"minecraft:carrots":2,"minecraft:gold_block":1,"minecraft:bookshelf":20,"minecraft:deepslate_iron_ore":28,"minecraft:rail":498,"minecraft:stripped_oak_log":1,"minecraft:bamboo_sapling":1,"minecraft:bamboo":305,"minecraft:stone":194,"minecraft:oak_slab":5,"minecraft:acacia_leaves":2,"minecraft:dandelion":1,"minecraft:oak_fence":32,"minecraft:crafting_table":6,"minecraft:stone_slab":1,"minecraft:copper_ore":1,"minecraft:tall_grass":5,"minecraft:deepslate_gold_ore":22,"minecraft:sweet_berry_bush":3,"minecraft:spruce_log":7,"minecraft:coal_ore":113,"minecraft:cobweb":39,"minecraft:stone_bricks":5,"minecraft:mossy_stone_bricks":2,"minecraft:fern":1},"minecraft:used":{"magistuarmory:corruptedroundshield":8,"minecraft:oak_sign":9,"minecraft:chest":9,"minecraft:shield":263,"minecraft:iron_sword":11,"minecraft:nether_wart":36,"minecraft:rotten_flesh":52,"minecraft:mutton":1,"minecraft:carrot":5,"minecraft:allium":1,"magistuarmory:rustedhalfarmor_chestplate":2,"magistuarmory:iron_bastardsword":69,"alexsmobs:lobster_tail":1,"iceandfire:blindfold":2,"magistuarmory:silver_bastardsword":58,"minecraft:oak_sapling":354,"minecraft:furnace":7,"magistuarmory:rusted_bastardsword":9,"minecraft:beetroot_seeds":1,"minecraft:skeleton_skull":1,"minecraft:egg":1,"minecraft:mossy_stone_bricks":1,"minecraft:leather_leggings":1,"minecraft:diamond_boots":1,"minecraft:stone_pickaxe":752,"minecraft:oak_planks":29,"minecraft:wooden_pickaxe":22,"minecraft:composter":2,"minecraft:sugar_cane":2,"minecraft:glow_berries":5,"magistuarmory:longbow":24,"iceandfire:silver_pickaxe":221,"minecraft:melon_slice":51,"minecraft:bread":32,"minecraft:wooden_sword":11,"minecraft:oak_boat":25,"minecraft:cobweb":6,"minecraft:oak_trapdoor":7,"minecraft:rose_bush":1,"minecraft:stone_sword":619,"magistuarmory:rustedcrusader_chestplate":2,"minecraft:wooden_shovel":240,"minecraft:cooked_salmon":7,"minecraft:cooked_chicken":30,"minecraft:torch":64,"minecraft:dirt":466,"minecraft:hopper":4,"minecraft:iron_axe":157,"minecraft:iron_boots":1,"minecraft:bamboo":6,"minecraft:beef":1,"minecraft:minecart":26,"minecraft:cooked_beef":3,"minecraft:cobbled_deepslate":30,"minecraft:cooked_mutton":16,"alexsmobs:cooked_catfish":2,"minecraft:water_bucket":6,"minecraft:cobblestone_stairs":1,"minecraft:rail":501,"minecraft:oak_slab":11,"minecraft:crafting_table":13,"minecraft:white_bed":8,"minecraft:oak_log":8,"minecraft:dark_prismarine":1,"minecraft:iron_pickaxe":67,"minecraft:stone_axe":1117,"minecraft:cobblestone":15,"minecraft:cooked_porkchop":4,"minecraft:bucket":8,"minecraft:diamond_leggings":1},"minecraft:crafted":{"minecraft:oak_planks":1572,"minecraft:oak_sign":18,"xtraarrows:diamond_arrow":60,"minecraft:cooked_chicken":32,"minecraft:bookshelf":1,"magistuarmory:silver_shortsword":2,"magistuarmory:iron_shortsword":2,"minecraft:cooked_mutton":14,"minecraft:hopper":8,"minecraft:melon_seeds":1,"minecraft:chest":17,"alexsmobs:cooked_catfish":2,"minecraft:rail":48,"minecraft:stone_hoe":1,"xtraarrows:iron_arrow":58,"minecraft:oak_slab":12,"minecraft:wooden_shovel":4,"minecraft:arrow":176,"minecraft:emerald":173,"minecraft:cooked_porkchop":35,"minecraft:crafting_table":7,"iceandfire:blindfold":2,"minecraft:spruce_planks":40,"minecraft:wooden_pickaxe":2,"magistuarmory:silver_bastardsword":2,"minecraft:tnt":1,"minecraft:lectern":1,"xtraarrows:netherite_explosive_arrow":65,"minecraft:book":3,"minecraft:paper":9,"nyfsquiver:iron_quiver":2,"minecraft:shield":6,"minecraft:stick":4495,"minecraft:iron_ingot":89,"minecraft:iron_pickaxe":4,"minecraft:stone_sword":5,"minecraft:gold_ingot":19,"magistuarmory:leather_strip":18,"minecraft:wooden_sword":1,"minecraft:iron_nugget":2,"minecraft:furnace":2,"magistuarmory:longbow":5,"minecraft:oak_trapdoor":4,"magistuarmory:hilt":18,"minecraft:ladder":3,"minecraft:stone_pickaxe":7,"magistuarmory:iron_bastardsword":2,"minecraft:minecart":2,"minecraft:cooked_beef":32,"iceandfire:silver_ingot":18,"nyfsquiver:gold_quiver":2,"minecraft:iron_sword":2,"minecraft:cooked_salmon":9,"minecraft:bucket":3,"magistuarmory:rustedchainmail_leggings":2,"minecraft:stone_axe":10,"minecraft:bread":24,"minecraft:air":0,"minecraft:oak_boat":4,"nyfsquiver:basic_quiver":4,"minecraft:white_bed":5,"minecraft:torch":24,"iceandfire:silver_pickaxe":1,"magistuarmory:rustedcrusader_chestplate":1},"minecraft:killed":{"alexsmobs:lobster":1,"minecraft:zombified_piglin":1,"iceandfire:gorgon":1,"minecraft:spider":20,"minecraft:skeleton":24,"minecraft:chicken":37,"minecraft:piglin_brute":3,"minecraft:pig":35,"minecraft:salmon":9,"alexsmobs:seal":4,"minecraft:creeper":12,"minecraft:sheep":37,"minecraft:goat":1,"minecraft:zombie":44,"alexsmobs:terrapin":1,"alexsmobs:maned_wolf":1,"minecraft:cow":21,"alexsmobs:raccoon":6,"alexsmobs:tasmanian_devil":2,"minecraft:horse":3,"alexsmobs:blue_jay":1,"iceandfire:cyclops":1,"alexsmobs:emu":2,"alexsmobs:catfish":4,"alexsmobs:cockroach":1,"iceandfire:ghost":8,"alexsmobs:gazelle":2,"alexsmobs:crow":2},"minecraft:picked_up":{"minecraft:wooden_axe":1,"minecraft:wheat":44,"minecraft:chainmail_boots":7,"minecraft:stone_slab":1,"minecraft:oak_stairs":3,"minecraft:amethyst_block":12,"iceandfire:manuscript":4,"minecraft:string":178,"minecraft:raw_copper":12,"minecraft:cooked_salmon":12,"minecraft:sticky_piston":6,"alexsmobs:emu_feather":30,"minecraft:diamond_leggings":9,"minecraft:gold_nugget":17,"minecraft:cobbled_deepslate":80,"minecraft:rose_bush":1,"minecraft:iron_pickaxe":19,"alexsmobs:raccoon_tail":1,"minecraft:melon_slice":441,"minecraft:furnace":13,"minecraft:iron_boots":12,"minecraft:stick":430,"iceandfire:ghost_chest":7,"minecraft:composter":2,"minecraft:oak_fence":32,"minecraft:torch":65,"minecraft:porkchop":249,"magistuarmory:rustedcrusader_chestplate":5,"minecraft:stone_sword":15,"minecraft:rotten_flesh":101,"magistuarmory:maximilian_leggings":1,"alexsmobs:lobster_tail":3,"minecraft:cobblestone":406,"minecraft:feather":96,"minecraft:water_bucket":12,"minecraft:andesite":96,"minecraft:black_bed":1,"minecraft:brown_wool":1,"magistuarmory:hilt":29,"minecraft:tuff":1,"minecraft:lapis_lazuli":70,"minecraft:dirt":1061,"minecraft:name_tag":5,"minecraft:bone":70,"nyfsquiver:basic_quiver":3,"minecraft:bow":4,"minecraft:wheat_seeds":57,"minecraft:raw_gold":23,"minecraft:glowstone_dust":1,"minecraft:mossy_stone_bricks":24,"nyfsquiver:gold_quiver":11,"minecraft:bamboo":2993,"minecraft:oak_planks":273,"minecraft:cooked_porkchop":41,"minecraft:sand":20,"alexsmobs:animal_dictionary":1,"minecraft:dark_prismarine":1,"minecraft:diamond":4,"magistuarmory:corruptedroundshield":2,"minecraft:bone_meal":20,"minecraft:emerald":146,"minecraft:bread":154,"iceandfire:gorgon_head":1,"minecraft:oak_sapling":696,"iceandfire:raw_silver":63,"iceandfire:dragon_skull_lightning":14,"minecraft:crafting_table":20,"minecraft:allium":1,"magistuarmory:iron_bastardsword":12,"minecraft:nether_wart":97,"minecraft:chicken":86,"minecraft:ladder":6,"minecraft:leather_leggings":2,"minecraft:wooden_pickaxe":2,"minecraft:gold_block":1,"minecraft:shield":37,"minecraft:oak_trapdoor":8,"minecraft:iron_axe":30,"minecraft:cracked_stone_bricks":4,"iceandfire:bestiary":1,"minecraft:beef":151,"minecraft:oak_boat":23,"minecraft:iron_nugget":11,"minecraft:poppy":2,"minecraft:light_gray_wool":1,"minecraft:minecart":25,"minecraft:chest":10,"minecraft:sugar_cane":125,"minecraft:egg":1,"minecraft:raw_iron":295,"iceandfire:dragonbone":188,"minecraft:copper_ingot":1,"minecraft:fire_charge":2,"magistuarmory:rustedkettlehat":2,"minecraft:carrot":11,"minecraft:redstone":545,"minecraft:tnt":1,"iceandfire:blindfold":4,"iceandfire:silver_ingot":47,"minecraft:arrow":89,"iceandfire:cyclops_eye":3,"minecraft:beetroot_seeds":1,"minecraft:diamond_boots":13,"minecraft:hay_block":85,"minecraft:gold_ingot":33,"minecraft:mutton":101,"minecraft:rail":529,"minecraft:skeleton_skull":8,"minecraft:white_wool":77,"minecraft:stripped_oak_log":1,"magistuarmory:rustedhalfarmor_chestplate":5,"minecraft:clock":2,"minecraft:salmon":9,"minecraft:leather":66,"minecraft:filled_map":8,"minecraft:oak_log":1039,"minecraft:chainmail_chestplate":2,"iceandfire:ectoplasm":25,"minecraft:gunpowder":28,"minecraft:cobblestone_stairs":1,"minecraft:cooked_mutton":10,"minecraft:apple":122,"minecraft:stone_bricks":50,"magistuarmory:gothic_leggings":1,"minecraft:cooked_chicken":23,"minecraft:iron_ingot":269,"minecraft:stone_pickaxe":17,"minecraft:cobweb":6,"minecraft:iron_sword":2,"minecraft:book":60,"minecraft:oak_slab":25,"minecraft:sweet_berries":8,"minecraft:pumpkin":2,"magistuarmory:rustedchainmail_chestplate":1,"minecraft:stone_brick_slab":12,"minecraft:dandelion":1,"magistuarmory:longbow":11,"magistuarmory:silver_bastardsword":16,"minecraft:spruce_sapling":5,"minecraft:white_bed":12,"minecraft:spruce_log":10,"magistuarmory:rustedchainmail_leggings":10,"minecraft:spider_eye":8,"iceandfire:silver_pickaxe":8,"alexsmobs:raw_catfish":13,"minecraft:stone_axe":24,"magistuarmory:rusted_bastardsword":5,"magistuarmory:rustedcrusader_boots":1,"minecraft:gray_wool":2,"minecraft:black_wool":1,"minecraft:mangrove_propagule":1,"minecraft:coal":889},"minecraft:broken":{"minecraft:wooden_shovel":4,"minecraft:stone_pickaxe":3,"minecraft:stone_axe":8,"minecraft:stone_sword":3,"magistuarmory:rustedkettlehat":1,"magistuarmory:corruptedroundshield":1,"magistuarmory:rustedcrusader_chestplate":1,"minecraft:shield":3,"magistuarmory:rustedchainmail_chestplate":1,"magistuarmory:rusted_bastardsword":2,"magistuarmory:rustedchainmail_leggings":1},"minecraft:custom":{"minecraft:interact_with_crafting_table":133,"minecraft:leave_game":8,"minecraft:time_since_death":94759,"minecraft:sprint_one_cm":2119711,"minecraft:damage_blocked_by_shield":2147483647,"minecraft:drop":481,"minecraft:talked_to_villager":211,"minecraft:play_time":708228,"minecraft:deaths":45,"minecraft:jump":10605,"minecraft:interact_with_brewingstand":2,"minecraft:walk_on_water_one_cm":111381,"minecraft:interact_with_furnace":110,"minecraft:traded_with_villager":225,"minecraft:sleep_in_bed":21,"minecraft:damage_dealt":38367,"minecraft:player_kills":1,"minecraft:crouch_one_cm":3038,"minecraft:horse_one_cm":969,"minecraft:mob_kills":296,"minecraft:climb_one_cm":9638,"minecraft:walk_one_cm":1920233,"minecraft:sneak_time":2063,"minecraft:walk_under_water_one_cm":73116,"minecraft:boat_one_cm":155,"minecraft:total_world_time":708228,"minecraft:time_since_rest":438,"minecraft:damage_taken":2147483647,"minecraft:swim_one_cm":172475,"minecraft:fly_one_cm":2124282,"minecraft:open_chest":283,"minecraft:fall_one_cm":280484},"minecraft:dropped":{"minecraft:porkchop":2,"minecraft:cooked_beef":1,"minecraft:oak_log":193,"minecraft:crafting_table":1,"minecraft:dirt":20,"magistuarmory:longbow":1,"iceandfire:blindfold":1,"minecraft:iron_pickaxe":2,"minecraft:white_wool":4,"minecraft:stone_axe":1,"minecraft:rotten_flesh":18,"minecraft:oak_planks":30,"minecraft:cooked_mutton":1,"minecraft:white_bed":1,"minecraft:arrow":5,"iceandfire:silver_pickaxe":1,"minecraft:iron_ingot":25,"magistuarmory:iron_bastardsword":2,"minecraft:wheat_seeds":5,"minecraft:mangrove_propagule":1,"minecraft:copper_ingot":1,"minecraft:gray_wool":1,"minecraft:wooden_axe":1,"minecraft:melon_slice":1,"minecraft:iron_axe":1,"minecraft:string":1,"nyfsquiver:gold_quiver":1,"minecraft:bucket":1,"nyfsquiver:basic_quiver":1,"iceandfire:dragonbone":13,"minecraft:stone_sword":3,"minecraft:sticky_piston":2,"minecraft:chicken":4,"minecraft:iron_boots":1,"magistuarmory:hilt":1,"minecraft:hay_block":5,"minecraft:mossy_stone_bricks":1,"minecraft:oak_sapling":145,"minecraft:spider_eye":1,"minecraft:stone_bricks":1,"minecraft:bamboo":1,"minecraft:stone_pickaxe":1,"minecraft:wooden_pickaxe":2}},"DataVersion":3465}