{"stats":{"minecraft:killed_by":{"minecraft:creeper":1,"alexsmobs:murmur_head":5,"iceandfire:gorgon":3,"minecraft:skeleton":4,"minecraft:zombie":3,"alexsmobs:grizzly_bear":1,"iceandfire:ghost":2},"minecraft:mined":{"minecraft:white_bed":3,"iceandfire:silver_ore":18,"minecraft:deepslate_diamond_ore":4,"minecraft:grass_block":11,"iceandfire:deepslate_silver_ore":1,"minecraft:composter":2,"minecraft:mangrove_propagule":1,"minecraft:spawner":1,"minecraft:hay_block":25,"minecraft:furnace":2,"minecraft:carrots":2,"minecraft:iron_ore":5,"minecraft:sticky_piston":1,"minecraft:fire":2,"minecraft:pumpkin":1,"minecraft:deepslate_lapis_ore":10,"minecraft:bookshelf":20,"minecraft:deepslate_iron_ore":28,"minecraft:stone":87,"minecraft:piston_head":1,"minecraft:oak_fence":32,"minecraft:crafting_table":3,"minecraft:torch":4,"iceandfire:ghost_chest":3,"minecraft:chest":1,"minecraft:cobblestone":2,"minecraft:tall_grass":1,"minecraft:deepslate_gold_ore":22,"minecraft:sugar_cane":19,"minecraft:oak_planks":19,"minecraft:wall_torch":19,"minecraft:skeleton_skull":1,"minecraft:black_bed":1,"minecraft:grass":109,"minecraft:oak_log":53,"minecraft:coal_ore":113,"minecraft:beetroots":1,"minecraft:sand":4,"minecraft:dirt":14,"minecraft:cobweb":39,"minecraft:stone_bricks":4,"minecraft:mossy_stone_bricks":1,"minecraft:oak_leaves":28,"minecraft:deepslate":78,"biomesoplenty:reed":5},"minecraft:used":{"minecraft:stone_sword":426,"minecraft:chest":3,"minecraft:shield":117,"minecraft:iron_sword":11,"minecraft:cooked_salmon":7,"minecraft:cooked_chicken":9,"minecraft:rotten_flesh":20,"minecraft:torch":46,"minecraft:dirt":16,"minecraft:carrot":5,"magistuarmory:rustedhalfarmor_chestplate":1,"minecraft:beef":1,"minecraft:furnace":5,"magistuarmory:rusted_bastardsword":8,"minecraft:beetroot_seeds":1,"minecraft:skeleton_skull":1,"minecraft:egg":1,"minecraft:cooked_beef":2,"minecraft:cobbled_deepslate":30,"minecraft:cooked_mutton":9,"alexsmobs:cooked_catfish":2,"minecraft:mossy_stone_bricks":1,"minecraft:leather_leggings":1,"minecraft:stone_pickaxe":323,"minecraft:wooden_pickaxe":22,"minecraft:composter":2,"minecraft:sugar_cane":2,"minecraft:glow_berries":5,"minecraft:crafting_table":8,"minecraft:white_bed":4,"minecraft:dark_prismarine":1,"minecraft:bread":7,"minecraft:iron_pickaxe":60,"minecraft:stone_axe":165,"minecraft:wooden_sword":11,"minecraft:cobblestone":12,"minecraft:cobweb":6},"minecraft:crafted":{"minecraft:wooden_sword":1,"minecraft:oak_planks":208,"minecraft:cooked_chicken":11,"minecraft:furnace":1,"magistuarmory:longbow":1,"minecraft:cooked_mutton":14,"magistuarmory:hilt":6,"minecraft:stone_pickaxe":3,"minecraft:chest":2,"alexsmobs:cooked_catfish":2,"minecraft:stone_hoe":1,"minecraft:cooked_beef":3,"iceandfire:silver_ingot":14,"minecraft:crafting_table":5,"minecraft:wooden_pickaxe":2,"minecraft:iron_sword":2,"minecraft:cooked_salmon":9,"minecraft:stone_axe":4,"minecraft:air":0,"minecraft:book":1,"minecraft:paper":3,"minecraft:shield":4,"minecraft:stick":68,"minecraft:iron_ingot":14,"minecraft:iron_pickaxe":2,"minecraft:stone_sword":4,"minecraft:white_bed":1,"iceandfire:silver_pickaxe":1,"minecraft:torch":16,"magistuarmory:leather_strip":6},"minecraft:killed":{"alexsmobs:raccoon":6,"minecraft:spider":7,"iceandfire:gorgon":1,"minecraft:skeleton":9,"minecraft:horse":2,"minecraft:chicken":11,"minecraft:pig":15,"minecraft:salmon":9,"minecraft:creeper":6,"minecraft:sheep":24,"alexsmobs:catfish":4,"minecraft:goat":1,"minecraft:zombie":11,"alexsmobs:cockroach":1,"iceandfire:ghost":1,"alexsmobs:gazelle":2,"alexsmobs:crow":1,"minecraft:cow":3},"minecraft:picked_up":{"minecraft:wooden_axe":1,"iceandfire:dragon_skull_lightning":1,"minecraft:crafting_table":10,"minecraft:chicken":35,"minecraft:leather_leggings":2,"minecraft:wooden_pickaxe":2,"minecraft:shield":7,"iceandfire:manuscript":4,"minecraft:string":54,"minecraft:cooked_salmon":12,"minecraft:sticky_piston":6,"minecraft:cracked_stone_bricks":4,"minecraft:cobbled_deepslate":78,"minecraft:beef":11,"minecraft:light_gray_wool":1,"minecraft:iron_pickaxe":2,"alexsmobs:raccoon_tail":1,"minecraft:sugar_cane":46,"minecraft:chest":1,"minecraft:furnace":8,"minecraft:egg":1,"iceandfire:dragonbone":18,"minecraft:stick":50,"minecraft:raw_iron":33,"iceandfire:ghost_chest":6,"minecraft:composter":2,"minecraft:oak_fence":32,"minecraft:torch":34,"minecraft:porkchop":92,"magistuarmory:rustedkettlehat":2,"minecraft:carrot":11,"minecraft:stone_sword":11,"minecraft:arrow":45,"minecraft:rotten_flesh":29,"minecraft:beetroot_seeds":1,"minecraft:hay_block":75,"minecraft:mutton":51,"minecraft:skeleton_skull":8,"minecraft:white_wool":31,"minecraft:cobblestone":178,"minecraft:feather":30,"magistuarmory:rustedhalfarmor_chestplate":1,"minecraft:salmon":9,"minecraft:brown_wool":1,"minecraft:black_bed":1,"minecraft:leather":9,"minecraft:filled_map":3,"magistuarmory:hilt":12,"minecraft:oak_log":52,"iceandfire:ectoplasm":12,"minecraft:gunpowder":12,"minecraft:lapis_lazuli":70,"minecraft:dirt":55,"minecraft:cooked_mutton":10,"minecraft:bone":22,"minecraft:apple":10,"minecraft:stone_bricks":49,"minecraft:bow":3,"minecraft:wheat_seeds":7,"minecraft:raw_gold":21,"minecraft:cooked_chicken":14,"minecraft:iron_ingot":17,"minecraft:stone_pickaxe":11,"minecraft:cobweb":6,"minecraft:mossy_stone_bricks":23,"minecraft:glowstone_dust":1,"minecraft:iron_sword":2,"minecraft:oak_planks":197,"minecraft:book":60,"minecraft:pumpkin":1,"minecraft:stone_brick_slab":12,"minecraft:sand":4,"minecraft:white_bed":8,"magistuarmory:rustedchainmail_leggings":1,"minecraft:spider_eye":1,"alexsmobs:animal_dictionary":1,"minecraft:dark_prismarine":1,"iceandfire:silver_pickaxe":2,"alexsmobs:raw_catfish":13,"minecraft:diamond":4,"minecraft:stone_axe":8,"magistuarmory:rusted_bastardsword":4,"minecraft:bone_meal":7,"minecraft:gray_wool":2,"minecraft:bread":2,"minecraft:mangrove_propagule":1,"iceandfire:gorgon_head":1,"minecraft:oak_sapling":71,"minecraft:black_wool":1,"minecraft:coal":569,"iceandfire:raw_silver":43},"minecraft:broken":{"minecraft:stone_sword":1,"magistuarmory:rustedkettlehat":1,"magistuarmory:rusted_bastardsword":1,"magistuarmory:rustedchainmail_leggings":1},"minecraft:custom":{"minecraft:mob_kills":119,"minecraft:interact_with_crafting_table":44,"minecraft:leave_game":3,"minecraft:time_since_death":29579,"minecraft:climb_one_cm":5349,"minecraft:sprint_one_cm":851234,"minecraft:walk_one_cm":675132,"minecraft:damage_blocked_by_shield":2147483647,"minecraft:drop":52,"minecraft:talked_to_villager":4,"minecraft:play_time":226232,"minecraft:deaths":23,"minecraft:sneak_time":1067,"minecraft:walk_under_water_one_cm":53128,"minecraft:jump":4085,"minecraft:walk_on_water_one_cm":71657,"minecraft:total_world_time":226232,"minecraft:interact_with_furnace":53,"minecraft:sleep_in_bed":7,"minecraft:time_since_rest":29608,"minecraft:damage_taken":2147483647,"minecraft:damage_dealt":16093,"minecraft:swim_one_cm":96932,"minecraft:fly_one_cm":721168,"minecraft:open_chest":37,"minecraft:crouch_one_cm":1507,"minecraft:fall_one_cm":102936,"minecraft:horse_one_cm":889},"minecraft:dropped":{"minecraft:wheat_seeds":1,"minecraft:cooked_beef":1,"minecraft:crafting_table":1,"minecraft:mangrove_propagule":1,"minecraft:dirt":10,"minecraft:gray_wool":1,"minecraft:wooden_axe":1,"minecraft:stone_sword":3,"minecraft:sticky_piston":2,"minecraft:chicken":4,"minecraft:rotten_flesh":1,"minecraft:oak_planks":29,"minecraft:cooked_mutton":1,"minecraft:white_bed":1,"minecraft:wooden_pickaxe":2,"minecraft:stone_pickaxe":1}},"DataVersion":3465}