{"stats":{"minecraft:killed_by":{"minecraft:zombie":1,"alexsmobs:grizzly_bear":1},"minecraft:mined":{"minecraft:crafting_table":1,"minecraft:torch":1,"minecraft:grass_block":1,"minecraft:furnace":1,"minecraft:fire":1,"minecraft:oak_log":21,"minecraft:coal_ore":2,"minecraft:deepslate_iron_ore":2,"minecraft:stone":4,"minecraft:oak_leaves":11,"minecraft:deepslate":3},"minecraft:used":{"minecraft:cooked_mutton":3,"minecraft:stone_sword":44,"minecraft:stone_pickaxe":13,"minecraft:shield":17,"minecraft:rotten_flesh":6,"minecraft:torch":9,"minecraft:crafting_table":2,"magistuarmory:rustedhalfarmor_chestplate":1,"minecraft:stone_axe":8,"minecraft:wooden_sword":11,"minecraft:furnace":1},"minecraft:crafted":{"minecraft:wooden_sword":1,"minecraft:oak_planks":56,"minecraft:crafting_table":2,"minecraft:stone_axe":1,"minecraft:cooked_mutton":1,"minecraft:shield":1,"minecraft:stick":32,"minecraft:stone_pickaxe":1,"minecraft:stone_sword":2,"minecraft:torch":8},"minecraft:killed":{"minecraft:skeleton":2,"alexsmobs:catfish":3,"minecraft:zombie":3,"alexsmobs:cockroach":1,"minecraft:cow":2},"minecraft:picked_up":{"minecraft:wooden_axe":1,"minecraft:crafting_table":4,"magistuarmory:rustedhalfarmor_chestplate":1,"minecraft:chicken":4,"minecraft:leather":6,"minecraft:wooden_pickaxe":2,"minecraft:oak_log":20,"minecraft:gunpowder":2,"minecraft:dirt":11,"minecraft:cooked_mutton":3,"minecraft:bone":2,"minecraft:cobbled_deepslate":3,"minecraft:beef":10,"minecraft:iron_ingot":2,"minecraft:stone_pickaxe":2,"minecraft:oak_planks":62,"minecraft:furnace":3,"minecraft:raw_iron":2,"minecraft:stick":19,"minecraft:torch":1,"minecraft:white_bed":1,"alexsmobs:animal_dictionary":1,"alexsmobs:raw_catfish":5,"minecraft:stone_sword":2,"minecraft:rotten_flesh":9,"minecraft:stone_axe":1,"minecraft:gray_wool":1,"minecraft:oak_sapling":5,"minecraft:coal":2,"minecraft:cobblestone":27},"minecraft:custom":{"minecraft:interact_with_furnace":6,"minecraft:mob_kills":11,"minecraft:interact_with_crafting_table":8,"minecraft:leave_game":2,"minecraft:time_since_death":19676,"minecraft:sleep_in_bed":1,"minecraft:time_since_rest":3902,"minecraft:sprint_one_cm":141094,"minecraft:damage_taken":967,"minecraft:walk_one_cm":114186,"minecraft:damage_blocked_by_shield":1229,"minecraft:drop":44,"minecraft:damage_dealt":2173,"minecraft:swim_one_cm":7783,"minecraft:fly_one_cm":63310,"minecraft:crouch_one_cm":757,"minecraft:play_time":37895,"minecraft:deaths":2,"minecraft:sneak_time":371,"minecraft:walk_under_water_one_cm":2677,"minecraft:jump":635,"minecraft:walk_on_water_one_cm":18551,"minecraft:total_world_time":37895,"minecraft:fall_one_cm":17221},"minecraft:dropped":{"minecraft:stone_sword":2,"minecraft:crafting_table":1,"minecraft:chicken":4,"minecraft:oak_planks":21,"minecraft:cooked_mutton":1,"minecraft:white_bed":1,"minecraft:dirt":10,"minecraft:gray_wool":1,"minecraft:wooden_axe":1,"minecraft:stone_pickaxe":1,"minecraft:wooden_pickaxe":1}},"DataVersion":3465}