{"stats":{"minecraft:broken":{"magistuarmory:rustedcrusader_boots":1,"minecraft:wooden_shovel":4,"minecraft:iron_chestplate":1,"minecraft:golden_sword":1,"minecraft:iron_sword":1,"minecraft:fishing_rod":2,"magistuarmory:rustedchainmail_boots":1,"minecraft:chainmail_leggings":1,"minecraft:stone_sword":3,"magistuarmory:rustedkettlehat":1,"magistuarmory:corruptedroundshield":2,"magistuarmory:rustedgreathelm":1,"minecraft:shield":5,"minecraft:iron_axe":1,"minecraft:wooden_hoe":1,"magistuarmory:rustedbarbute":1,"magistuarmory:rustedchainmail_leggings":2,"minecraft:stone_pickaxe":4,"magistuarmory:rustedchainmail_helmet":1,"minecraft:stone_axe":13,"minecraft:stone_shovel":3,"magistuarmory:rustedcrusader_chestplate":1,"magistuarmory:rustedchainmail_chestplate":2,"magistuarmory:rusted_bastardsword":3},"minecraft:picked_up":{"minecraft:iron_chestplate":15,"minecraft:chainmail_boots":7,"minecraft:anvil":3,"minecraft:prismarine_shard":22,"minecraft:oak_stairs":3,"minecraft:lead":17,"minecraft:stone_slab":1,"minecraft:diamond_sword":3,"biomesoplenty:orange_autumn_sapling":1,"minecraft:enchanted_book":5,"minecraft:golden_sword":6,"minecraft:amethyst_block":12,"magistuarmory:steel_lucernhammer":11,"iceandfire:manuscript":11,"minecraft:string":305,"minecraft:cooked_salmon":236,"biomesoplenty:yellow_autumn_sapling":5,"minecraft:pufferfish":59,"alexsmobs:emu_feather":30,"minecraft:diamond_leggings":9,"minecraft:gold_nugget":85,"minecraft:cobbled_deepslate":80,"minecraft:melon_slice":441,"minecraft:composter":2,"minecraft:acacia_log":2,"magistuarmory:rustedcrusader_chestplate":5,"minecraft:orange_bed":1,"minecraft:stone_sword":15,"minecraft:tropical_fish":11,"alexsmobs:flying_fish_boots":4,"minecraft:blaze_rod":11,"alexsmobs:flying_fish":2,"alexsmobs:lobster_tail":3,"minecraft:birch_log":1,"magistuarmory:rustedchainmail_boots":2,"minecraft:feather":98,"minecraft:water_bucket":30,"minecraft:brown_wool":1,"biomesoplenty:fir_log":8,"minecraft:flint":4,"nyfsquiver:basic_quiver":3,"minecraft:glowstone_dust":1,"iceandfire:shiny_scales":29,"minecraft:ink_sac":28,"minecraft:dark_oak_log":4,"alexsmobs:animal_dictionary":1,"iceandfire:chared_cobblestone":1,"minecraft:deepslate":3,"minecraft:bread":243,"iceandfire:gorgon_head":1,"alexsmobs:maggot":1,"iceandfire:raw_silver":105,"iceandfire:dragon_skull_lightning":18,"minecraft:crafting_table":22,"magistuarmory:iron_bastardsword":12,"iceandfire:witherbone":6,"minecraft:nether_wart":97,"minecraft:leather_leggings":2,"minecraft:flint_and_steel":1,"minecraft:iron_shovel":5,"minecraft:cracked_stone_bricks":5,"iceandfire:bestiary":1,"minecraft:beef":344,"minecraft:iron_nugget":39,"minecraft:poppy":10,"minecraft:minecart":28,"minecraft:chest":10,"minecraft:diamond_hoe":1,"minecraft:egg":2,"magistuarmory:gothic_boots":4,"minecraft:oak_door":2,"magistuarmory:rustedbarbute":7,"minecraft:fire_charge":3,"minecraft:carrot":469,"minecraft:redstone":545,"minecraft:prismarine_crystals":26,"minecraft:tnt":1,"minecraft:stone_shovel":2,"minecraft:cooked_cod":148,"minecraft:beetroot_seeds":1,"minecraft:peony":1,"minecraft:diamond_boots":13,"minecraft:hay_block":317,"minecraft:gold_ingot":47,"minecraft:mutton":158,"minecraft:white_wool":93,"xtraarrows:netherite_soul_torch_arrow":1,"minecraft:rail":553,"minecraft:stripped_oak_log":1,"magistuarmory:rustedhalfarmor_chestplate":7,"minecraft:clock":2,"iceandfire:sea_serpent_fang":115,"minecraft:tripwire_hook":2,"minecraft:filled_map":16,"minecraft:oak_log":1473,"minecraft:lily_pad":6,"magistuarmory:chainmail_horse_armor":3,"minecraft:stone_bricks":52,"minecraft:apple":143,"minecraft:kelp":31,"minecraft:stone_pickaxe":28,"minecraft:cobweb":8,"minecraft:iron_sword":13,"iceandfire:chared_stone":1,"minecraft:sweet_berries":8,"iceandfire:sea_serpent_scales_green":13,"magistuarmory:longbow":20,"magistuarmory:rustednorman_helmet":1,"minecraft:spruce_sapling":6,"minecraft:spruce_log":13,"magistuarmory:rustedchainmail_leggings":27,"biomesoplenty:mahogany_log":2,"biomesoplenty:maple_sapling":6,"minecraft:purple_bed":1,"minecraft:stone_axe":42,"minecraft:diamond_axe":2,"minecraft:gray_wool":2,"minecraft:mangrove_propagule":1,"minecraft:ender_pearl":14,"minecraft:wheat":71,"minecraft:potion":4,"alexsmobs:gazelle_horn":1,"minecraft:raw_copper":12,"iceandfire:sea_serpent_scales_teal":26,"minecraft:iron_leggings":3,"minecraft:sticky_piston":6,"iceandfire:sea_serpent_scales_bronze":24,"biomesoplenty:fir_planks":10,"minecraft:rose_bush":1,"minecraft:calcite":1,"minecraft:wooden_shovel":1,"minecraft:iron_pickaxe":26,"alexsmobs:raccoon_tail":2,"minecraft:iron_boots":32,"minecraft:furnace":13,"minecraft:stick":595,"iceandfire:ghost_chest":9,"minecraft:oak_fence":32,"minecraft:torch":125,"minecraft:spruce_stairs":1,"minecraft:porkchop":250,"minecraft:diorite":8,"alexsmobs:roadrunner_boots":3,"minecraft:rotten_flesh":227,"biomesoplenty:mahogany_sapling":1,"magistuarmory:maximilian_leggings":2,"minecraft:cod":281,"minecraft:cobblestone":553,"minecraft:nautilus_shell":11,"minecraft:andesite":96,"minecraft:black_bed":1,"minecraft:potato":7,"magistuarmory:hilt":40,"minecraft:tuff":1,"minecraft:lapis_lazuli":70,"minecraft:dirt":1265,"minecraft:name_tag":15,"minecraft:leather_boots":3,"minecraft:bone":189,"minecraft:bow":31,"minecraft:wheat_seeds":119,"minecraft:raw_gold":28,"nyfsquiver:gold_quiver":32,"minecraft:mossy_stone_bricks":25,"minecraft:bamboo":6390,"minecraft:oak_planks":369,"biomesoplenty:toadstool":18,"minecraft:cooked_porkchop":41,"minecraft:sand":32,"minecraft:grass_block":2,"magistuarmory:rustedgreathelm":9,"minecraft:dark_prismarine":1,"minecraft:diamond":5,"magistuarmory:corruptedroundshield":10,"minecraft:bone_meal":26,"minecraft:emerald":342,"alexsmobs:banana_slug_slime":26,"minecraft:oak_sapling":828,"minecraft:netherrack":99,"minecraft:fishing_rod":15,"minecraft:allium":1,"minecraft:chicken":86,"minecraft:ladder":6,"xtraarrows:flint_lightning_arrow":1,"minecraft:brown_mushroom":32,"minecraft:wooden_pickaxe":2,"alexsmobs:roadrunner_feather":24,"minecraft:gold_block":3,"minecraft:shield":57,"minecraft:oak_trapdoor":8,"minecraft:iron_axe":33,"minecraft:wooden_sword":3,"minecraft:oak_boat":83,"minecraft:light_gray_wool":1,"minecraft:sugar_cane":125,"minecraft:raw_iron":326,"iceandfire:dragonbone":201,"minecraft:copper_ingot":2,"minecraft:bowl":4,"magistuarmory:rustedkettlehat":2,"minecraft:iron_horse_armor":1,"minecraft:dark_oak_planks":5,"iceandfire:blindfold":4,"iceandfire:cyclops_eye":3,"iceandfire:sea_serpent_scales_purple":84,"iceandfire:silver_ingot":60,"minecraft:arrow":136,"minecraft:golden_hoe":1,"minecraft:saddle":9,"minecraft:skeleton_skull":9,"iceandfire:silver_axe":8,"minecraft:glow_ink_sac":3,"minecraft:salmon":131,"minecraft:leather":181,"alexsmobs:cachalot_whale_tooth":2,"minecraft:chainmail_chestplate":2,"iceandfire:ectoplasm":34,"minecraft:yellow_bed":2,"minecraft:gunpowder":73,"minecraft:cobblestone_stairs":1,"minecraft:cooked_mutton":10,"magistuarmory:gothic_leggings":1,"minecraft:iron_ingot":379,"minecraft:cooked_chicken":27,"minecraft:soul_sand":1,"minecraft:book":60,"minecraft:oak_slab":27,"minecraft:pumpkin":2,"magistuarmory:rustedchainmail_chestplate":5,"minecraft:stone_brick_slab":12,"minecraft:dandelion":1,"magistuarmory:silver_bastardsword":35,"minecraft:white_bed":19,"minecraft:spider_eye":42,"alexsmobs:raw_catfish":13,"iceandfire:silver_pickaxe":31,"magistuarmory:rustedchainmail_helmet":2,"magistuarmory:rusted_bastardsword":13,"minecraft:chainmail_leggings":2,"magistuarmory:rustedcrusader_boots":10,"minecraft:iron_helmet":7,"iceandfire:sea_serpent_scales_red":1,"minecraft:black_wool":1,"minecraft:coal":893,"minecraft:wooden_axe":1},"minecraft:killed_by":{"minecraft:zombie_villager":1,"minecraft:piglin_brute":1,"alexsmobs:rhinoceros":2,"minecraft:zombie":8,"alexsmobs:grizzly_bear":1,"iceandfire:cockatrice":2,"iceandfire:ghost":7,"iceandfire:cyclops":5,"minecraft:creeper":1,"minecraft:drowned":3,"alexsmobs:murmur_head":5,"iceandfire:stymphalian_bird":1,"iceandfire:sea_serpent":1,"iceandfire:ice_dragon":4,"iceandfire:fire_dragon":2,"minecraft:spider":1,"minecraft:iron_golem":2,"iceandfire:gorgon":3,"minecraft:skeleton":24,"minecraft:phantom":1},"minecraft:used":{"iceandfire:lectern":1,"magistuarmory:corruptedroundshield":12,"magistuarmory:rustedchainmail_boots":1,"minecraft:poppy":3,"minecraft:ladder":10,"minecraft:chest":11,"minecraft:rotten_flesh":61,"minecraft:soul_sand":1,"minecraft:allium":1,"magistuarmory:rustedhalfarmor_chestplate":2,"magistuarmory:iron_bastardsword":69,"minecraft:lava_bucket":8,"minecraft:grass_block":1,"minecraft:bow":314,"iceandfire:chared_stone":1,"minecraft:furnace":7,"minecraft:oak_sapling":481,"minecraft:cooked_cod":57,"magistuarmory:rusted_bastardsword":61,"minecraft:egg":1,"magistuarmory:rustedchainmail_leggings":2,"minecraft:mossy_stone_bricks":1,"minecraft:diorite":2,"minecraft:leather_leggings":1,"alexsmobs:flying_fish_boots":26,"minecraft:wooden_pickaxe":22,"minecraft:composter":2,"alexsmobs:roadrunner_boots":9,"minecraft:glow_berries":5,"magistuarmory:longbow":69,"iceandfire:silver_pickaxe":327,"magistuarmory:rustedchainmail_helmet":1,"minecraft:stone_button":4,"iceandfire:chared_cobblestone":1,"minecraft:diamond_sword":26,"minecraft:wooden_sword":26,"minecraft:oak_boat":74,"minecraft:oak_trapdoor":7,"minecraft:stone_sword":619,"magistuarmory:rustedcrusader_chestplate":2,"minecraft:cooked_salmon":31,"minecraft:orange_bed":1,"minecraft:torch":82,"minecraft:anvil":2,"minecraft:iron_axe":186,"minecraft:bamboo":9,"minecraft:beef":1,"magistuarmory:rustedcrusader_boots":4,"minecraft:cobbled_deepslate":30,"magistuarmory:maximilian_leggings":1,"minecraft:calcite":1,"minecraft:wheat_seeds":32,"minecraft:water_bucket":36,"alexsmobs:cooked_catfish":2,"iceandfire:dragon_skull_lightning":2,"minecraft:rail":551,"minecraft:oak_slab":11,"minecraft:crafting_table":24,"minecraft:white_bed":16,"minecraft:cod":1,"minecraft:spruce_log":1,"minecraft:oak_log":14,"minecraft:dark_prismarine":1,"minecraft:iron_pickaxe":77,"minecraft:cobblestone":25,"minecraft:purple_bed":1,"minecraft:cooked_porkchop":9,"minecraft:porkchop":1,"biomesoplenty:fir_log":1,"minecraft:diamond_leggings":1,"minecraft:iron_shovel":16,"minecraft:diamond_hoe":18,"minecraft:oak_sign":11,"minecraft:shield":492,"minecraft:iron_sword":275,"minecraft:nether_wart":36,"minecraft:iron_chestplate":2,"minecraft:mutton":1,"minecraft:carrot":202,"alexsmobs:lobster_tail":1,"minecraft:iron_helmet":3,"iceandfire:blindfold":2,"magistuarmory:silver_bastardsword":101,"minecraft:golden_sword":29,"iceandfire:earplugs":1,"minecraft:beetroot_seeds":1,"minecraft:skeleton_skull":1,"minecraft:diamond_boots":1,"minecraft:stone_pickaxe":800,"minecraft:oak_planks":31,"minecraft:sugar_cane":2,"iceandfire:silver_axe":1,"magistuarmory:rustedgreathelm":3,"minecraft:bread":69,"minecraft:melon_slice":51,"minecraft:bone_meal":194,"minecraft:experience_bottle":3,"minecraft:cobweb":17,"minecraft:rose_bush":1,"minecraft:tropical_fish":8,"minecraft:stone_shovel":459,"minecraft:wooden_shovel":243,"minecraft:cooked_chicken":30,"minecraft:oak_door":3,"magistuarmory:steel_lucernhammer":53,"minecraft:dirt":594,"minecraft:hopper":4,"alexsmobs:maggot":1,"minecraft:iron_boots":27,"minecraft:minecart":28,"minecraft:cooked_beef":3,"minecraft:iron_leggings":2,"minecraft:cooked_mutton":22,"minecraft:cobblestone_stairs":1,"minecraft:brown_mushroom":2,"minecraft:cobblestone_slab":4,"minecraft:smoker":1,"minecraft:wooden_hoe":123,"minecraft:apple":12,"magistuarmory:rustedbarbute":3,"minecraft:stone_axe":1721,"minecraft:fishing_rod":512,"minecraft:bucket":49,"minecraft:yellow_bed":2},"minecraft:dropped":{"biomesoplenty:fir_log":1,"minecraft:iron_sword":1,"minecraft:porkchop":2,"minecraft:cooked_beef":1,"minecraft:crafting_table":1,"biomesoplenty:mahogany_planks":2,"minecraft:cracked_stone_bricks":1,"magistuarmory:longbow":1,"minecraft:dirt":25,"iceandfire:blindfold":1,"minecraft:stone_button":8,"magistuarmory:rusted_bastardsword":1,"minecraft:bone_meal":1,"minecraft:iron_pickaxe":2,"minecraft:fishing_rod":1,"minecraft:white_wool":6,"minecraft:stone_axe":1,"minecraft:rotten_flesh":24,"minecraft:oak_planks":34,"minecraft:white_bed":1,"minecraft:salmon":1,"magistuarmory:gothic_boots":1,"biomesoplenty:mahogany_sapling":1,"minecraft:iron_ingot":26,"minecraft:wheat_seeds":16,"minecraft:iron_helmet":3,"magistuarmory:rustedcrusader_boots":1,"minecraft:cobweb":2,"magistuarmory:steel_lucernhammer":2,"minecraft:gray_wool":1,"minecraft:ink_sac":6,"minecraft:wooden_hoe":1,"minecraft:wooden_axe":1,"minecraft:string":1,"minecraft:lily_pad":4,"nyfsquiver:gold_quiver":1,"nyfsquiver:basic_quiver":1,"minecraft:acacia_planks":2,"minecraft:spruce_sapling":1,"minecraft:stone_sword":3,"minecraft:bowl":4,"minecraft:sticky_piston":2,"minecraft:chicken":4,"minecraft:iron_boots":4,"minecraft:diamond_sword":1,"minecraft:hay_block":5,"minecraft:stone_bricks":3,"minecraft:spider_eye":1,"minecraft:bamboo":1,"minecraft:bow":5,"minecraft:oak_log":202,"minecraft:leather":20,"minecraft:mutton":13,"minecraft:cooked_mutton":1,"minecraft:carrot":150,"minecraft:gunpowder":1,"minecraft:skeleton_skull":1,"magistuarmory:rustedchainmail_chestplate":2,"minecraft:arrow":5,"minecraft:netherrack":33,"iceandfire:silver_pickaxe":1,"magistuarmory:iron_bastardsword":2,"minecraft:mangrove_propagule":1,"minecraft:copper_ingot":1,"minecraft:stick":5,"minecraft:diorite":4,"minecraft:melon_slice":1,"minecraft:iron_leggings":1,"minecraft:iron_axe":1,"minecraft:bucket":1,"minecraft:dandelion":1,"iceandfire:dragonbone":13,"minecraft:kelp":19,"magistuarmory:silver_bastardsword":1,"magistuarmory:hilt":1,"minecraft:filled_map":1,"biomesoplenty:fir_planks":8,"minecraft:iron_chestplate":2,"minecraft:mossy_stone_bricks":2,"minecraft:oak_sapling":145,"minecraft:spruce_log":2,"minecraft:stone_pickaxe":2,"minecraft:wooden_pickaxe":2,"minecraft:nautilus_shell":1},"minecraft:crafted":{"minecraft:oak_sign":18,"minecraft:bookshelf":1,"magistuarmory:silver_shortsword":4,"magistuarmory:iron_shortsword":2,"minecraft:cooked_mutton":20,"alexsmobs:roadrunner_feather":4,"minecraft:melon_seeds":1,"alexsmobs:cooked_catfish":2,"iceandfire:silver_axe":2,"xtraarrows:iron_arrow":58,"minecraft:wooden_shovel":5,"minecraft:emerald":290,"minecraft:cooked_porkchop":35,"minecraft:diamond_axe":1,"iceandfire:earplugs":1,"minecraft:lectern":1,"xtraarrows:netherite_explosive_arrow":135,"minecraft:wooden_hoe":2,"minecraft:iron_pickaxe":5,"minecraft:iron_block":3,"minecraft:gold_ingot":64,"minecraft:sandstone":3,"magistuarmory:rusted_bastardsword":1,"minecraft:stone_shovel":4,"minecraft:iron_nugget":2,"iceandfire:dragon_flute":1,"minecraft:bone_meal":3,"magistuarmory:longbow":6,"minecraft:ladder":9,"minecraft:stone_pickaxe":7,"magistuarmory:iron_bastardsword":2,"minecraft:dark_oak_planks":12,"nyfsquiver:gold_quiver":3,"minecraft:sandstone_slab":6,"magistuarmory:corruptedroundshield":1,"magistuarmory:rustedchainmail_leggings":4,"magistuarmory:rustedgreathelm":1,"minecraft:white_bed":7,"alexsmobs:roadrunner_boots":1,"iceandfire:silver_pickaxe":3,"magistuarmory:rustedcrusader_chestplate":1,"minecraft:oak_planks":2724,"minecraft:cobblestone_slab":6,"xtraarrows:diamond_arrow":180,"minecraft:cooked_chicken":32,"iceandfire:lectern":1,"minecraft:stone":8,"minecraft:hopper":8,"minecraft:chest":19,"minecraft:rail":48,"minecraft:stone_hoe":1,"minecraft:smoker":1,"minecraft:oak_slab":12,"minecraft:arrow":368,"minecraft:crafting_table":17,"iceandfire:blindfold":2,"minecraft:spruce_planks":40,"minecraft:wooden_pickaxe":2,"biomesoplenty:fir_planks":24,"magistuarmory:silver_bastardsword":4,"minecraft:tnt":1,"minecraft:book":4,"minecraft:paper":9,"nyfsquiver:iron_quiver":3,"minecraft:shield":11,"minecraft:stick":8280,"minecraft:iron_ingot":113,"minecraft:stone_sword":5,"magistuarmory:leather_strip":24,"minecraft:wooden_sword":5,"minecraft:oak_door":3,"minecraft:fishing_rod":1,"minecraft:leather_boots":1,"biomesoplenty:mahogany_planks":8,"iceandfire:dragon_stick":1,"minecraft:furnace":3,"minecraft:stone_button":8,"minecraft:oak_trapdoor":4,"magistuarmory:hilt":24,"minecraft:chiseled_sandstone":3,"alexsmobs:flying_fish_boots":1,"minecraft:minecart":2,"minecraft:cooked_beef":32,"minecraft:cooked_cod":192,"iceandfire:silver_ingot":35,"minecraft:iron_sword":2,"minecraft:cooked_salmon":73,"minecraft:bucket":6,"minecraft:stone_axe":15,"minecraft:air":0,"minecraft:bread":60,"minecraft:oak_boat":6,"nyfsquiver:basic_quiver":5,"minecraft:anvil":1,"minecraft:torch":40,"minecraft:acacia_planks":8},"minecraft:killed":{"alexsmobs:lobster":1,"iceandfire:gorgon":1,"iceandfire:stymphalian_bird":3,"minecraft:skeleton":65,"minecraft:chicken":37,"minecraft:skeleton_horse":1,"minecraft:salmon":9,"alexsmobs:seal":5,"minecraft:iron_golem":2,"iceandfire:cockatrice":2,"minecraft:goat":1,"minecraft:zombie":92,"alexsmobs:cachalot_whale":1,"alexsmobs:maned_wolf":2,"iceandfire:sea_serpent":5,"minecraft:cow":60,"alexsmobs:raccoon":8,"minecraft:horse":3,"iceandfire:siren":3,"iceandfire:hippocampus":4,"iceandfire:cyclops":1,"minecraft:rabbit":1,"alexsmobs:rhinoceros":1,"alexsmobs:catfish":4,"iceandfire:ghost":20,"minecraft:enderman":3,"minecraft:zombified_piglin":1,"minecraft:spider":37,"alexsmobs:banana_slug":9,"minecraft:piglin_brute":3,"minecraft:pig":37,"minecraft:zombie_villager":3,"minecraft:creeper":39,"minecraft:sheep":45,"minecraft:trader_llama":1,"alexsmobs:terrapin":1,"alexsmobs:fly":1,"minecraft:blaze":27,"alexsmobs:tasmanian_devil":2,"alexsmobs:blue_jay":1,"alexsmobs:bison":1,"minecraft:drowned":3,"alexsmobs:flying_fish":3,"alexsmobs:emu":2,"alexsmobs:cockroach":1,"alexsmobs:gazelle":4,"alexsmobs:crow":2,"minecraft:wither_skeleton":3},"minecraft:custom":{"minecraft:interact_with_crafting_table":211,"minecraft:leave_game":14,"minecraft:time_since_death":520,"minecraft:damage_blocked_by_shield":2147483647,"minecraft:play_time":1697891,"minecraft:deaths":81,"minecraft:jump":22307,"minecraft:interact_with_furnace":148,"minecraft:traded_with_villager":401,"minecraft:sleep_in_bed":53,"minecraft:damage_dealt":60390,"minecraft:interact_with_smoker":10,"minecraft:horse_one_cm":969,"minecraft:interact_with_anvil":7,"minecraft:inspect_hopper":1,"minecraft:sneak_time":5123,"minecraft:total_world_time":1697891,"minecraft:tune_noteblock":9,"minecraft:time_since_rest":545,"minecraft:swim_one_cm":449545,"minecraft:fly_one_cm":5122840,"minecraft:open_chest":719,"minecraft:fish_caught":328,"minecraft:fall_one_cm":569003,"minecraft:sprint_one_cm":4003937,"minecraft:drop":776,"minecraft:talked_to_villager":261,"minecraft:interact_with_brewingstand":7,"minecraft:walk_on_water_one_cm":376438,"minecraft:player_kills":1,"minecraft:crouch_one_cm":6614,"minecraft:mob_kills":582,"minecraft:climb_one_cm":21646,"minecraft:walk_one_cm":3326529,"minecraft:walk_under_water_one_cm":294757,"minecraft:boat_one_cm":155,"minecraft:damage_taken":2147483647},"minecraft:mined":{"minecraft:white_bed":11,"minecraft:jungle_leaves":2,"minecraft:acacia_log":2,"minecraft:nether_wart":32,"minecraft:spawner":1,"minecraft:tall_seagrass":1,"minecraft:sticky_piston":1,"minecraft:fire":81,"minecraft:pumpkin":1,"minecraft:deepslate_lapis_ore":10,"iceandfire:gold_pile":1,"minecraft:oak_sign":1,"minecraft:dirt_path":16,"minecraft:orange_bed":1,"minecraft:piston_head":1,"minecraft:brown_mushroom":3,"minecraft:soul_fire":1,"minecraft:torch":10,"minecraft:melon":47,"minecraft:sugar_cane":26,"minecraft:skeleton_skull":1,"minecraft:wheat":12,"minecraft:black_bed":1,"minecraft:grass":419,"minecraft:deepslate":78,"biomesoplenty:reed":5,"iceandfire:silver_ore":43,"minecraft:allium":1,"iceandfire:deepslate_silver_ore":1,"minecraft:kelp":3,"minecraft:rail":512,"minecraft:bamboo_sapling":1,"minecraft:bamboo":610,"minecraft:oak_slab":7,"minecraft:dandelion":1,"minecraft:emerald_ore":14,"minecraft:tall_grass":9,"minecraft:copper_ore":1,"minecraft:deepslate_gold_ore":22,"minecraft:diorite":8,"minecraft:purple_bed":1,"minecraft:spruce_log":7,"minecraft:cobweb":56,"minecraft:stone_bricks":7,"minecraft:gold_ore":5,"minecraft:fern":9,"minecraft:oak_sapling":48,"minecraft:cobblestone_stairs":1,"minecraft:grass_block":283,"minecraft:composter":2,"minecraft:iron_ore":44,"minecraft:anvil":1,"iceandfire:chared_cobblestone":1,"minecraft:calcite":1,"minecraft:poppy":1,"iceandfire:ghost_chest":6,"minecraft:chest":2,"minecraft:mushroom_stem":5,"minecraft:cobblestone":10,"minecraft:oak_planks":56,"minecraft:wall_torch":23,"minecraft:seagrass":1,"biomesoplenty:fir_log":8,"minecraft:oak_log":758,"minecraft:beetroots":1,"minecraft:sand":25,"minecraft:dirt":326,"minecraft:netherrack":36,"minecraft:oak_leaves":261,"iceandfire:chared_stone":1,"minecraft:diamond_ore":1,"minecraft:deepslate_diamond_ore":4,"minecraft:oak_door":2,"biomesoplenty:bush":8,"minecraft:brown_mushroom_block":45,"minecraft:spruce_leaves":1,"minecraft:mangrove_propagule":1,"minecraft:large_fern":1,"minecraft:hay_block":146,"minecraft:oak_trapdoor":4,"minecraft:furnace":4,"minecraft:carrots":91,"biomesoplenty:toadstool":1,"minecraft:peony":1,"minecraft:gold_block":2,"minecraft:bookshelf":20,"minecraft:deepslate_iron_ore":28,"minecraft:stripped_oak_log":1,"minecraft:stone":224,"minecraft:acacia_leaves":3,"minecraft:oak_fence":32,"minecraft:crafting_table":8,"minecraft:stone_slab":1,"biomesoplenty:mahogany_log":2,"minecraft:sweet_berry_bush":3,"minecraft:yellow_bed":2,"minecraft:coal_ore":115,"biomesoplenty:fir_leaves":2,"minecraft:cracked_stone_bricks":1,"minecraft:mossy_stone_bricks":3}},"DataVersion":3465}