{"stats":{"minecraft:picked_up":{"minecraft:feather":1,"minecraft:crafting_table":3,"minecraft:raw_iron":24,"minecraft:torch":11,"alexsmobs:roadrunner_feather":1,"biomesoplenty:dead_log":20,"minecraft:lapis_lazuli":30,"alexsmobs:raw_catfish":5,"minecraft:rotten_flesh":1,"minecraft:diamond":1,"magistuarmory:rusted_bastardsword":1,"biomesoplenty:dead_sapling":6,"minecraft:cobbled_deepslate":2,"minecraft:raw_gold":8,"minecraft:beef":2,"minecraft:coal":20,"iceandfire:raw_silver":10,"minecraft:cobblestone":50,"minecraft:furnace":1},"minecraft:used":{"alexsmobs:cooked_catfish":2,"minecraft:stone_sword":1,"minecraft:stone_pickaxe":97,"minecraft:iron_pickaxe":28,"minecraft:shield":3,"minecraft:wooden_pickaxe":4,"minecraft:stone_axe":2,"minecraft:torch":15,"minecraft:cobblestone":8,"minecraft:crafting_table":3,"minecraft:furnace":2,"magistuarmory:rusted_bastardsword":20,"minecraft:cooked_beef":2,"biomesoplenty:dead_log":3},"minecraft:dropped":{"minecraft:iron_ingot":1},"minecraft:killed":{"minecraft:skeleton":1,"alexsmobs:catfish":1,"minecraft:zombie":1,"alexsmobs:terrapin":1,"alexsmobs:roadrunner":1,"minecraft:spider":1},"minecraft:crafted":{"minecraft:cooked_beef":2,"biomesoplenty:dead_planks":68,"minecraft:shield":1,"minecraft:crafting_table":1,"minecraft:stick":16,"minecraft:stone_pickaxe":1,"minecraft:wooden_pickaxe":1,"minecraft:iron_ingot":10,"minecraft:iron_pickaxe":1,"minecraft:stone_sword":1,"minecraft:furnace":2,"alexsmobs:cooked_catfish":2,"minecraft:torch":8,"minecraft:stone_axe":1,"minecraft:air":0},"minecraft:custom":{"minecraft:time_since_rest":39255,"minecraft:interact_with_furnace":13,"minecraft:sprint_one_cm":40919,"minecraft:damage_taken":315,"minecraft:walk_one_cm":68077,"minecraft:damage_blocked_by_shield":242,"minecraft:mob_kills":7,"minecraft:drop":1,"minecraft:damage_dealt":800,"minecraft:swim_one_cm":15985,"minecraft:interact_with_crafting_table":17,"minecraft:fly_one_cm":45178,"minecraft:play_time":39255,"minecraft:sneak_time":40,"minecraft:walk_under_water_one_cm":11622,"minecraft:jump":431,"minecraft:walk_on_water_one_cm":4611,"minecraft:time_since_death":39255,"minecraft:total_world_time":39255,"minecraft:fall_one_cm":8656},"minecraft:mined":{"minecraft:diamond_ore":1,"minecraft:furnace":1,"iceandfire:silver_ore":10,"minecraft:iron_ore":23,"minecraft:deepslate_lapis_ore":1,"minecraft:crafting_table":3,"minecraft:torch":3,"biomesoplenty:dead_log":20,"minecraft:coal_ore":19,"minecraft:lapis_ore":3,"minecraft:stone":52,"minecraft:gold_ore":8,"minecraft:deepslate":2,"minecraft:wall_torch":7}},"DataVersion":3465}