{"stats":{"minecraft:killed_by":{"minecraft:creeper":1,"alexsmobs:murmur_head":5,"iceandfire:gorgon":3,"minecraft:skeleton":4,"minecraft:zombie":5,"alexsmobs:grizzly_bear":1,"iceandfire:ghost":2},"minecraft:mined":{"minecraft:white_bed":3,"iceandfire:silver_ore":18,"minecraft:deepslate_diamond_ore":4,"biomesoplenty:bush":1,"minecraft:grass_block":11,"iceandfire:deepslate_silver_ore":1,"minecraft:composter":2,"minecraft:mangrove_propagule":1,"minecraft:spawner":1,"minecraft:tall_seagrass":1,"minecraft:hay_block":25,"minecraft:furnace":2,"minecraft:carrots":2,"minecraft:iron_ore":5,"minecraft:sticky_piston":1,"minecraft:fire":2,"minecraft:pumpkin":1,"minecraft:deepslate_lapis_ore":10,"minecraft:bookshelf":20,"minecraft:deepslate_iron_ore":28,"minecraft:stone":87,"minecraft:piston_head":1,"minecraft:oak_fence":32,"minecraft:crafting_table":5,"minecraft:torch":4,"iceandfire:ghost_chest":3,"minecraft:chest":1,"minecraft:cobblestone":2,"minecraft:tall_grass":2,"minecraft:deepslate_gold_ore":22,"minecraft:sugar_cane":26,"minecraft:oak_planks":19,"minecraft:wall_torch":19,"minecraft:skeleton_skull":1,"minecraft:seagrass":1,"minecraft:black_bed":1,"minecraft:grass":119,"minecraft:oak_log":53,"minecraft:coal_ore":113,"minecraft:beetroots":1,"minecraft:sand":12,"minecraft:dirt":14,"minecraft:cobweb":39,"minecraft:stone_bricks":4,"minecraft:mossy_stone_bricks":1,"minecraft:oak_leaves":28,"minecraft:deepslate":78,"biomesoplenty:reed":5},"minecraft:used":{"minecraft:stone_sword":481,"magistuarmory:rustedcrusader_chestplate":1,"minecraft:chest":3,"minecraft:shield":125,"minecraft:iron_sword":11,"minecraft:cooked_salmon":7,"minecraft:cooked_chicken":12,"minecraft:rotten_flesh":22,"minecraft:torch":46,"minecraft:dirt":16,"minecraft:mutton":1,"minecraft:carrot":5,"magistuarmory:rustedhalfarmor_chestplate":1,"minecraft:beef":1,"minecraft:furnace":6,"magistuarmory:rusted_bastardsword":8,"minecraft:beetroot_seeds":1,"minecraft:skeleton_skull":1,"minecraft:egg":1,"minecraft:cooked_beef":2,"minecraft:cobbled_deepslate":30,"minecraft:cooked_mutton":16,"alexsmobs:cooked_catfish":2,"minecraft:mossy_stone_bricks":1,"minecraft:leather_leggings":1,"minecraft:stone_pickaxe":330,"minecraft:wooden_pickaxe":22,"minecraft:composter":2,"minecraft:sugar_cane":2,"minecraft:glow_berries":5,"minecraft:crafting_table":10,"minecraft:white_bed":4,"minecraft:dark_prismarine":1,"minecraft:bread":7,"minecraft:iron_pickaxe":60,"minecraft:stone_axe":188,"minecraft:wooden_sword":11,"minecraft:cobblestone":12,"minecraft:cobweb":6},"minecraft:crafted":{"minecraft:wooden_sword":1,"minecraft:oak_planks":208,"minecraft:cooked_chicken":14,"minecraft:furnace":2,"magistuarmory:longbow":1,"minecraft:cooked_mutton":14,"magistuarmory:hilt":6,"minecraft:stone_pickaxe":3,"minecraft:chest":2,"alexsmobs:cooked_catfish":2,"minecraft:stone_hoe":1,"minecraft:cooked_beef":3,"iceandfire:silver_ingot":14,"minecraft:crafting_table":5,"minecraft:wooden_pickaxe":2,"minecraft:iron_sword":2,"minecraft:cooked_salmon":9,"minecraft:stone_axe":4,"minecraft:air":0,"minecraft:tnt":1,"minecraft:book":1,"minecraft:paper":3,"minecraft:shield":5,"minecraft:stick":72,"minecraft:iron_ingot":14,"minecraft:iron_pickaxe":2,"minecraft:stone_sword":5,"minecraft:white_bed":1,"iceandfire:silver_pickaxe":1,"minecraft:torch":16,"magistuarmory:leather_strip":6},"minecraft:killed":{"alexsmobs:lobster":1,"alexsmobs:raccoon":6,"minecraft:spider":8,"iceandfire:gorgon":1,"minecraft:skeleton":11,"minecraft:horse":2,"alexsmobs:blue_jay":1,"minecraft:chicken":18,"minecraft:pig":22,"minecraft:salmon":9,"minecraft:creeper":7,"minecraft:sheep":25,"alexsmobs:catfish":4,"minecraft:goat":1,"minecraft:zombie":13,"alexsmobs:cockroach":1,"iceandfire:ghost":2,"alexsmobs:gazelle":2,"alexsmobs:crow":2,"minecraft:cow":12},"minecraft:picked_up":{"minecraft:wooden_axe":1,"iceandfire:dragon_skull_lightning":2,"minecraft:crafting_table":12,"minecraft:chicken":42,"minecraft:leather_leggings":2,"minecraft:wooden_pickaxe":2,"minecraft:shield":8,"iceandfire:manuscript":4,"minecraft:string":66,"minecraft:cooked_salmon":12,"minecraft:sticky_piston":6,"minecraft:cracked_stone_bricks":4,"minecraft:cobbled_deepslate":78,"minecraft:beef":47,"minecraft:iron_nugget":11,"minecraft:light_gray_wool":1,"minecraft:iron_pickaxe":2,"alexsmobs:raccoon_tail":1,"minecraft:sugar_cane":125,"minecraft:chest":1,"minecraft:furnace":8,"minecraft:egg":1,"iceandfire:dragonbone":36,"minecraft:stick":50,"minecraft:raw_iron":33,"iceandfire:ghost_chest":6,"minecraft:composter":2,"minecraft:oak_fence":32,"minecraft:torch":39,"minecraft:porkchop":124,"magistuarmory:rustedkettlehat":2,"minecraft:carrot":11,"magistuarmory:rustedcrusader_chestplate":2,"minecraft:tnt":1,"iceandfire:silver_ingot":11,"minecraft:stone_sword":12,"minecraft:arrow":52,"minecraft:rotten_flesh":31,"minecraft:beetroot_seeds":1,"minecraft:hay_block":75,"minecraft:gold_ingot":6,"minecraft:mutton":54,"alexsmobs:lobster_tail":2,"minecraft:skeleton_skull":8,"minecraft:white_wool":37,"minecraft:cobblestone":190,"minecraft:clock":2,"minecraft:feather":47,"magistuarmory:rustedhalfarmor_chestplate":1,"minecraft:salmon":9,"minecraft:brown_wool":1,"minecraft:black_bed":1,"minecraft:leather":31,"minecraft:filled_map":4,"magistuarmory:hilt":12,"minecraft:oak_log":52,"iceandfire:ectoplasm":12,"minecraft:gunpowder":16,"minecraft:lapis_lazuli":70,"minecraft:dirt":75,"minecraft:cooked_mutton":10,"minecraft:bone":34,"minecraft:apple":10,"minecraft:stone_bricks":49,"minecraft:bow":4,"minecraft:wheat_seeds":8,"minecraft:raw_gold":21,"minecraft:cooked_chicken":14,"minecraft:iron_ingot":31,"minecraft:stone_pickaxe":13,"minecraft:cobweb":6,"minecraft:mossy_stone_bricks":23,"minecraft:glowstone_dust":1,"minecraft:iron_sword":2,"minecraft:oak_planks":237,"minecraft:book":60,"minecraft:pumpkin":2,"minecraft:stone_brick_slab":12,"minecraft:sand":20,"minecraft:white_bed":8,"magistuarmory:rustedchainmail_leggings":1,"minecraft:spider_eye":3,"alexsmobs:animal_dictionary":1,"minecraft:dark_prismarine":1,"iceandfire:silver_pickaxe":3,"alexsmobs:raw_catfish":13,"minecraft:diamond":4,"minecraft:stone_axe":8,"magistuarmory:rusted_bastardsword":4,"minecraft:bone_meal":7,"minecraft:gray_wool":2,"minecraft:bread":2,"minecraft:mangrove_propagule":1,"iceandfire:gorgon_head":1,"minecraft:oak_sapling":71,"minecraft:black_wool":1,"minecraft:coal":569,"iceandfire:raw_silver":43},"minecraft:broken":{"minecraft:stone_sword":2,"magistuarmory:rustedkettlehat":1,"minecraft:shield":1,"magistuarmory:rusted_bastardsword":1,"magistuarmory:rustedchainmail_leggings":1},"minecraft:custom":{"minecraft:mob_kills":153,"minecraft:interact_with_crafting_table":49,"minecraft:leave_game":3,"minecraft:time_since_death":5915,"minecraft:climb_one_cm":5349,"minecraft:sprint_one_cm":961791,"minecraft:walk_one_cm":748068,"minecraft:damage_blocked_by_shield":2147483647,"minecraft:drop":52,"minecraft:talked_to_villager":4,"minecraft:play_time":250232,"minecraft:deaths":25,"minecraft:sneak_time":1067,"minecraft:walk_under_water_one_cm":55328,"minecraft:jump":4615,"minecraft:walk_on_water_one_cm":75931,"minecraft:total_world_time":250232,"minecraft:interact_with_furnace":58,"minecraft:sleep_in_bed":7,"minecraft:time_since_rest":5940,"minecraft:damage_taken":2147483647,"minecraft:damage_dealt":19851,"minecraft:swim_one_cm":106608,"minecraft:fly_one_cm":847707,"minecraft:open_chest":37,"minecraft:crouch_one_cm":1507,"minecraft:fall_one_cm":119445,"minecraft:horse_one_cm":889},"minecraft:dropped":{"minecraft:wheat_seeds":1,"minecraft:cooked_beef":1,"minecraft:crafting_table":1,"minecraft:mangrove_propagule":1,"minecraft:dirt":10,"minecraft:gray_wool":1,"minecraft:wooden_axe":1,"minecraft:stone_sword":3,"minecraft:sticky_piston":2,"minecraft:chicken":4,"minecraft:rotten_flesh":1,"minecraft:oak_planks":29,"minecraft:cooked_mutton":1,"minecraft:white_bed":1,"minecraft:wooden_pickaxe":2,"minecraft:stone_pickaxe":1}},"DataVersion":3465}