{"stats":{"minecraft:killed_by":{"minecraft:creeper":1,"alexsmobs:murmur_head":5,"iceandfire:gorgon":3,"minecraft:skeleton":3,"minecraft:zombie":2,"alexsmobs:grizzly_bear":1,"iceandfire:ghost":2},"minecraft:mined":{"minecraft:white_bed":3,"iceandfire:silver_ore":4,"minecraft:deepslate_diamond_ore":4,"minecraft:grass_block":11,"iceandfire:deepslate_silver_ore":1,"minecraft:spawner":1,"minecraft:hay_block":25,"minecraft:furnace":2,"minecraft:fire":2,"minecraft:iron_ore":4,"minecraft:sticky_piston":1,"minecraft:deepslate_lapis_ore":10,"minecraft:bookshelf":20,"minecraft:deepslate_iron_ore":28,"minecraft:stone":44,"minecraft:piston_head":1,"minecraft:oak_fence":32,"minecraft:crafting_table":3,"minecraft:torch":4,"minecraft:chest":1,"iceandfire:ghost_chest":3,"minecraft:deepslate_gold_ore":22,"minecraft:oak_planks":18,"minecraft:wall_torch":5,"minecraft:skeleton_skull":1,"minecraft:black_bed":1,"minecraft:grass":15,"minecraft:coal_ore":58,"minecraft:oak_log":38,"minecraft:dirt":12,"minecraft:cobweb":38,"minecraft:stone_bricks":4,"minecraft:mossy_stone_bricks":1,"minecraft:oak_leaves":18,"minecraft:deepslate":78,"biomesoplenty:reed":5},"minecraft:used":{"minecraft:stone_sword":260,"minecraft:chest":3,"minecraft:shield":77,"minecraft:iron_sword":11,"minecraft:cooked_salmon":7,"minecraft:rotten_flesh":11,"minecraft:torch":29,"minecraft:dirt":16,"magistuarmory:rustedhalfarmor_chestplate":1,"minecraft:furnace":5,"magistuarmory:rusted_bastardsword":8,"minecraft:skeleton_skull":1,"minecraft:egg":1,"minecraft:cooked_beef":2,"minecraft:cobbled_deepslate":30,"minecraft:cooked_mutton":9,"alexsmobs:cooked_catfish":2,"minecraft:mossy_stone_bricks":1,"minecraft:leather_leggings":1,"minecraft:stone_pickaxe":219,"minecraft:wooden_pickaxe":3,"minecraft:glow_berries":5,"minecraft:crafting_table":6,"minecraft:white_bed":4,"minecraft:dark_prismarine":1,"minecraft:bread":7,"minecraft:iron_pickaxe":60,"minecraft:stone_axe":129,"minecraft:wooden_sword":11,"minecraft:cobblestone":3,"minecraft:cobweb":6},"minecraft:crafted":{"minecraft:wooden_sword":1,"minecraft:oak_planks":148,"minecraft:furnace":1,"magistuarmory:longbow":1,"minecraft:cooked_mutton":7,"magistuarmory:hilt":6,"minecraft:stone_pickaxe":2,"minecraft:chest":2,"alexsmobs:cooked_catfish":2,"minecraft:cooked_beef":3,"minecraft:crafting_table":3,"minecraft:wooden_pickaxe":2,"minecraft:iron_sword":2,"minecraft:cooked_salmon":9,"minecraft:stone_axe":2,"minecraft:air":0,"minecraft:shield":3,"minecraft:stick":60,"minecraft:iron_ingot":13,"minecraft:iron_pickaxe":2,"minecraft:stone_sword":3,"minecraft:white_bed":1,"minecraft:torch":8,"magistuarmory:leather_strip":6},"minecraft:killed":{"alexsmobs:raccoon":5,"iceandfire:gorgon":1,"minecraft:spider":2,"minecraft:horse":2,"minecraft:skeleton":7,"minecraft:chicken":10,"minecraft:pig":9,"minecraft:salmon":9,"minecraft:creeper":1,"minecraft:sheep":20,"alexsmobs:catfish":4,"minecraft:goat":1,"alexsmobs:cockroach":1,"minecraft:zombie":8,"iceandfire:ghost":1,"alexsmobs:gazelle":1,"minecraft:cow":2},"minecraft:picked_up":{"minecraft:wooden_axe":1,"minecraft:crafting_table":10,"minecraft:chicken":34,"minecraft:leather_leggings":2,"minecraft:wooden_pickaxe":2,"minecraft:shield":5,"iceandfire:manuscript":4,"minecraft:string":41,"minecraft:cooked_salmon":12,"minecraft:sticky_piston":6,"minecraft:cracked_stone_bricks":4,"minecraft:cobbled_deepslate":78,"minecraft:beef":10,"minecraft:iron_pickaxe":2,"minecraft:light_gray_wool":1,"minecraft:chest":1,"minecraft:egg":1,"minecraft:furnace":8,"minecraft:raw_iron":32,"minecraft:stick":42,"iceandfire:ghost_chest":6,"minecraft:oak_fence":32,"minecraft:torch":10,"minecraft:porkchop":81,"magistuarmory:rustedkettlehat":2,"minecraft:carrot":6,"minecraft:stone_sword":8,"minecraft:arrow":37,"minecraft:rotten_flesh":16,"minecraft:hay_block":75,"minecraft:mutton":44,"minecraft:skeleton_skull":8,"minecraft:white_wool":27,"minecraft:cobblestone":84,"minecraft:feather":27,"magistuarmory:rustedhalfarmor_chestplate":1,"minecraft:salmon":9,"minecraft:black_bed":1,"minecraft:leather":8,"minecraft:brown_wool":1,"minecraft:filled_map":3,"magistuarmory:hilt":12,"minecraft:oak_log":37,"iceandfire:ectoplasm":11,"minecraft:gunpowder":3,"minecraft:lapis_lazuli":70,"minecraft:dirt":31,"minecraft:cooked_mutton":10,"minecraft:bone":12,"minecraft:apple":8,"minecraft:stone_bricks":49,"minecraft:wheat_seeds":4,"minecraft:raw_gold":21,"minecraft:iron_ingot":17,"minecraft:cobweb":6,"minecraft:stone_pickaxe":9,"minecraft:mossy_stone_bricks":23,"minecraft:glowstone_dust":1,"minecraft:iron_sword":2,"minecraft:oak_planks":86,"minecraft:book":60,"minecraft:stone_brick_slab":12,"minecraft:white_bed":8,"magistuarmory:rustedchainmail_leggings":1,"alexsmobs:animal_dictionary":1,"minecraft:spider_eye":1,"minecraft:dark_prismarine":1,"alexsmobs:raw_catfish":13,"minecraft:diamond":4,"minecraft:stone_axe":7,"magistuarmory:rusted_bastardsword":4,"minecraft:bone_meal":7,"minecraft:gray_wool":2,"minecraft:bread":2,"iceandfire:gorgon_head":1,"minecraft:oak_sapling":61,"minecraft:black_wool":1,"minecraft:coal":411,"iceandfire:raw_silver":29},"minecraft:broken":{"minecraft:stone_sword":1,"magistuarmory:rustedkettlehat":1,"magistuarmory:rusted_bastardsword":1,"magistuarmory:rustedchainmail_leggings":1},"minecraft:custom":{"minecraft:mob_kills":88,"minecraft:interact_with_crafting_table":34,"minecraft:leave_game":2,"minecraft:time_since_death":3855,"minecraft:climb_one_cm":5112,"minecraft:sprint_one_cm":621039,"minecraft:walk_one_cm":490104,"minecraft:damage_blocked_by_shield":2147483647,"minecraft:drop":49,"minecraft:talked_to_villager":2,"minecraft:play_time":165757,"minecraft:deaths":20,"minecraft:sneak_time":511,"minecraft:walk_under_water_one_cm":45020,"minecraft:jump":2716,"minecraft:walk_on_water_one_cm":62911,"minecraft:total_world_time":165757,"minecraft:interact_with_furnace":44,"minecraft:sleep_in_bed":5,"minecraft:time_since_rest":2924,"minecraft:damage_taken":2147483647,"minecraft:damage_dealt":11705,"minecraft:swim_one_cm":84718,"minecraft:fly_one_cm":412616,"minecraft:open_chest":24,"minecraft:crouch_one_cm":757,"minecraft:fall_one_cm":67024,"minecraft:horse_one_cm":545},"minecraft:dropped":{"minecraft:cooked_beef":1,"minecraft:crafting_table":1,"minecraft:dirt":10,"minecraft:gray_wool":1,"minecraft:wooden_axe":1,"minecraft:stone_sword":2,"minecraft:sticky_piston":2,"minecraft:chicken":4,"minecraft:rotten_flesh":1,"minecraft:oak_planks":29,"minecraft:cooked_mutton":1,"minecraft:white_bed":1,"minecraft:stone_pickaxe":1,"minecraft:wooden_pickaxe":2}},"DataVersion":3465}