{"stats":{"minecraft:crafted":{"minecraft:stone_pickaxe":1,"minecraft:crafting_table":1,"minecraft:wooden_pickaxe":1,"minecraft:birch_planks":40,"minecraft:stone_axe":1,"minecraft:stick":14,"minecraft:torch":8},"minecraft:mined":{"minecraft:granite":1,"minecraft:iron_ore":8,"minecraft:chorus_plant":1,"minecraft:stone":24,"minecraft:crafting_table":2,"biomesoplenty:huge_clover_petal":2,"minecraft:wall_torch":4,"minecraft:birch_log":7,"minecraft:grass":4,"biomesoplenty:clover":2,"minecraft:coal_ore":41},"minecraft:used":{"minecraft:purpur_block":3,"iceandfire:dragonsteel_lightning_chestplate":3,"iceandfire:spawn_egg_ice_dragon":15,"minecraft:flint_and_steel":5,"minecraft:stone":1,"iceandfire:dragonsteel_lightning_helmet":3,"outer_end:stalker_spawn_egg":1,"magistuarmory:netherite_kiteshield":1,"minecraft:torch":9,"minecraft:dirt":2,"minecraft:anvil":2,"iceandfire:spawn_egg_dread_thrall":40,"magistuarmory:xivcenturyknight_leggings":1,"bygonenether:wraither_spawn_egg":12,"iceandfire:spawn_egg_fire_dragon":21,"minecraft:granite":1,"minecraft:obsidian":8,"minecraft:red_wool":1,"minecraft:grass_block":5,"minecraft:totem_of_undying":4,"iceandfire:spawn_egg_cockatrice":1,"minecraft:magma_block":2,"iceandfire:spawn_egg_lightning_dragon":16,"alexsmobs:enderiophage_rocket":194,"iceandfire:dread_queen_sword":7,"minecraft:enchanted_golden_apple":5,"minecraft:dark_oak_sapling":1,"iceandfire:spawn_egg_hydra":41,"minecraft:water_bucket":58,"minecraft:bamboo_mosaic":99,"minecraft:stone_pickaxe":60,"minecraft:ender_pearl":4,"iceandfire:dragonbone_sword_ice":167,"minecraft:wooden_pickaxe":18,"iceandfire:dragonsteel_lightning_leggings":4,"magistuarmory:xivcenturyknight_boots":2,"outer_end:himmelite_spawn_egg":3,"minecraft:golden_apple":2,"minecraft:sand":5,"bygonenether:corpor_spawn_egg":2,"minecraft:tnt":431,"minecraft:crafting_table":2,"iceandfire:dragonegg_white":7,"iceandfire:dragonbone_sword_lightning":9,"minecraft:campfire":1,"magistuarmory:longbow":557,"iceandfire:spawn_egg_death_worm":30,"alexsmobs:tarantula_hawk_elytra":1,"alexsmobs:cosmic_cod":1,"minecraft:ender_eye":12,"minecraft:firework_rocket":1273,"iceandfire:dragonbone_sword_fire":5,"iceandfire:spawn_egg_stymphalian_bird":18,"outer_end:sinker_spawn_egg":1,"minecraft:stone_axe":6,"minecraft:potion":1,"bygonenether:wither_skeleton_knight_spawn_egg":1,"minecraft:end_crystal":3,"outer_end:entombed_spawn_egg":1,"bygonenether:warped_enderman_spawn_egg":1,"iceandfire:dragonsteel_lightning_sword":74,"iceandfire:dragonsteel_lightning_boots":5,"minecraft:ice":14,"minecraft:end_portal_frame":12,"bygonenether:wex_spawn_egg":2,"iceandfire:dragonegg_red":5,"minecraft:experience_bottle":321,"outer_end:purpur_golem_spawn_egg":20},"minecraft:picked_up":{"alexsmobs:cosmic_cod":1,"minecraft:crafting_table":2,"minecraft:redstone_block":1,"iceandfire:witherbone":4,"outer_end:himmel_pillar":2,"minecraft:anvil":1,"iceandfire:dragonegg_white":6,"iceandfire:dragonsteel_lightning_boots":2,"alexsmobs:enderiophage_rocket":70,"minecraft:purpur_block":35,"minecraft:string":2,"minecraft:sticky_piston":1,"iceandfire:dragonsteel_lightning_helmet":2,"iceandfire:hydra_fang":20,"magistuarmory:crusader_boots":1,"alexsmobs:elastic_tendon":1,"minecraft:enchanted_golden_apple":126,"minecraft:birch_sapling":4,"minecraft:iron_boots":1,"magistuarmory:xivcenturyknight_leggings":2,"iceandfire:ice_dragon_heart":1,"minecraft:egg":1,"magistuarmory:crusader_leggings":1,"minecraft:dark_oak_sapling":1,"minecraft:stick":2,"minecraft:raw_iron":8,"minecraft:end_stone":82,"minecraft:stone":1,"iceandfire:deathworm_chitin_red":10,"minecraft:torch":4,"minecraft:purpur_pillar":9,"outer_end:levitation_core":1,"minecraft:porkchop":3,"iceandfire:dragonsteel_lightning_chestplate":2,"iceandfire:deathworm_chitin_white":4,"minecraft:redstone":3,"minecraft:tnt":26,"outer_end:violite":15,"minecraft:rotten_flesh":27,"magistuarmory:xivcenturyknight_chestplate":2,"iceandfire:deathworm_chitin_yellow":7,"minecraft:purpur_slab":7,"minecraft:totem_of_undying":2,"iceandfire:dread_queen_sword":1,"minecraft:cobblestone":24,"minecraft:birch_log":10,"magistuarmory:bascinet":2,"minecraft:leather":1,"minecraft:red_mushroom":2,"iceandfire:dragonsteel_lightning_sword":2,"minecraft:purpur_stairs":15,"minecraft:gunpowder":2,"minecraft:wither_skeleton_skull":1,"iceandfire:dragonsteel_lightning_leggings":2,"outer_end:stalker_meat":3,"iceandfire:dragonbone_sword_ice":1,"minecraft:stripped_bamboo_block":1,"magistuarmory:xivcenturyknight_boots":2,"minecraft:bone":10,"nyfsquiver:netherite_quiver":2,"alexsmobs:cockroach_wing_fragment":1,"outer_end:floral_paste":7,"outer_end:himmel_block":4,"minecraft:cooked_porkchop":8,"minecraft:red_wool":1,"magistuarmory:longbow":7,"outer_end:himmel_stairs":6,"minecraft:grass_block":2,"alexsmobs:animal_dictionary":1,"minecraft:spider_eye":1,"iceandfire:dragonegg_red":3,"magistuarmory:crusader_chestplate":1,"minecraft:granite":1,"minecraft:golden_apple":64,"alexsmobs:maggot":1,"minecraft:chorus_fruit":11,"minecraft:ender_pearl":4,"minecraft:coal":44},"minecraft:custom":{"minecraft:mob_kills":98,"minecraft:interact_with_anvil":12,"minecraft:interact_with_crafting_table":5,"minecraft:leave_game":2,"minecraft:time_since_death":15635,"minecraft:damage_resisted":376,"minecraft:climb_one_cm":4610,"minecraft:sprint_one_cm":91398,"minecraft:walk_one_cm":294098,"minecraft:damage_blocked_by_shield":105,"minecraft:drop":351,"minecraft:play_time":216922,"minecraft:deaths":14,"minecraft:sneak_time":7764,"minecraft:walk_under_water_one_cm":12364,"minecraft:jump":1294,"minecraft:walk_on_water_one_cm":9294,"minecraft:total_world_time":216922,"minecraft:interact_with_furnace":3,"minecraft:time_since_rest":15688,"minecraft:damage_absorbed":343,"minecraft:damage_taken":6614,"minecraft:damage_dealt":11816,"minecraft:swim_one_cm":26992,"minecraft:fly_one_cm":878277,"minecraft:player_kills":2,"minecraft:open_chest":7,"minecraft:crouch_one_cm":12297,"minecraft:aviate_one_cm":4785317,"minecraft:fall_one_cm":90059},"minecraft:killed":{"alexsmobs:cosmic_cod":1,"alexsmobs:void_worm":1,"minecraft:endermite":1,"minecraft:spider":1,"alexsmobs:murmur":1,"minecraft:skeleton":3,"bygonenether:wraither":7,"bygonenether:wither_skeleton_knight":1,"alexsmobs:warped_mosco":1,"outer_end:entombed":1,"alexsmobs:bison":1,"outer_end:stalker":1,"alexsmobs:flying_fish":1,"outer_end:himmelite":6,"minecraft:hoglin":3,"minecraft:creeper":3,"iceandfire:cockatrice":1,"minecraft:zombie":4,"alexsmobs:cockroach":1,"alexsmobs:elephant":1,"alexsmobs:fly":2,"alexsmobs:mungus":1,"iceandfire:lightning_dragon":3,"minecraft:wither_skeleton":3,"bygonenether:wex":6,"minecraft:enderman":1,"minecraft:cow":2,"outer_end:sinker":1},"minecraft:dropped":{"outer_end:himmel_block":4,"minecraft:chorus_fruit":11,"minecraft:purpur_slab":7,"minecraft:purpur_stairs":12,"outer_end:violite":9,"minecraft:red_mushroom":2,"magistuarmory:longbow":1,"outer_end:floral_paste":3,"alexsmobs:enderiophage_rocket":184,"outer_end:levitation_core":1,"minecraft:purpur_pillar":9,"minecraft:purpur_block":29,"outer_end:himmel_stairs":6,"minecraft:experience_bottle":402,"minecraft:iron_boots":1,"iceandfire:dragonbone_sword_ice":1,"iceandfire:dragon_meal":64,"alexsmobs:tarantula_hawk_elytra":2,"iceandfire:dragonsteel_lightning_sword":1,"outer_end:himmel_pillar":2,"minecraft:firework_rocket":128},"minecraft:killed_by":{"minecraft:player":5,"minecraft:spider":1,"alexsmobs:murmur_head":1}},"DataVersion":3465}