{"stats":{"minecraft:custom":{"minecraft:jump":210,"minecraft:time_since_rest":3935,"minecraft:crouch_one_cm":1,"minecraft:damage_dealt":89,"minecraft:damage_taken":545,"minecraft:leave_game":1,"minecraft:time_since_death":3913,"minecraft:play_time":18826,"minecraft:sprint_one_cm":9967,"minecraft:walk_one_cm":24957,"minecraft:walk_on_water_one_cm":672,"minecraft:deaths":2,"minecraft:sneak_time":35,"minecraft:total_world_time":18826,"minecraft:walk_under_water_one_cm":2322,"minecraft:swim_one_cm":1065,"minecraft:fall_one_cm":7584,"minecraft:fly_one_cm":11819},"minecraft:picked_up":{"magistuarmory:longbow":2}},"DataVersion":3465}