{"stats":{"minecraft:mined":{"minecraft:crafting_table":2,"minecraft:granite":1,"biomesoplenty:huge_clover_petal":2,"minecraft:wall_torch":4,"minecraft:birch_log":7,"minecraft:iron_ore":8,"biomesoplenty:clover":2,"minecraft:grass":4,"minecraft:coal_ore":41,"minecraft:stone":24},"minecraft:crafted":{"minecraft:crafting_table":1,"minecraft:wooden_pickaxe":1,"minecraft:birch_planks":40,"minecraft:stone_axe":1,"minecraft:stick":14,"minecraft:stone_pickaxe":1,"minecraft:torch":8},"minecraft:picked_up":{"minecraft:birch_log":10,"magistuarmory:bascinet":2,"minecraft:crafting_table":2,"minecraft:anvil":1,"iceandfire:dragonsteel_lightning_sword":1,"iceandfire:dragonsteel_lightning_boots":2,"minecraft:purpur_block":6,"minecraft:gunpowder":2,"minecraft:string":2,"iceandfire:dragonsteel_lightning_leggings":2,"magistuarmory:xivcenturyknight_boots":2,"minecraft:bone":1,"nyfsquiver:netherite_quiver":2,"iceandfire:dragonsteel_lightning_helmet":2,"iceandfire:hydra_fang":10,"alexsmobs:elastic_tendon":1,"minecraft:birch_sapling":4,"magistuarmory:xivcenturyknight_leggings":2,"iceandfire:ice_dragon_heart":1,"minecraft:egg":1,"minecraft:raw_iron":8,"minecraft:dark_oak_sapling":1,"minecraft:stick":2,"minecraft:end_stone":3,"minecraft:stone":1,"iceandfire:deathworm_chitin_red":10,"minecraft:red_wool":1,"minecraft:torch":4,"magistuarmory:longbow":7,"iceandfire:dragonsteel_lightning_chestplate":2,"iceandfire:deathworm_chitin_white":4,"minecraft:grass_block":2,"minecraft:spider_eye":1,"alexsmobs:animal_dictionary":1,"minecraft:tnt":26,"minecraft:rotten_flesh":23,"magistuarmory:xivcenturyknight_chestplate":2,"iceandfire:deathworm_chitin_yellow":7,"minecraft:granite":1,"minecraft:golden_apple":64,"minecraft:totem_of_undying":2,"iceandfire:dread_queen_sword":1,"minecraft:coal":41,"minecraft:cobblestone":24},"minecraft:used":{"iceandfire:spawn_egg_hydra":41,"minecraft:purpur_block":3,"iceandfire:dragonsteel_lightning_chestplate":2,"iceandfire:spawn_egg_ice_dragon":15,"minecraft:stone_pickaxe":60,"iceandfire:dragonbone_sword_ice":167,"minecraft:wooden_pickaxe":18,"minecraft:stone":1,"iceandfire:dragonsteel_lightning_helmet":2,"iceandfire:dragonsteel_lightning_leggings":3,"magistuarmory:xivcenturyknight_boots":2,"outer_end:himmelite_spawn_egg":2,"minecraft:golden_apple":2,"minecraft:torch":9,"iceandfire:spawn_egg_dread_thrall":40,"minecraft:anvil":1,"magistuarmory:xivcenturyknight_leggings":1,"minecraft:crafting_table":2,"iceandfire:dragonbone_sword_lightning":8,"iceandfire:spawn_egg_fire_dragon":21,"minecraft:granite":1,"magistuarmory:longbow":212,"minecraft:obsidian":8,"iceandfire:spawn_egg_death_worm":30,"iceandfire:dragonbone_sword_fire":5,"minecraft:red_wool":1,"iceandfire:spawn_egg_stymphalian_bird":18,"minecraft:totem_of_undying":2,"minecraft:stone_axe":6,"minecraft:potion":1,"iceandfire:spawn_egg_lightning_dragon":16,"minecraft:end_crystal":3,"iceandfire:dread_queen_sword":7,"iceandfire:dragonsteel_lightning_sword":7,"iceandfire:dragonsteel_lightning_boots":4,"minecraft:enchanted_golden_apple":1,"outer_end:purpur_golem_spawn_egg":20,"minecraft:dark_oak_sapling":1},"minecraft:custom":{"minecraft:interact_with_furnace":3,"minecraft:interact_with_anvil":2,"minecraft:mob_kills":31,"minecraft:interact_with_crafting_table":5,"minecraft:leave_game":2,"minecraft:time_since_death":1592,"minecraft:time_since_rest":1615,"minecraft:walk_one_cm":124514,"minecraft:sprint_one_cm":45564,"minecraft:damage_taken":5100,"minecraft:damage_absorbed":80,"minecraft:drop":2,"minecraft:damage_dealt":2005,"minecraft:player_kills":2,"minecraft:swim_one_cm":26992,"minecraft:fly_one_cm":303907,"minecraft:open_chest":1,"minecraft:crouch_one_cm":813,"minecraft:play_time":84922,"minecraft:deaths":13,"minecraft:sneak_time":1908,"minecraft:walk_under_water_one_cm":9988,"minecraft:jump":883,"minecraft:walk_on_water_one_cm":3670,"minecraft:total_world_time":84922,"minecraft:fall_one_cm":36432},"minecraft:killed":{"alexsmobs:void_worm":1,"minecraft:spider":1,"alexsmobs:murmur":1,"outer_end:himmelite":1,"minecraft:creeper":3,"minecraft:skeleton":3,"alexsmobs:elephant":1,"minecraft:zombie":4,"alexsmobs:warped_mosco":1,"alexsmobs:bison":1,"alexsmobs:fly":2,"iceandfire:lightning_dragon":3,"alexsmobs:flying_fish":1,"minecraft:cow":2},"minecraft:dropped":{"magistuarmory:longbow":1,"outer_end:levitation_core":1},"minecraft:killed_by":{"minecraft:player":5,"minecraft:spider":1,"alexsmobs:murmur_head":1}},"DataVersion":3465}