{"stats":{"minecraft:killed_by":{"minecraft:creeper":1,"alexsmobs:murmur_head":5,"iceandfire:gorgon":3,"minecraft:skeleton":5,"minecraft:zombie":5,"alexsmobs:grizzly_bear":1,"iceandfire:ghost":3},"minecraft:mined":{"minecraft:white_bed":3,"minecraft:oak_sapling":9,"iceandfire:silver_ore":28,"minecraft:deepslate_diamond_ore":4,"minecraft:jungle_leaves":2,"biomesoplenty:bush":8,"minecraft:allium":1,"minecraft:grass_block":11,"iceandfire:deepslate_silver_ore":1,"minecraft:composter":2,"minecraft:mangrove_propagule":1,"minecraft:spawner":1,"minecraft:large_fern":1,"minecraft:tall_seagrass":1,"minecraft:hay_block":25,"minecraft:carrots":2,"minecraft:furnace":4,"minecraft:iron_ore":14,"minecraft:sticky_piston":1,"minecraft:fire":2,"minecraft:pumpkin":1,"minecraft:deepslate_lapis_ore":10,"minecraft:bookshelf":20,"minecraft:deepslate_iron_ore":28,"minecraft:bamboo":5,"minecraft:stone":107,"minecraft:piston_head":1,"minecraft:oak_fence":32,"minecraft:crafting_table":6,"minecraft:torch":4,"minecraft:melon":9,"iceandfire:ghost_chest":3,"minecraft:chest":1,"minecraft:tall_grass":2,"minecraft:cobblestone":2,"minecraft:deepslate_gold_ore":22,"minecraft:oak_planks":19,"minecraft:sugar_cane":26,"minecraft:wall_torch":19,"minecraft:skeleton_skull":1,"minecraft:seagrass":1,"minecraft:sweet_berry_bush":3,"minecraft:spruce_log":7,"minecraft:black_bed":1,"minecraft:grass":133,"minecraft:coal_ore":113,"minecraft:oak_log":180,"minecraft:beetroots":1,"minecraft:dirt":14,"minecraft:sand":12,"minecraft:cobweb":39,"minecraft:fern":1,"minecraft:stone_bricks":4,"minecraft:deepslate":78,"minecraft:mossy_stone_bricks":1,"minecraft:oak_leaves":57,"biomesoplenty:reed":5},"minecraft:used":{"minecraft:stone_sword":619,"magistuarmory:rustedcrusader_chestplate":2,"minecraft:chest":6,"minecraft:shield":243,"minecraft:iron_sword":11,"minecraft:cooked_salmon":7,"minecraft:cooked_chicken":25,"minecraft:rotten_flesh":40,"minecraft:torch":46,"minecraft:dirt":16,"minecraft:mutton":1,"minecraft:allium":1,"minecraft:carrot":5,"magistuarmory:rustedhalfarmor_chestplate":2,"minecraft:iron_axe":22,"minecraft:iron_boots":1,"magistuarmory:silver_bastardsword":18,"minecraft:bamboo":1,"minecraft:beef":1,"minecraft:oak_sapling":42,"minecraft:furnace":7,"magistuarmory:rusted_bastardsword":8,"minecraft:beetroot_seeds":1,"minecraft:skeleton_skull":1,"minecraft:egg":1,"minecraft:cooked_beef":2,"minecraft:cobbled_deepslate":30,"minecraft:cooked_mutton":16,"alexsmobs:cooked_catfish":2,"minecraft:mossy_stone_bricks":1,"minecraft:leather_leggings":1,"minecraft:stone_pickaxe":374,"minecraft:wooden_pickaxe":22,"minecraft:composter":2,"minecraft:sugar_cane":2,"minecraft:glow_berries":5,"minecraft:crafting_table":10,"minecraft:white_bed":4,"magistuarmory:longbow":4,"minecraft:oak_log":8,"minecraft:dark_prismarine":1,"minecraft:iron_pickaxe":60,"minecraft:bread":7,"minecraft:stone_axe":374,"minecraft:wooden_sword":11,"minecraft:cobblestone":12,"minecraft:cooked_porkchop":3,"minecraft:cobweb":6},"minecraft:crafted":{"minecraft:wooden_sword":1,"minecraft:oak_planks":208,"minecraft:iron_nugget":2,"minecraft:cooked_chicken":32,"minecraft:furnace":2,"magistuarmory:longbow":2,"magistuarmory:silver_shortsword":1,"minecraft:bookshelf":1,"minecraft:cooked_mutton":14,"magistuarmory:hilt":12,"minecraft:stone_pickaxe":4,"minecraft:chest":5,"alexsmobs:cooked_catfish":2,"minecraft:stone_hoe":1,"minecraft:cooked_beef":3,"minecraft:oak_slab":6,"iceandfire:silver_ingot":18,"minecraft:cooked_porkchop":35,"minecraft:crafting_table":5,"minecraft:wooden_pickaxe":2,"minecraft:iron_sword":2,"minecraft:cooked_salmon":9,"minecraft:stone_axe":4,"minecraft:air":0,"magistuarmory:silver_bastardsword":1,"minecraft:tnt":1,"minecraft:lectern":1,"minecraft:book":3,"minecraft:paper":9,"minecraft:shield":6,"minecraft:stick":72,"minecraft:iron_ingot":17,"minecraft:iron_pickaxe":2,"minecraft:stone_sword":5,"nyfsquiver:basic_quiver":1,"minecraft:white_bed":1,"minecraft:torch":16,"iceandfire:silver_pickaxe":1,"magistuarmory:rustedcrusader_chestplate":1,"magistuarmory:leather_strip":12},"minecraft:killed":{"alexsmobs:lobster":1,"alexsmobs:raccoon":6,"iceandfire:gorgon":1,"minecraft:spider":14,"minecraft:skeleton":20,"minecraft:horse":2,"alexsmobs:blue_jay":1,"minecraft:chicken":32,"minecraft:pig":26,"minecraft:salmon":9,"alexsmobs:seal":4,"minecraft:creeper":8,"minecraft:sheep":33,"alexsmobs:catfish":4,"minecraft:goat":1,"minecraft:zombie":26,"alexsmobs:cockroach":1,"iceandfire:ghost":3,"alexsmobs:gazelle":2,"alexsmobs:crow":2,"minecraft:cow":16},"minecraft:picked_up":{"minecraft:wooden_axe":1,"iceandfire:dragon_skull_lightning":2,"minecraft:crafting_table":16,"minecraft:allium":1,"minecraft:chainmail_boots":5,"minecraft:chicken":76,"minecraft:leather_leggings":2,"minecraft:wooden_pickaxe":2,"minecraft:oak_stairs":3,"minecraft:shield":11,"iceandfire:manuscript":4,"minecraft:string":73,"minecraft:iron_axe":5,"minecraft:cooked_salmon":12,"minecraft:sticky_piston":6,"minecraft:cracked_stone_bricks":4,"minecraft:cobbled_deepslate":78,"minecraft:beef":111,"minecraft:iron_nugget":11,"minecraft:poppy":1,"minecraft:iron_pickaxe":2,"minecraft:light_gray_wool":1,"alexsmobs:raccoon_tail":1,"minecraft:melon_slice":80,"minecraft:sugar_cane":125,"minecraft:chest":1,"minecraft:furnace":13,"minecraft:iron_boots":9,"minecraft:egg":1,"minecraft:stick":94,"minecraft:raw_iron":49,"iceandfire:dragonbone":36,"iceandfire:ghost_chest":6,"minecraft:composter":2,"minecraft:oak_fence":32,"minecraft:torch":54,"minecraft:porkchop":167,"magistuarmory:rustedkettlehat":2,"minecraft:carrot":11,"magistuarmory:rustedcrusader_chestplate":5,"minecraft:tnt":1,"iceandfire:silver_ingot":11,"minecraft:stone_sword":15,"minecraft:arrow":79,"minecraft:rotten_flesh":49,"minecraft:beetroot_seeds":1,"minecraft:hay_block":75,"minecraft:gold_ingot":6,"minecraft:mutton":89,"minecraft:white_wool":61,"minecraft:skeleton_skull":8,"alexsmobs:lobster_tail":2,"minecraft:cobblestone":264,"magistuarmory:rustedhalfarmor_chestplate":5,"minecraft:clock":2,"minecraft:feather":55,"minecraft:salmon":9,"minecraft:leather":35,"minecraft:black_bed":1,"minecraft:brown_wool":1,"minecraft:filled_map":6,"magistuarmory:hilt":12,"minecraft:oak_log":177,"iceandfire:ectoplasm":18,"minecraft:gunpowder":17,"minecraft:lapis_lazuli":70,"minecraft:dirt":95,"minecraft:cooked_mutton":10,"minecraft:bone":44,"nyfsquiver:basic_quiver":3,"minecraft:apple":21,"minecraft:stone_bricks":49,"minecraft:bow":4,"minecraft:wheat_seeds":9,"minecraft:raw_gold":21,"minecraft:iron_ingot":41,"minecraft:stone_pickaxe":16,"minecraft:cooked_chicken":23,"minecraft:cobweb":6,"minecraft:bamboo":66,"minecraft:mossy_stone_bricks":23,"minecraft:glowstone_dust":1,"minecraft:iron_sword":2,"minecraft:oak_planks":239,"minecraft:book":60,"minecraft:cooked_porkchop":36,"minecraft:pumpkin":2,"minecraft:sweet_berries":8,"minecraft:stone_brick_slab":12,"magistuarmory:longbow":1,"minecraft:sand":20,"magistuarmory:silver_bastardsword":1,"minecraft:spruce_sapling":5,"minecraft:spruce_log":10,"minecraft:white_bed":8,"magistuarmory:rustedchainmail_leggings":5,"minecraft:spider_eye":6,"alexsmobs:animal_dictionary":1,"minecraft:dark_prismarine":1,"alexsmobs:raw_catfish":13,"iceandfire:silver_pickaxe":7,"minecraft:diamond":4,"minecraft:stone_axe":15,"magistuarmory:rusted_bastardsword":4,"magistuarmory:corruptedroundshield":1,"minecraft:bone_meal":7,"minecraft:gray_wool":2,"minecraft:bread":2,"iceandfire:gorgon_head":1,"minecraft:oak_sapling":117,"minecraft:black_wool":1,"minecraft:mangrove_propagule":1,"minecraft:coal":758,"iceandfire:raw_silver":57},"minecraft:broken":{"minecraft:stone_sword":3,"magistuarmory:rustedkettlehat":1,"magistuarmory:rustedcrusader_chestplate":1,"minecraft:shield":3,"minecraft:stone_axe":2,"magistuarmory:rusted_bastardsword":1,"magistuarmory:rustedchainmail_leggings":1},"minecraft:custom":{"minecraft:mob_kills":223,"minecraft:interact_with_crafting_table":63,"minecraft:leave_game":5,"minecraft:time_since_death":19969,"minecraft:climb_one_cm":9331,"minecraft:sprint_one_cm":1242369,"minecraft:walk_one_cm":988131,"minecraft:damage_blocked_by_shield":2147483647,"minecraft:drop":81,"minecraft:talked_to_villager":4,"minecraft:play_time":347039,"minecraft:deaths":28,"minecraft:sneak_time":1400,"minecraft:walk_under_water_one_cm":66048,"minecraft:jump":5820,"minecraft:walk_on_water_one_cm":87688,"minecraft:total_world_time":347039,"minecraft:interact_with_furnace":80,"minecraft:sleep_in_bed":8,"minecraft:time_since_rest":20015,"minecraft:damage_taken":2147483647,"minecraft:damage_dealt":28523,"minecraft:swim_one_cm":135430,"minecraft:fly_one_cm":1079790,"minecraft:open_chest":90,"minecraft:crouch_one_cm":2370,"minecraft:fall_one_cm":151994,"minecraft:horse_one_cm":889},"minecraft:dropped":{"minecraft:wheat_seeds":2,"minecraft:cooked_beef":1,"minecraft:oak_log":24,"minecraft:crafting_table":1,"minecraft:mangrove_propagule":1,"minecraft:dirt":10,"minecraft:gray_wool":1,"minecraft:wooden_axe":1,"minecraft:iron_axe":1,"minecraft:stone_axe":1,"minecraft:stone_sword":3,"minecraft:sticky_piston":2,"minecraft:chicken":4,"minecraft:rotten_flesh":1,"minecraft:oak_planks":29,"minecraft:cooked_mutton":1,"minecraft:white_bed":1,"minecraft:spider_eye":1,"minecraft:stone_pickaxe":1,"minecraft:wooden_pickaxe":2,"iceandfire:silver_pickaxe":1}},"DataVersion":3465}