{"stats":{"minecraft:crafted":{"minecraft:fishing_rod":1,"minecraft:furnace":1,"minecraft:bow":1,"minecraft:iron_axe":1,"minecraft:stone_pickaxe":1,"minecraft:redstone_block":12,"minecraft:wooden_shovel":1,"minecraft:crafting_table":2,"minecraft:spruce_planks":36,"biomesoplenty:redwood_planks":32,"minecraft:wooden_pickaxe":1,"minecraft:iron_helmet":1,"minecraft:iron_sword":1,"minecraft:bucket":1,"minecraft:stone_axe":3,"minecraft:air":0,"minecraft:diamond_pickaxe":1,"minecraft:charcoal":9,"minecraft:shield":2,"minecraft:stick":52,"minecraft:iron_pickaxe":2,"minecraft:iron_ingot":17,"minecraft:wooden_axe":4,"minecraft:stone_sword":1,"minecraft:torch":24,"minecraft:lapis_block":7},"minecraft:broken":{"minecraft:stone_axe":1,"minecraft:wooden_axe":1},"minecraft:killed":{"minecraft:cave_spider":4,"minecraft:skeleton":3,"minecraft:salmon":11,"minecraft:zombie":4},"minecraft:picked_up":{"minecraft:wooden_axe":5,"minecraft:fishing_rod":1,"minecraft:charcoal":14,"minecraft:iron_chestplate":3,"minecraft:crafting_table":13,"minecraft:redstone_block":12,"minecraft:clay_ball":12,"minecraft:chest_minecart":1,"minecraft:brown_mushroom":1,"minecraft:wooden_pickaxe":3,"minecraft:shield":5,"minecraft:amethyst_block":1,"minecraft:lapis_block":7,"minecraft:string":32,"minecraft:iron_axe":2,"minecraft:iron_leggings":3,"minecraft:cobbled_deepslate":120,"minecraft:bucket":2,"minecraft:spruce_planks":44,"minecraft:wooden_shovel":2,"minecraft:calcite":1,"minecraft:azalea":3,"minecraft:iron_pickaxe":5,"biomesoplenty:redwood_wood":338,"minecraft:furnace":9,"minecraft:iron_boots":3,"minecraft:stick":38,"minecraft:raw_iron":96,"minecraft:torch":34,"minecraft:recovery_compass":1,"minecraft:carrot":3,"minecraft:redstone":251,"biomesoplenty:redwood_planks":1,"minecraft:stone_sword":3,"minecraft:arrow":16,"minecraft:rotten_flesh":10,"minecraft:shears":1,"biomesoplenty:redwood_sapling":62,"minecraft:glow_berries":15,"minecraft:rail":17,"minecraft:cobblestone":44,"minecraft:water_bucket":3,"minecraft:salmon":19,"minecraft:flint":2,"minecraft:tuff":5,"minecraft:gunpowder":1,"minecraft:lapis_lazuli":278,"minecraft:dirt":38,"minecraft:name_tag":2,"minecraft:bone":2,"minecraft:bow":1,"minecraft:wheat_seeds":1,"minecraft:raw_gold":27,"minecraft:iron_ingot":17,"minecraft:stone_pickaxe":3,"minecraft:cobweb":19,"minecraft:moss_block":4,"minecraft:iron_sword":2,"minecraft:flowering_azalea":1,"minecraft:oak_planks":1,"minecraft:gravel":126,"minecraft:sand":1,"magistuarmory:longbow":3,"minecraft:amethyst_shard":32,"minecraft:spruce_sapling":5,"minecraft:spruce_log":70,"alexsmobs:animal_dictionary":9,"minecraft:spider_eye":1,"minecraft:diamond":7,"minecraft:stone_axe":4,"minecraft:iron_helmet":2,"minecraft:oak_sapling":1,"minecraft:coal":47,"minecraft:diamond_pickaxe":3},"minecraft:custom":{"minecraft:mob_kills":22,"minecraft:interact_with_crafting_table":24,"minecraft:leave_game":7,"minecraft:time_since_death":6291,"minecraft:climb_one_cm":908,"minecraft:sprint_one_cm":208788,"minecraft:walk_one_cm":354469,"minecraft:damage_blocked_by_shield":30,"minecraft:drop":75,"minecraft:play_time":136859,"minecraft:deaths":16,"minecraft:sneak_time":1271,"minecraft:walk_under_water_one_cm":21099,"minecraft:jump":1562,"minecraft:interact_with_blast_furnace":1,"minecraft:walk_on_water_one_cm":43907,"minecraft:total_world_time":136859,"minecraft:interact_with_furnace":47,"minecraft:time_since_rest":6320,"minecraft:damage_taken":4806,"minecraft:damage_dealt":4323,"minecraft:swim_one_cm":34262,"minecraft:fly_one_cm":169449,"minecraft:player_kills":7,"minecraft:open_chest":3,"minecraft:crouch_one_cm":162,"minecraft:fall_one_cm":47168},"minecraft:used":{"minecraft:stone_sword":118,"biomesoplenty:redwood_planks":1,"minecraft:shield":2,"minecraft:iron_sword":18,"minecraft:wooden_shovel":58,"minecraft:rotten_flesh":7,"minecraft:torch":28,"minecraft:carrot":1,"minecraft:tuff":5,"minecraft:wooden_axe":87,"minecraft:lava_bucket":1,"biomesoplenty:redwood_wood":37,"minecraft:iron_axe":95,"minecraft:iron_helmet":1,"minecraft:iron_boots":1,"minecraft:furnace":3,"minecraft:cobbled_deepslate":5,"minecraft:water_bucket":7,"minecraft:stone_pickaxe":119,"minecraft:wooden_pickaxe":24,"minecraft:salmon":3,"minecraft:glow_berries":18,"minecraft:sand":1,"minecraft:crafting_table":9,"minecraft:spruce_log":1,"minecraft:iron_pickaxe":109,"minecraft:gravel":71,"minecraft:stone_axe":157,"minecraft:fishing_rod":1,"minecraft:cobblestone":2,"minecraft:bucket":8,"alexsmobs:animal_dictionary":8},"minecraft:mined":{"minecraft:tuff":3,"minecraft:deepslate_diamond_ore":3,"minecraft:glow_lichen":1,"minecraft:cave_vines_plant":2,"minecraft:grass_block":3,"minecraft:spruce_leaves":18,"minecraft:moss_block":4,"minecraft:spawner":1,"minecraft:large_fern":6,"minecraft:redstone_ore":3,"minecraft:furnace":5,"minecraft:iron_ore":19,"minecraft:deepslate_lapis_ore":13,"minecraft:cave_vines":21,"minecraft:deepslate_iron_ore":21,"minecraft:azalea":1,"minecraft:stone":32,"minecraft:deepslate_redstone_ore":22,"minecraft:flowering_azalea":1,"biomesoplenty:redwood_planks":1,"minecraft:clay":2,"minecraft:crafting_table":9,"minecraft:torch":7,"minecraft:tall_grass":1,"minecraft:lapis_ore":14,"minecraft:deepslate_gold_ore":11,"minecraft:oak_planks":1,"minecraft:wall_torch":10,"minecraft:spruce_log":29,"minecraft:grass":2,"minecraft:coal_ore":29,"biomesoplenty:redwood_leaves":36,"minecraft:gravel":61,"minecraft:sand":1,"minecraft:dirt":12,"minecraft:cobweb":9,"minecraft:gold_ore":8,"biomesoplenty:redwood_wood":274,"minecraft:deepslate":32},"minecraft:killed_by":{"minecraft:player":3,"iceandfire:cyclops":2,"minecraft:creeper":1,"minecraft:enderman":1,"minecraft:cave_spider":1,"minecraft:witch":1,"minecraft:zombie":1},"minecraft:dropped":{"minecraft:iron_ingot":2,"minecraft:diamond":1,"minecraft:rail":2,"minecraft:flint":2,"minecraft:flowering_azalea":1,"minecraft:bucket":2,"minecraft:spruce_sapling":1,"minecraft:gravel":55,"minecraft:rotten_flesh":1,"minecraft:clay_ball":4,"minecraft:recovery_compass":1,"minecraft:diamond_pickaxe":1,"minecraft:azalea":2}},"DataVersion":3465}