{"stats":{"minecraft:killed_by":{"minecraft:creeper":1,"alexsmobs:murmur_head":5,"iceandfire:gorgon":3,"minecraft:skeleton":4,"minecraft:zombie":5,"alexsmobs:grizzly_bear":1,"iceandfire:ghost":2},"minecraft:mined":{"minecraft:white_bed":3,"iceandfire:silver_ore":22,"minecraft:deepslate_diamond_ore":4,"biomesoplenty:bush":8,"minecraft:allium":1,"minecraft:grass_block":11,"iceandfire:deepslate_silver_ore":1,"minecraft:composter":2,"minecraft:mangrove_propagule":1,"minecraft:spawner":1,"minecraft:tall_seagrass":1,"minecraft:hay_block":25,"minecraft:furnace":4,"minecraft:carrots":2,"minecraft:iron_ore":7,"minecraft:sticky_piston":1,"minecraft:fire":2,"minecraft:pumpkin":1,"minecraft:deepslate_lapis_ore":10,"minecraft:bookshelf":20,"minecraft:deepslate_iron_ore":28,"minecraft:stone":89,"minecraft:piston_head":1,"minecraft:oak_fence":32,"minecraft:crafting_table":6,"minecraft:torch":4,"iceandfire:ghost_chest":3,"minecraft:chest":1,"minecraft:cobblestone":2,"minecraft:tall_grass":2,"minecraft:deepslate_gold_ore":22,"minecraft:sugar_cane":26,"minecraft:oak_planks":19,"minecraft:wall_torch":19,"minecraft:skeleton_skull":1,"minecraft:seagrass":1,"minecraft:black_bed":1,"minecraft:grass":126,"minecraft:oak_log":53,"minecraft:coal_ore":113,"minecraft:beetroots":1,"minecraft:sand":12,"minecraft:dirt":14,"minecraft:cobweb":39,"minecraft:stone_bricks":4,"minecraft:mossy_stone_bricks":1,"minecraft:oak_leaves":28,"minecraft:deepslate":78,"biomesoplenty:reed":5},"minecraft:used":{"minecraft:stone_sword":573,"magistuarmory:rustedcrusader_chestplate":2,"minecraft:chest":4,"minecraft:shield":187,"minecraft:iron_sword":11,"minecraft:cooked_salmon":7,"minecraft:cooked_chicken":16,"minecraft:rotten_flesh":35,"minecraft:torch":46,"minecraft:dirt":16,"minecraft:mutton":1,"minecraft:carrot":5,"minecraft:allium":1,"magistuarmory:rustedhalfarmor_chestplate":1,"minecraft:beef":1,"minecraft:furnace":7,"magistuarmory:rusted_bastardsword":8,"minecraft:beetroot_seeds":1,"minecraft:skeleton_skull":1,"minecraft:egg":1,"minecraft:cooked_beef":2,"minecraft:cobbled_deepslate":30,"minecraft:cooked_mutton":16,"alexsmobs:cooked_catfish":2,"minecraft:mossy_stone_bricks":1,"minecraft:leather_leggings":1,"minecraft:stone_pickaxe":340,"minecraft:wooden_pickaxe":22,"minecraft:composter":2,"minecraft:sugar_cane":2,"minecraft:glow_berries":5,"minecraft:crafting_table":10,"minecraft:white_bed":4,"minecraft:dark_prismarine":1,"minecraft:bread":7,"minecraft:iron_pickaxe":60,"minecraft:stone_axe":203,"minecraft:wooden_sword":11,"minecraft:cobblestone":12,"minecraft:cooked_porkchop":1,"minecraft:cobweb":6},"minecraft:crafted":{"minecraft:wooden_sword":1,"minecraft:oak_planks":208,"minecraft:cooked_chicken":22,"minecraft:furnace":2,"magistuarmory:longbow":1,"minecraft:bookshelf":1,"minecraft:cooked_mutton":14,"magistuarmory:hilt":6,"minecraft:stone_pickaxe":3,"minecraft:chest":3,"alexsmobs:cooked_catfish":2,"minecraft:stone_hoe":1,"minecraft:cooked_beef":3,"minecraft:oak_slab":6,"minecraft:cooked_porkchop":3,"iceandfire:silver_ingot":14,"minecraft:crafting_table":5,"minecraft:wooden_pickaxe":2,"minecraft:iron_sword":2,"minecraft:cooked_salmon":9,"minecraft:stone_axe":4,"minecraft:air":0,"minecraft:tnt":1,"minecraft:lectern":1,"minecraft:book":3,"minecraft:paper":9,"minecraft:shield":6,"minecraft:stick":72,"minecraft:iron_ingot":15,"minecraft:iron_pickaxe":2,"minecraft:stone_sword":5,"minecraft:white_bed":1,"iceandfire:silver_pickaxe":1,"minecraft:torch":16,"magistuarmory:rustedcrusader_chestplate":1,"magistuarmory:leather_strip":6},"minecraft:killed":{"alexsmobs:lobster":1,"alexsmobs:raccoon":6,"minecraft:spider":9,"iceandfire:gorgon":1,"minecraft:skeleton":15,"minecraft:horse":2,"alexsmobs:blue_jay":1,"minecraft:chicken":32,"minecraft:pig":23,"minecraft:salmon":9,"minecraft:creeper":7,"minecraft:sheep":33,"alexsmobs:catfish":4,"minecraft:goat":1,"minecraft:zombie":21,"alexsmobs:cockroach":1,"iceandfire:ghost":2,"alexsmobs:gazelle":2,"alexsmobs:crow":2,"minecraft:cow":15},"minecraft:picked_up":{"minecraft:wooden_axe":1,"iceandfire:dragon_skull_lightning":2,"minecraft:crafting_table":13,"minecraft:allium":1,"minecraft:chicken":56,"minecraft:leather_leggings":2,"minecraft:wooden_pickaxe":2,"minecraft:shield":8,"iceandfire:manuscript":4,"minecraft:string":67,"minecraft:cooked_salmon":12,"minecraft:sticky_piston":6,"minecraft:cracked_stone_bricks":4,"minecraft:cobbled_deepslate":78,"minecraft:beef":51,"minecraft:poppy":1,"minecraft:iron_nugget":11,"minecraft:light_gray_wool":1,"minecraft:iron_pickaxe":2,"alexsmobs:raccoon_tail":1,"minecraft:sugar_cane":125,"minecraft:chest":1,"minecraft:furnace":10,"minecraft:egg":1,"iceandfire:dragonbone":36,"minecraft:stick":50,"minecraft:raw_iron":35,"iceandfire:ghost_chest":6,"minecraft:composter":2,"minecraft:oak_fence":32,"minecraft:torch":39,"minecraft:porkchop":127,"magistuarmory:rustedkettlehat":2,"minecraft:carrot":11,"magistuarmory:rustedcrusader_chestplate":3,"minecraft:tnt":1,"iceandfire:silver_ingot":11,"minecraft:stone_sword":12,"minecraft:arrow":57,"minecraft:rotten_flesh":44,"minecraft:beetroot_seeds":1,"minecraft:hay_block":75,"minecraft:gold_ingot":6,"minecraft:mutton":65,"alexsmobs:lobster_tail":2,"minecraft:skeleton_skull":8,"minecraft:white_wool":45,"minecraft:cobblestone":192,"minecraft:clock":2,"minecraft:feather":55,"magistuarmory:rustedhalfarmor_chestplate":2,"minecraft:salmon":9,"minecraft:brown_wool":1,"minecraft:black_bed":1,"minecraft:leather":35,"minecraft:filled_map":4,"magistuarmory:hilt":12,"minecraft:oak_log":52,"iceandfire:ectoplasm":12,"minecraft:gunpowder":16,"minecraft:lapis_lazuli":70,"minecraft:dirt":75,"minecraft:cooked_mutton":10,"minecraft:bone":37,"minecraft:apple":10,"minecraft:stone_bricks":49,"minecraft:bow":4,"minecraft:wheat_seeds":8,"minecraft:raw_gold":21,"minecraft:cooked_chicken":14,"minecraft:iron_ingot":36,"minecraft:stone_pickaxe":13,"minecraft:cobweb":6,"minecraft:mossy_stone_bricks":23,"minecraft:glowstone_dust":1,"minecraft:iron_sword":2,"minecraft:oak_planks":237,"minecraft:book":60,"minecraft:pumpkin":2,"minecraft:stone_brick_slab":12,"minecraft:sand":20,"minecraft:white_bed":8,"magistuarmory:rustedchainmail_leggings":2,"minecraft:spider_eye":4,"alexsmobs:animal_dictionary":1,"minecraft:dark_prismarine":1,"iceandfire:silver_pickaxe":3,"alexsmobs:raw_catfish":13,"minecraft:diamond":4,"minecraft:stone_axe":9,"magistuarmory:rusted_bastardsword":4,"minecraft:bone_meal":7,"minecraft:gray_wool":2,"minecraft:bread":2,"minecraft:mangrove_propagule":1,"iceandfire:gorgon_head":1,"minecraft:oak_sapling":71,"minecraft:black_wool":1,"minecraft:coal":619,"iceandfire:raw_silver":47},"minecraft:broken":{"minecraft:stone_sword":2,"magistuarmory:rustedkettlehat":1,"minecraft:shield":2,"magistuarmory:rusted_bastardsword":1,"magistuarmory:rustedchainmail_leggings":1},"minecraft:custom":{"minecraft:mob_kills":195,"minecraft:interact_with_crafting_table":54,"minecraft:leave_game":4,"minecraft:time_since_death":33706,"minecraft:climb_one_cm":5349,"minecraft:sprint_one_cm":1048211,"minecraft:walk_one_cm":819087,"minecraft:damage_blocked_by_shield":2147483647,"minecraft:drop":54,"minecraft:talked_to_villager":4,"minecraft:play_time":278023,"minecraft:deaths":25,"minecraft:sneak_time":1329,"minecraft:walk_under_water_one_cm":62869,"minecraft:jump":4989,"minecraft:walk_on_water_one_cm":82067,"minecraft:total_world_time":278023,"minecraft:interact_with_furnace":64,"minecraft:sleep_in_bed":7,"minecraft:time_since_rest":33731,"minecraft:damage_taken":2147483647,"minecraft:damage_dealt":24278,"minecraft:swim_one_cm":124160,"minecraft:fly_one_cm":922718,"minecraft:open_chest":51,"minecraft:crouch_one_cm":2097,"minecraft:fall_one_cm":127783,"minecraft:horse_one_cm":889},"minecraft:dropped":{"minecraft:wheat_seeds":2,"minecraft:cooked_beef":1,"minecraft:crafting_table":1,"minecraft:mangrove_propagule":1,"minecraft:dirt":10,"minecraft:gray_wool":1,"minecraft:wooden_axe":1,"minecraft:stone_sword":3,"minecraft:sticky_piston":2,"minecraft:chicken":4,"minecraft:rotten_flesh":1,"minecraft:oak_planks":29,"minecraft:cooked_mutton":1,"minecraft:white_bed":1,"minecraft:spider_eye":1,"minecraft:wooden_pickaxe":2,"minecraft:stone_pickaxe":1}},"DataVersion":3465}