{"stats":{"minecraft:killed_by":{"minecraft:skeleton":3,"minecraft:creeper":1,"minecraft:zombie":2,"alexsmobs:grizzly_bear":1,"alexsmobs:murmur_head":5},"minecraft:mined":{"minecraft:white_bed":1,"iceandfire:silver_ore":4,"minecraft:deepslate_diamond_ore":4,"minecraft:oak_fence":32,"minecraft:crafting_table":3,"minecraft:torch":4,"minecraft:grass_block":1,"iceandfire:ghost_chest":2,"iceandfire:deepslate_silver_ore":1,"minecraft:deepslate_gold_ore":22,"minecraft:oak_planks":18,"minecraft:wall_torch":5,"minecraft:spawner":1,"minecraft:furnace":2,"minecraft:iron_ore":4,"minecraft:fire":1,"minecraft:deepslate_lapis_ore":10,"minecraft:grass":1,"minecraft:oak_log":26,"minecraft:coal_ore":58,"minecraft:deepslate_iron_ore":28,"minecraft:cobweb":32,"minecraft:stone":28,"biomesoplenty:reed":5,"minecraft:oak_leaves":17,"minecraft:deepslate":78},"minecraft:used":{"minecraft:cooked_mutton":6,"minecraft:stone_sword":194,"minecraft:stone_pickaxe":183,"minecraft:wooden_pickaxe":3,"minecraft:chest":1,"minecraft:shield":44,"minecraft:iron_sword":11,"minecraft:cooked_salmon":7,"minecraft:rotten_flesh":11,"minecraft:torch":29,"minecraft:glow_berries":5,"minecraft:dirt":1,"minecraft:crafting_table":5,"minecraft:white_bed":1,"magistuarmory:rustedhalfarmor_chestplate":1,"minecraft:bread":3,"minecraft:iron_pickaxe":60,"minecraft:stone_axe":70,"minecraft:wooden_sword":11,"minecraft:furnace":4,"minecraft:cooked_beef":2,"minecraft:cobbled_deepslate":30},"minecraft:crafted":{"minecraft:cooked_beef":3,"minecraft:wooden_sword":1,"minecraft:oak_planks":100,"minecraft:crafting_table":3,"minecraft:wooden_pickaxe":1,"minecraft:iron_sword":1,"minecraft:furnace":1,"minecraft:cooked_salmon":9,"minecraft:stone_axe":2,"minecraft:cooked_mutton":7,"minecraft:shield":2,"minecraft:stick":40,"minecraft:iron_ingot":13,"minecraft:iron_pickaxe":1,"minecraft:stone_pickaxe":2,"minecraft:stone_sword":3,"minecraft:white_bed":1,"minecraft:chest":1,"minecraft:torch":8},"minecraft:killed":{"minecraft:salmon":9,"minecraft:spider":2,"minecraft:creeper":1,"minecraft:sheep":17,"minecraft:skeleton":7,"alexsmobs:catfish":4,"minecraft:zombie":6,"alexsmobs:cockroach":1,"minecraft:cow":2},"minecraft:picked_up":{"minecraft:wooden_axe":1,"minecraft:crafting_table":7,"magistuarmory:rustedhalfarmor_chestplate":1,"minecraft:chicken":4,"minecraft:salmon":9,"minecraft:brown_wool":1,"minecraft:leather":6,"minecraft:wooden_pickaxe":2,"iceandfire:ectoplasm":4,"minecraft:oak_log":25,"minecraft:shield":1,"minecraft:gunpowder":3,"minecraft:lapis_lazuli":70,"minecraft:string":30,"minecraft:dirt":11,"minecraft:cooked_salmon":2,"minecraft:cooked_mutton":7,"minecraft:bone":5,"minecraft:cobbled_deepslate":75,"minecraft:raw_gold":21,"minecraft:beef":10,"minecraft:iron_ingot":5,"minecraft:stone_pickaxe":4,"minecraft:light_gray_wool":1,"minecraft:oak_planks":78,"minecraft:furnace":5,"minecraft:stick":26,"minecraft:raw_iron":32,"iceandfire:ghost_chest":2,"minecraft:oak_fence":32,"minecraft:torch":10,"magistuarmory:rustedkettlehat":2,"minecraft:white_bed":3,"magistuarmory:rustedchainmail_leggings":1,"minecraft:spider_eye":1,"alexsmobs:animal_dictionary":1,"minecraft:arrow":10,"alexsmobs:raw_catfish":7,"minecraft:stone_sword":3,"minecraft:rotten_flesh":15,"minecraft:diamond":4,"minecraft:stone_axe":2,"minecraft:bone_meal":2,"minecraft:gray_wool":2,"minecraft:skeleton_skull":2,"minecraft:oak_sapling":19,"minecraft:black_wool":1,"minecraft:mutton":35,"minecraft:coal":158,"minecraft:white_wool":18,"iceandfire:raw_silver":9,"minecraft:cobblestone":59},"minecraft:broken":{"minecraft:stone_sword":1},"minecraft:custom":{"minecraft:interact_with_furnace":42,"minecraft:mob_kills":52,"minecraft:interact_with_crafting_table":18,"minecraft:leave_game":2,"minecraft:time_since_death":7690,"minecraft:sleep_in_bed":1,"minecraft:time_since_rest":7719,"minecraft:sprint_one_cm":400047,"minecraft:damage_taken":5183,"minecraft:walk_one_cm":340404,"minecraft:damage_blocked_by_shield":2774,"minecraft:drop":47,"minecraft:damage_dealt":7008,"minecraft:swim_one_cm":81475,"minecraft:fly_one_cm":227239,"minecraft:open_chest":12,"minecraft:crouch_one_cm":757,"minecraft:play_time":117757,"minecraft:deaths":14,"minecraft:sneak_time":511,"minecraft:walk_under_water_one_cm":34786,"minecraft:jump":1844,"minecraft:walk_on_water_one_cm":55059,"minecraft:total_world_time":117757,"minecraft:fall_one_cm":44429},"minecraft:dropped":{"minecraft:cooked_beef":1,"minecraft:stone_sword":2,"minecraft:crafting_table":1,"minecraft:chicken":4,"minecraft:rotten_flesh":1,"minecraft:oak_planks":21,"minecraft:cooked_mutton":1,"minecraft:white_bed":1,"minecraft:dirt":10,"minecraft:gray_wool":1,"minecraft:wooden_axe":1,"minecraft:stone_pickaxe":1,"minecraft:wooden_pickaxe":2}},"DataVersion":3465}