{"stats":{"minecraft:broken":{"minecraft:iron_boots":1,"minecraft:iron_chestplate":1,"minecraft:iron_leggings":1,"minecraft:iron_helmet":1},"minecraft:picked_up":{"minecraft:crafting_table":16,"minecraft:chicken":5,"minecraft:wooden_pickaxe":1,"minecraft:gold_block":4,"magistuarmory:barding":1,"minecraft:stone_brick_stairs":1,"minecraft:shield":2,"minecraft:string":24,"minecraft:iron_axe":3,"minecraft:cooked_salmon":2,"minecraft:cracked_stone_bricks":2,"minecraft:cobbled_deepslate":150,"minecraft:beef":16,"minecraft:rose_bush":1,"minecraft:poppy":3,"minecraft:iron_nugget":12,"minecraft:wooden_shovel":1,"minecraft:iron_pickaxe":4,"minecraft:light_gray_wool":1,"minecraft:chest":4,"minecraft:birch_sapling":8,"minecraft:diamond_hoe":2,"minecraft:furnace":10,"minecraft:stick":97,"minecraft:raw_iron":82,"iceandfire:ghost_chest":1,"minecraft:torch":7,"minecraft:porkchop":22,"magistuarmory:rusted_heavymace":2,"magistuarmory:rustedkettlehat":1,"minecraft:music_disc_11":1,"magistuarmory:rustedcrusader_chestplate":2,"xtraarrows:netherite_explosive_arrow":4,"minecraft:stone_sword":2,"minecraft:arrow":10,"minecraft:rotten_flesh":13,"minecraft:diamond_boots":1,"minecraft:gold_ingot":6,"minecraft:obsidian":6,"minecraft:mutton":34,"minecraft:bone_block":10,"minecraft:rail":23,"minecraft:skeleton_skull":2,"minecraft:white_wool":35,"minecraft:cobblestone":118,"minecraft:birch_log":110,"minecraft:feather":14,"minecraft:water_bucket":2,"minecraft:leather":8,"minecraft:flint":8,"minecraft:tuff":30,"minecraft:oak_log":622,"iceandfire:ectoplasm":3,"minecraft:gunpowder":5,"minecraft:lapis_lazuli":14,"minecraft:dirt":36,"minecraft:name_tag":2,"minecraft:cooked_mutton":10,"minecraft:bone":27,"minecraft:apple":13,"minecraft:bow":1,"minecraft:wheat_seeds":1,"minecraft:iron_ingot":12,"minecraft:stone_pickaxe":4,"minecraft:cooked_chicken":1,"minecraft:mossy_stone_bricks":1,"minecraft:iron_sword":1,"minecraft:oak_planks":65,"minecraft:cooked_porkchop":2,"minecraft:music_disc_13":2,"minecraft:gravel":21,"minecraft:white_bed":4,"magistuarmory:rustedchainmail_leggings":1,"alexsmobs:animal_dictionary":1,"biomesoplenty:willow_log":6,"minecraft:diamond":19,"minecraft:stone_axe":5,"magistuarmory:corruptedroundshield":1,"minecraft:bone_meal":1,"minecraft:golden_apple":1,"minecraft:gray_wool":1,"minecraft:bread":10,"minecraft:golden_horse_armor":2,"minecraft:oak_sapling":132,"minecraft:coal":189,"iceandfire:raw_silver":20,"minecraft:diamond_pickaxe":4},"minecraft:killed_by":{"minecraft:player":2,"iceandfire:gorgon":1,"minecraft:skeleton":1},"minecraft:used":{"minecraft:stone_sword":137,"minecraft:flint_and_steel":1,"minecraft:chest":4,"minecraft:shield":22,"minecraft:iron_sword":100,"minecraft:wooden_shovel":11,"minecraft:cooked_chicken":3,"minecraft:torch":18,"minecraft:dirt":20,"minecraft:tuff":29,"minecraft:lava_bucket":8,"minecraft:iron_axe":315,"iceandfire:ghost_chest":1,"minecraft:oak_sapling":2,"minecraft:furnace":8,"minecraft:cooked_beef":6,"minecraft:cobbled_deepslate":38,"minecraft:iron_leggings":1,"minecraft:cooked_mutton":17,"minecraft:water_bucket":9,"minecraft:oak_planks":21,"minecraft:stone_pickaxe":11,"minecraft:wooden_pickaxe":24,"minecraft:diamond_axe":271,"minecraft:white_wool":3,"minecraft:crafting_table":13,"minecraft:white_bed":4,"minecraft:oak_log":1,"minecraft:diamond_pickaxe":169,"minecraft:apple":4,"minecraft:bread":6,"minecraft:string":2,"minecraft:iron_pickaxe":150,"minecraft:stone_axe":52,"minecraft:cobblestone":7,"minecraft:porkchop":1,"minecraft:cooked_porkchop":7,"minecraft:bucket":18},"minecraft:dropped":{"minecraft:iron_ingot":6,"iceandfire:raw_silver":4,"magistuarmory:rustedkettlehat":1,"minecraft:diamond":1,"minecraft:crafting_table":1,"magistuarmory:rustedcrusader_chestplate":2,"minecraft:cobblestone":8,"iceandfire:ectoplasm":2,"minecraft:cracked_stone_bricks":1,"minecraft:coal":51,"minecraft:stick":7,"minecraft:gray_wool":1,"minecraft:cooked_salmon":2,"minecraft:bone_meal":1,"magistuarmory:corruptedroundshield":1,"minecraft:string":16,"minecraft:bone":1,"magistuarmory:rustedchainmail_leggings":1,"minecraft:furnace":1,"minecraft:stone_axe":1,"minecraft:stone_sword":2,"minecraft:cobbled_deepslate":1,"minecraft:tuff":1,"minecraft:diamond_hoe":1,"minecraft:birch_sapling":1,"minecraft:rotten_flesh":10,"minecraft:light_gray_wool":1,"minecraft:cooked_mutton":4,"minecraft:white_bed":1,"minecraft:shield":1,"minecraft:skeleton_skull":1,"minecraft:diamond_pickaxe":2,"minecraft:mossy_stone_bricks":1,"minecraft:oak_sapling":9,"minecraft:arrow":9,"minecraft:wooden_pickaxe":1,"minecraft:stone_pickaxe":4,"minecraft:stone_brick_stairs":1},"minecraft:killed":{"minecraft:spider":3,"minecraft:skeleton":6,"minecraft:chicken":5,"minecraft:pig":4,"minecraft:iron_golem":2,"minecraft:creeper":2,"minecraft:sheep":16,"minecraft:zombie":14,"iceandfire:ghost":3,"alexsmobs:terrapin":1,"alexsmobs:crow":1,"minecraft:cow":2},"minecraft:crafted":{"minecraft:oak_planks":2016,"minecraft:cooked_chicken":2,"minecraft:furnace":4,"minecraft:cooked_mutton":17,"minecraft:flint_and_steel":1,"minecraft:diamond_helmet":1,"minecraft:diamond_leggings":1,"minecraft:iron_boots":1,"minecraft:iron_axe":2,"minecraft:stone_pickaxe":3,"minecraft:chest":2,"minecraft:diamond_boots":1,"minecraft:cooked_beef":6,"minecraft:wooden_shovel":1,"minecraft:emerald":122,"minecraft:cooked_porkchop":7,"minecraft:diamond_axe":1,"minecraft:crafting_table":3,"minecraft:wooden_pickaxe":3,"minecraft:iron_helmet":1,"minecraft:iron_sword":2,"minecraft:bucket":1,"minecraft:birch_planks":376,"minecraft:stone_axe":2,"minecraft:air":0,"minecraft:white_wool":4,"minecraft:iron_chestplate":1,"minecraft:diamond_pickaxe":1,"minecraft:shield":1,"minecraft:stick":3960,"minecraft:iron_ingot":39,"minecraft:iron_pickaxe":1,"minecraft:stone_sword":3,"minecraft:iron_leggings":1,"minecraft:white_bed":1,"minecraft:diamond_chestplate":2},"minecraft:custom":{"minecraft:mob_kills":60,"minecraft:interact_with_crafting_table":35,"minecraft:leave_game":3,"minecraft:time_since_death":18668,"minecraft:climb_one_cm":3622,"minecraft:sprint_one_cm":607344,"minecraft:walk_one_cm":348737,"minecraft:damage_blocked_by_shield":1125,"minecraft:drop":60,"minecraft:talked_to_villager":35,"minecraft:play_time":181610,"minecraft:sneak_time":16963,"minecraft:deaths":5,"minecraft:walk_under_water_one_cm":18193,"minecraft:jump":4839,"minecraft:walk_on_water_one_cm":65604,"minecraft:total_world_time":181610,"minecraft:interact_with_furnace":59,"minecraft:traded_with_villager":127,"minecraft:sleep_in_bed":6,"minecraft:time_since_rest":2383,"minecraft:damage_taken":2147483647,"minecraft:trigger_trapped_chest":2,"minecraft:damage_dealt":10285,"minecraft:swim_one_cm":89217,"minecraft:fly_one_cm":942381,"minecraft:open_chest":35,"minecraft:crouch_one_cm":47582,"minecraft:fall_one_cm":126696},"minecraft:mined":{"biomesoplenty:spanish_moss":1,"minecraft:dark_prismarine":1,"minecraft:tuff":36,"minecraft:white_bed":3,"iceandfire:silver_ore":7,"minecraft:deepslate_diamond_ore":9,"minecraft:obsidian":3,"minecraft:grass_block":4,"minecraft:furnace":8,"minecraft:iron_ore":6,"minecraft:cobbled_deepslate":15,"minecraft:fire":2,"minecraft:gold_block":2,"minecraft:deepslate_iron_ore":37,"minecraft:vine":1,"minecraft:stone":65,"minecraft:bone_block":5,"minecraft:white_wool":3,"minecraft:tripwire":2,"minecraft:glass_pane":4,"minecraft:stone_brick_slab":3,"minecraft:crafting_table":13,"minecraft:torch":1,"minecraft:chest":2,"minecraft:tall_grass":10,"minecraft:cobblestone":5,"minecraft:oak_planks":33,"minecraft:wall_torch":3,"minecraft:skeleton_skull":1,"minecraft:birch_log":37,"minecraft:birch_leaves":1,"minecraft:stone_brick_stairs":2,"minecraft:grass":28,"minecraft:oak_log":455,"minecraft:coal_ore":40,"minecraft:gravel":22,"minecraft:dirt":13,"minecraft:cobweb":7,"minecraft:cracked_stone_bricks":2,"minecraft:stone_bricks":3,"minecraft:netherrack":2,"minecraft:mossy_stone_bricks":6,"minecraft:oak_leaves":100,"minecraft:deepslate":82}},"DataVersion":3465}