{"stats":{"minecraft:broken":{"minecraft:iron_boots":1,"minecraft:iron_chestplate":1,"minecraft:iron_leggings":1,"minecraft:iron_helmet":1},"minecraft:picked_up":{"minecraft:crafting_table":16,"minecraft:chicken":5,"minecraft:nether_brick_fence":2,"iceandfire:witherbone":6,"minecraft:nether_wart":21,"minecraft:wooden_pickaxe":1,"minecraft:gold_block":4,"magistuarmory:barding":1,"minecraft:stone_brick_stairs":1,"minecraft:shield":3,"minecraft:cornflower":2,"minecraft:string":42,"minecraft:cooked_salmon":2,"minecraft:iron_axe":7,"minecraft:cracked_stone_bricks":2,"minecraft:diamond_leggings":2,"minecraft:cobbled_deepslate":150,"minecraft:beef":16,"minecraft:rose_bush":1,"minecraft:iron_nugget":12,"minecraft:wooden_shovel":1,"minecraft:poppy":13,"minecraft:iron_pickaxe":4,"minecraft:light_gray_wool":3,"minecraft:chest":4,"minecraft:birch_sapling":18,"minecraft:diamond_hoe":4,"minecraft:furnace":10,"minecraft:stick":167,"minecraft:raw_iron":82,"iceandfire:ghost_chest":1,"minecraft:torch":7,"magistuarmory:rusted_heavymace":2,"minecraft:porkchop":22,"magistuarmory:rustedkettlehat":1,"minecraft:music_disc_11":1,"magistuarmory:rustedcrusader_chestplate":2,"xtraarrows:netherite_explosive_arrow":12,"minecraft:stone_sword":2,"minecraft:arrow":10,"minecraft:rotten_flesh":19,"minecraft:diamond_chestplate":2,"biomesoplenty:rose_quartz_chunk":24,"minecraft:diamond_boots":3,"minecraft:gold_ingot":6,"minecraft:blaze_rod":7,"minecraft:obsidian":6,"minecraft:mutton":40,"minecraft:bone_block":16,"minecraft:rail":23,"minecraft:skeleton_skull":2,"minecraft:white_wool":45,"minecraft:cobblestone":118,"minecraft:stripped_oak_log":1,"minecraft:birch_log":122,"minecraft:feather":14,"minecraft:golden_carrot":10,"minecraft:water_bucket":2,"minecraft:leather":8,"minecraft:flint":8,"minecraft:tuff":30,"minecraft:oak_log":689,"iceandfire:ectoplasm":4,"minecraft:gunpowder":15,"minecraft:lapis_lazuli":14,"minecraft:dirt":36,"minecraft:name_tag":2,"minecraft:cooked_mutton":10,"minecraft:bone":44,"minecraft:apple":20,"minecraft:bow":3,"minecraft:wheat_seeds":3,"minecraft:iron_ingot":23,"minecraft:stone_pickaxe":5,"minecraft:cooked_chicken":1,"minecraft:mossy_stone_bricks":1,"minecraft:diamond_helmet":2,"minecraft:iron_sword":3,"minecraft:oak_planks":81,"minecraft:cooked_porkchop":2,"minecraft:music_disc_13":2,"minecraft:gravel":21,"minecraft:blast_furnace":1,"minecraft:white_bed":4,"magistuarmory:rustedchainmail_leggings":1,"minecraft:spider_eye":2,"alexsmobs:animal_dictionary":1,"biomesoplenty:willow_log":6,"minecraft:diamond":19,"minecraft:stone_axe":5,"magistuarmory:corruptedroundshield":1,"minecraft:bone_meal":1,"minecraft:golden_apple":1,"minecraft:gray_wool":1,"minecraft:emerald":4,"minecraft:golden_horse_armor":2,"minecraft:bread":19,"minecraft:oak_sapling":230,"minecraft:netherrack":38,"minecraft:coal":189,"iceandfire:raw_silver":20,"minecraft:diamond_pickaxe":6},"minecraft:killed_by":{"minecraft:player":2,"minecraft:wither_skeleton":1,"minecraft:iron_golem":1,"iceandfire:gorgon":1,"minecraft:skeleton":1},"minecraft:used":{"minecraft:stone_sword":137,"minecraft:flint_and_steel":1,"minecraft:chest":4,"minecraft:shield":31,"minecraft:iron_sword":271,"minecraft:wooden_shovel":11,"minecraft:cooked_chicken":3,"minecraft:netherrack":33,"minecraft:torch":18,"minecraft:dirt":20,"minecraft:tuff":29,"minecraft:lava_bucket":8,"minecraft:iron_axe":394,"iceandfire:ghost_chest":1,"minecraft:diamond_chestplate":1,"minecraft:golden_carrot":12,"minecraft:oak_sapling":2,"minecraft:furnace":8,"minecraft:cooked_beef":6,"minecraft:cobbled_deepslate":38,"minecraft:iron_leggings":1,"minecraft:cooked_mutton":17,"minecraft:water_bucket":9,"minecraft:oak_planks":26,"minecraft:stone_pickaxe":11,"minecraft:wooden_pickaxe":24,"minecraft:diamond_axe":271,"minecraft:white_wool":3,"minecraft:crafting_table":14,"minecraft:blast_furnace":1,"minecraft:white_bed":4,"minecraft:oak_log":1,"minecraft:diamond_pickaxe":234,"minecraft:apple":4,"minecraft:bread":9,"minecraft:string":2,"minecraft:iron_pickaxe":150,"minecraft:stone_axe":52,"minecraft:cobblestone":7,"minecraft:porkchop":1,"minecraft:cooked_porkchop":7,"minecraft:bucket":18,"minecraft:stripped_oak_log":1},"minecraft:dropped":{"minecraft:iron_ingot":6,"iceandfire:raw_silver":4,"magistuarmory:rustedkettlehat":1,"minecraft:diamond":1,"minecraft:crafting_table":1,"magistuarmory:rustedcrusader_chestplate":2,"minecraft:cobblestone":8,"iceandfire:ectoplasm":3,"minecraft:cracked_stone_bricks":1,"minecraft:coal":51,"minecraft:stick":7,"minecraft:gray_wool":1,"minecraft:cooked_salmon":2,"minecraft:bone_meal":1,"magistuarmory:corruptedroundshield":1,"minecraft:string":16,"minecraft:bone":1,"magistuarmory:rustedchainmail_leggings":1,"minecraft:furnace":1,"minecraft:stone_axe":1,"minecraft:stone_sword":2,"minecraft:cobbled_deepslate":1,"minecraft:tuff":1,"minecraft:diamond_hoe":1,"minecraft:birch_sapling":1,"minecraft:rotten_flesh":13,"minecraft:light_gray_wool":1,"minecraft:cooked_mutton":4,"minecraft:white_bed":1,"minecraft:shield":1,"minecraft:skeleton_skull":1,"minecraft:diamond_pickaxe":2,"minecraft:mossy_stone_bricks":1,"minecraft:oak_sapling":9,"minecraft:arrow":9,"minecraft:stone_pickaxe":5,"minecraft:wooden_pickaxe":1,"minecraft:stone_brick_stairs":1},"minecraft:killed":{"minecraft:spider":6,"minecraft:skeleton":7,"minecraft:chicken":5,"minecraft:pig":4,"minecraft:iron_golem":3,"minecraft:creeper":4,"minecraft:sheep":18,"minecraft:zombie":14,"iceandfire:ghost":3,"alexsmobs:terrapin":1,"alexsmobs:crow":1,"minecraft:wither_skeleton":9,"minecraft:blaze":12,"minecraft:cow":2},"minecraft:crafted":{"minecraft:golden_carrot":12,"minecraft:oak_planks":2264,"minecraft:cooked_chicken":2,"minecraft:furnace":4,"minecraft:cooked_mutton":17,"minecraft:flint_and_steel":1,"minecraft:diamond_helmet":1,"minecraft:diamond_leggings":1,"minecraft:iron_boots":1,"minecraft:iron_axe":2,"minecraft:stone_pickaxe":3,"minecraft:chest":2,"minecraft:diamond_boots":1,"minecraft:cooked_beef":6,"minecraft:wooden_shovel":1,"minecraft:emerald":138,"minecraft:cooked_porkchop":7,"minecraft:diamond_axe":1,"minecraft:crafting_table":4,"minecraft:wooden_pickaxe":3,"minecraft:iron_helmet":1,"minecraft:iron_sword":2,"minecraft:bucket":1,"minecraft:birch_planks":416,"minecraft:stone_axe":2,"minecraft:air":0,"minecraft:white_wool":4,"minecraft:iron_chestplate":1,"minecraft:diamond_pickaxe":1,"minecraft:shield":2,"minecraft:stick":4496,"minecraft:iron_ingot":39,"minecraft:iron_pickaxe":1,"minecraft:stone_sword":3,"minecraft:iron_leggings":1,"minecraft:white_bed":1,"minecraft:diamond_chestplate":2},"minecraft:custom":{"minecraft:mob_kills":91,"minecraft:interact_with_crafting_table":36,"minecraft:leave_game":5,"minecraft:time_since_death":13722,"minecraft:climb_one_cm":4050,"minecraft:sprint_one_cm":712449,"minecraft:walk_one_cm":419542,"minecraft:damage_blocked_by_shield":1739,"minecraft:drop":63,"minecraft:talked_to_villager":42,"minecraft:play_time":209202,"minecraft:sneak_time":18390,"minecraft:deaths":7,"minecraft:walk_under_water_one_cm":18367,"minecraft:jump":5770,"minecraft:walk_on_water_one_cm":65922,"minecraft:total_world_time":209202,"minecraft:interact_with_furnace":59,"minecraft:traded_with_villager":147,"minecraft:sleep_in_bed":6,"minecraft:time_since_rest":13754,"minecraft:damage_taken":2147483647,"minecraft:trigger_trapped_chest":2,"minecraft:damage_dealt":17215,"minecraft:swim_one_cm":90310,"minecraft:fly_one_cm":1146661,"minecraft:open_chest":43,"minecraft:crouch_one_cm":51345,"minecraft:fall_one_cm":149016},"minecraft:mined":{"biomesoplenty:spanish_moss":1,"minecraft:dark_prismarine":1,"minecraft:tuff":36,"minecraft:white_bed":3,"iceandfire:silver_ore":7,"minecraft:deepslate_diamond_ore":9,"minecraft:obsidian":3,"minecraft:nether_bricks":4,"minecraft:grass_block":4,"minecraft:nether_wart":20,"minecraft:furnace":8,"minecraft:iron_ore":6,"minecraft:fire":4,"minecraft:cobbled_deepslate":15,"minecraft:gold_block":2,"minecraft:nether_brick_fence":3,"minecraft:vine":1,"minecraft:deepslate_iron_ore":37,"minecraft:stripped_oak_log":1,"minecraft:stone":65,"biomesoplenty:rose_quartz_cluster":12,"minecraft:bone_block":13,"minecraft:white_wool":3,"minecraft:tripwire":2,"minecraft:glass_pane":5,"minecraft:stone_brick_slab":3,"minecraft:cornflower":1,"minecraft:crafting_table":13,"minecraft:torch":1,"minecraft:blast_furnace":1,"minecraft:chest":2,"minecraft:tall_grass":10,"minecraft:cobblestone":5,"minecraft:oak_planks":35,"minecraft:wall_torch":3,"minecraft:skeleton_skull":1,"minecraft:birch_log":48,"biomesoplenty:large_rose_quartz_bud":3,"minecraft:birch_leaves":1,"minecraft:stone_brick_stairs":2,"minecraft:grass":29,"minecraft:coal_ore":40,"minecraft:oak_log":509,"minecraft:gravel":22,"minecraft:dirt":13,"minecraft:cobweb":9,"minecraft:cracked_stone_bricks":2,"minecraft:stone_bricks":3,"minecraft:netherrack":36,"minecraft:mossy_stone_bricks":6,"minecraft:oak_leaves":107,"minecraft:deepslate":82}},"DataVersion":3465}