{"stats":{"minecraft:killed_by":{"minecraft:player":1,"minecraft:skeleton":1},"minecraft:mined":{"minecraft:tuff":35,"minecraft:deepslate_diamond_ore":9,"minecraft:crafting_table":8,"minecraft:torch":1,"minecraft:grass_block":3,"minecraft:tall_grass":6,"minecraft:oak_planks":12,"minecraft:wall_torch":3,"minecraft:furnace":6,"minecraft:fire":2,"minecraft:cobbled_deepslate":1,"minecraft:iron_ore":3,"minecraft:gold_block":2,"minecraft:grass":6,"minecraft:oak_log":20,"minecraft:deepslate_iron_ore":37,"minecraft:gravel":1,"minecraft:dirt":12,"minecraft:stone":36,"minecraft:oak_leaves":23,"minecraft:deepslate":82},"minecraft:used":{"minecraft:cooked_mutton":4,"minecraft:stone_sword":126,"minecraft:stone_pickaxe":11,"minecraft:shield":3,"minecraft:wooden_pickaxe":24,"minecraft:wooden_shovel":11,"minecraft:cooked_chicken":3,"minecraft:torch":18,"minecraft:dirt":12,"minecraft:crafting_table":9,"minecraft:tuff":27,"minecraft:diamond_pickaxe":36,"minecraft:bread":2,"minecraft:iron_pickaxe":150,"minecraft:stone_axe":33,"minecraft:cooked_porkchop":4,"minecraft:furnace":6,"minecraft:oak_sapling":2,"minecraft:porkchop":1,"minecraft:cooked_beef":6,"minecraft:cobbled_deepslate":4},"minecraft:crafted":{"minecraft:cooked_beef":6,"minecraft:oak_planks":72,"minecraft:wooden_shovel":1,"minecraft:cooked_porkchop":4,"minecraft:crafting_table":3,"minecraft:wooden_pickaxe":3,"minecraft:cooked_chicken":2,"minecraft:furnace":4,"minecraft:stone_axe":2,"minecraft:cooked_mutton":17,"minecraft:air":0,"minecraft:diamond_pickaxe":1,"minecraft:shield":1,"minecraft:stick":24,"minecraft:iron_pickaxe":1,"minecraft:iron_ingot":3,"minecraft:stone_pickaxe":2,"minecraft:stone_sword":3},"minecraft:killed":{"minecraft:pig":3,"minecraft:spider":1,"minecraft:creeper":1,"minecraft:skeleton":3,"minecraft:sheep":16,"minecraft:zombie":9,"alexsmobs:terrapin":1,"minecraft:chicken":5,"minecraft:cow":2},"minecraft:picked_up":{"minecraft:crafting_table":9,"minecraft:feather":14,"minecraft:chicken":5,"minecraft:leather":4,"minecraft:wooden_pickaxe":1,"minecraft:gold_block":4,"magistuarmory:barding":1,"minecraft:flint":3,"minecraft:tuff":29,"minecraft:oak_log":24,"minecraft:gunpowder":4,"minecraft:dirt":28,"minecraft:string":4,"minecraft:bone":3,"minecraft:cobbled_deepslate":77,"minecraft:beef":16,"minecraft:stone_pickaxe":3,"minecraft:cooked_chicken":1,"minecraft:light_gray_wool":1,"minecraft:wooden_shovel":1,"minecraft:iron_nugget":12,"minecraft:iron_pickaxe":2,"minecraft:oak_planks":22,"minecraft:furnace":5,"minecraft:stick":4,"minecraft:raw_iron":43,"minecraft:cooked_porkchop":2,"minecraft:torch":4,"minecraft:gravel":3,"magistuarmory:rusted_heavymace":2,"minecraft:porkchop":13,"magistuarmory:rustedcrusader_chestplate":1,"alexsmobs:animal_dictionary":1,"minecraft:stone_sword":1,"minecraft:arrow":4,"minecraft:rotten_flesh":7,"minecraft:diamond":10,"minecraft:stone_axe":2,"minecraft:gray_wool":1,"minecraft:oak_sapling":2,"minecraft:mutton":24,"minecraft:rail":3,"minecraft:white_wool":14,"minecraft:cobblestone":34,"minecraft:diamond_pickaxe":1},"minecraft:custom":{"minecraft:interact_with_furnace":31,"minecraft:mob_kills":41,"minecraft:interact_with_crafting_table":19,"minecraft:leave_game":1,"minecraft:time_since_death":46275,"minecraft:sleep_in_bed":1,"minecraft:climb_one_cm":148,"minecraft:time_since_rest":43559,"minecraft:sprint_one_cm":327404,"minecraft:damage_taken":1749,"minecraft:walk_one_cm":175289,"minecraft:damage_blocked_by_shield":195,"minecraft:drop":8,"minecraft:damage_dealt":5184,"minecraft:swim_one_cm":11100,"minecraft:fly_one_cm":353534,"minecraft:open_chest":7,"minecraft:crouch_one_cm":21561,"minecraft:play_time":80945,"minecraft:deaths":3,"minecraft:sneak_time":7438,"minecraft:walk_under_water_one_cm":5010,"minecraft:jump":2192,"minecraft:walk_on_water_one_cm":39668,"minecraft:total_world_time":80945,"minecraft:fall_one_cm":56354},"minecraft:dropped":{"minecraft:diamond":1,"minecraft:rotten_flesh":6,"minecraft:diamond_pickaxe":1,"minecraft:stone_pickaxe":3,"minecraft:wooden_pickaxe":1}},"DataVersion":3465}