{"stats":{"minecraft:killed_by":{"minecraft:player":1,"minecraft:skeleton":1},"minecraft:used":{"minecraft:stone_sword":67,"minecraft:stone_pickaxe":11,"minecraft:wooden_pickaxe":24,"minecraft:wooden_shovel":11,"minecraft:cooked_chicken":3,"minecraft:dirt":10,"minecraft:crafting_table":5,"minecraft:iron_pickaxe":55,"minecraft:stone_axe":15,"minecraft:cooked_porkchop":4,"minecraft:furnace":3,"minecraft:oak_sapling":2,"minecraft:porkchop":1,"minecraft:cobbled_deepslate":4},"minecraft:mined":{"minecraft:tuff":7,"minecraft:deepslate_diamond_ore":4,"minecraft:crafting_table":5,"minecraft:grass_block":3,"minecraft:tall_grass":6,"minecraft:furnace":3,"minecraft:cobbled_deepslate":1,"minecraft:iron_ore":3,"minecraft:gold_block":2,"minecraft:grass":6,"minecraft:oak_log":17,"minecraft:deepslate_iron_ore":5,"minecraft:gravel":1,"minecraft:dirt":12,"minecraft:stone":36,"minecraft:oak_leaves":23,"minecraft:deepslate":22},"minecraft:crafted":{"minecraft:oak_planks":64,"minecraft:wooden_shovel":1,"minecraft:cooked_porkchop":4,"minecraft:crafting_table":3,"minecraft:wooden_pickaxe":3,"minecraft:cooked_chicken":2,"minecraft:furnace":3,"minecraft:stone_axe":2,"minecraft:air":0,"minecraft:stick":20,"minecraft:iron_pickaxe":1,"minecraft:iron_ingot":3,"minecraft:stone_pickaxe":2,"minecraft:stone_sword":3},"minecraft:killed":{"minecraft:pig":3,"minecraft:spider":1,"minecraft:creeper":1,"minecraft:sheep":1,"minecraft:zombie":5,"alexsmobs:terrapin":1,"minecraft:chicken":5,"minecraft:cow":2},"minecraft:picked_up":{"minecraft:crafting_table":6,"minecraft:feather":14,"minecraft:chicken":5,"minecraft:leather":4,"minecraft:wooden_pickaxe":1,"minecraft:gold_block":4,"magistuarmory:barding":1,"minecraft:flint":3,"minecraft:tuff":7,"minecraft:oak_log":21,"minecraft:gunpowder":4,"minecraft:dirt":28,"minecraft:string":4,"minecraft:cobbled_deepslate":24,"minecraft:beef":12,"minecraft:stone_pickaxe":2,"minecraft:cooked_chicken":1,"minecraft:wooden_shovel":1,"minecraft:iron_nugget":12,"minecraft:iron_pickaxe":2,"minecraft:oak_planks":2,"minecraft:furnace":2,"minecraft:stick":4,"minecraft:raw_iron":11,"minecraft:cooked_porkchop":2,"minecraft:gravel":3,"magistuarmory:rusted_heavymace":2,"minecraft:porkchop":13,"alexsmobs:animal_dictionary":1,"minecraft:stone_sword":1,"minecraft:rotten_flesh":1,"minecraft:diamond":5,"minecraft:stone_axe":2,"minecraft:oak_sapling":2,"minecraft:mutton":2,"minecraft:rail":1,"minecraft:white_wool":1,"minecraft:cobblestone":34},"minecraft:custom":{"minecraft:interact_with_furnace":17,"minecraft:mob_kills":19,"minecraft:interact_with_crafting_table":15,"minecraft:leave_game":1,"minecraft:time_since_death":10275,"minecraft:sleep_in_bed":1,"minecraft:climb_one_cm":148,"minecraft:time_since_rest":7559,"minecraft:sprint_one_cm":154073,"minecraft:damage_taken":1052,"minecraft:walk_one_cm":88978,"minecraft:drop":3,"minecraft:damage_dealt":2763,"minecraft:swim_one_cm":9957,"minecraft:fly_one_cm":265612,"minecraft:open_chest":3,"minecraft:crouch_one_cm":11701,"minecraft:play_time":44945,"minecraft:deaths":3,"minecraft:sneak_time":4011,"minecraft:walk_under_water_one_cm":4480,"minecraft:jump":1415,"minecraft:walk_on_water_one_cm":25858,"minecraft:total_world_time":44945,"minecraft:fall_one_cm":44296},"minecraft:dropped":{"minecraft:diamond":1,"minecraft:stone_pickaxe":1,"minecraft:wooden_pickaxe":1}},"DataVersion":3465}