{"stats":{"minecraft:broken":{"minecraft:iron_boots":1,"minecraft:iron_chestplate":1,"minecraft:iron_leggings":1,"minecraft:iron_helmet":1},"minecraft:picked_up":{"minecraft:crafting_table":16,"minecraft:chicken":5,"minecraft:wooden_pickaxe":1,"minecraft:gold_block":4,"magistuarmory:barding":1,"minecraft:stone_brick_stairs":1,"minecraft:shield":2,"minecraft:string":20,"minecraft:iron_axe":2,"minecraft:cooked_salmon":2,"minecraft:cracked_stone_bricks":2,"minecraft:cobbled_deepslate":150,"minecraft:beef":16,"minecraft:rose_bush":1,"minecraft:iron_nugget":12,"minecraft:wooden_shovel":1,"minecraft:iron_pickaxe":4,"minecraft:light_gray_wool":1,"minecraft:chest":4,"minecraft:birch_sapling":2,"minecraft:furnace":10,"minecraft:stick":60,"minecraft:raw_iron":82,"iceandfire:ghost_chest":1,"minecraft:torch":7,"minecraft:porkchop":22,"magistuarmory:rusted_heavymace":2,"magistuarmory:rustedkettlehat":1,"minecraft:music_disc_11":1,"magistuarmory:rustedcrusader_chestplate":2,"minecraft:stone_sword":2,"minecraft:arrow":10,"minecraft:rotten_flesh":11,"minecraft:diamond_boots":1,"minecraft:gold_ingot":6,"minecraft:obsidian":6,"minecraft:mutton":34,"minecraft:bone_block":10,"minecraft:rail":23,"minecraft:skeleton_skull":2,"minecraft:white_wool":31,"minecraft:cobblestone":115,"minecraft:birch_log":2,"minecraft:feather":14,"minecraft:water_bucket":2,"minecraft:leather":8,"minecraft:flint":8,"minecraft:tuff":30,"minecraft:oak_log":245,"iceandfire:ectoplasm":2,"minecraft:gunpowder":5,"minecraft:lapis_lazuli":14,"minecraft:dirt":28,"minecraft:name_tag":2,"minecraft:cooked_mutton":10,"minecraft:bone":27,"minecraft:apple":6,"minecraft:iron_ingot":6,"minecraft:stone_pickaxe":4,"minecraft:cooked_chicken":1,"minecraft:mossy_stone_bricks":1,"minecraft:iron_sword":1,"minecraft:oak_planks":41,"minecraft:cooked_porkchop":2,"minecraft:music_disc_13":2,"minecraft:gravel":21,"minecraft:white_bed":4,"magistuarmory:rustedchainmail_leggings":1,"alexsmobs:animal_dictionary":1,"biomesoplenty:willow_log":6,"minecraft:diamond":19,"minecraft:stone_axe":5,"magistuarmory:corruptedroundshield":1,"minecraft:bone_meal":1,"minecraft:golden_apple":1,"minecraft:gray_wool":1,"minecraft:golden_horse_armor":2,"minecraft:oak_sapling":81,"minecraft:coal":189,"iceandfire:raw_silver":20,"minecraft:diamond_pickaxe":3},"minecraft:killed_by":{"minecraft:player":1,"iceandfire:gorgon":1,"minecraft:skeleton":1},"minecraft:used":{"minecraft:stone_sword":137,"minecraft:flint_and_steel":1,"minecraft:chest":4,"minecraft:shield":22,"minecraft:iron_sword":68,"minecraft:wooden_shovel":11,"minecraft:cooked_chicken":3,"minecraft:torch":18,"minecraft:dirt":12,"minecraft:tuff":29,"minecraft:lava_bucket":8,"minecraft:iron_axe":131,"iceandfire:ghost_chest":1,"minecraft:oak_sapling":2,"minecraft:furnace":8,"minecraft:cooked_beef":6,"minecraft:cobbled_deepslate":38,"minecraft:iron_leggings":1,"minecraft:cooked_mutton":17,"minecraft:water_bucket":9,"minecraft:oak_planks":9,"minecraft:stone_pickaxe":11,"minecraft:wooden_pickaxe":24,"minecraft:diamond_axe":151,"minecraft:white_wool":3,"minecraft:crafting_table":13,"minecraft:white_bed":4,"minecraft:oak_log":1,"minecraft:diamond_pickaxe":165,"minecraft:apple":3,"minecraft:bread":2,"minecraft:string":2,"minecraft:iron_pickaxe":150,"minecraft:stone_axe":52,"minecraft:cobblestone":7,"minecraft:porkchop":1,"minecraft:cooked_porkchop":6,"minecraft:bucket":18},"minecraft:dropped":{"minecraft:iron_ingot":6,"iceandfire:raw_silver":4,"magistuarmory:rustedkettlehat":1,"minecraft:diamond":1,"minecraft:crafting_table":1,"magistuarmory:rustedcrusader_chestplate":2,"minecraft:cobblestone":8,"iceandfire:ectoplasm":2,"minecraft:cracked_stone_bricks":1,"minecraft:coal":51,"minecraft:stick":7,"minecraft:gray_wool":1,"minecraft:cooked_salmon":2,"minecraft:bone_meal":1,"magistuarmory:corruptedroundshield":1,"minecraft:string":16,"minecraft:bone":1,"magistuarmory:rustedchainmail_leggings":1,"minecraft:furnace":1,"minecraft:stone_axe":1,"minecraft:stone_sword":2,"minecraft:cobbled_deepslate":1,"minecraft:tuff":1,"minecraft:birch_sapling":1,"minecraft:rotten_flesh":10,"minecraft:light_gray_wool":1,"minecraft:cooked_mutton":4,"minecraft:white_bed":1,"minecraft:shield":1,"minecraft:skeleton_skull":1,"minecraft:diamond_pickaxe":2,"minecraft:mossy_stone_bricks":1,"minecraft:oak_sapling":9,"minecraft:arrow":9,"minecraft:wooden_pickaxe":1,"minecraft:stone_pickaxe":4,"minecraft:stone_brick_stairs":1},"minecraft:killed":{"minecraft:spider":1,"minecraft:skeleton":6,"minecraft:chicken":5,"minecraft:pig":4,"minecraft:creeper":2,"minecraft:sheep":16,"minecraft:zombie":12,"iceandfire:ghost":2,"alexsmobs:terrapin":1,"alexsmobs:crow":1,"minecraft:cow":2},"minecraft:crafted":{"minecraft:oak_planks":580,"minecraft:cooked_chicken":2,"minecraft:furnace":4,"minecraft:cooked_mutton":17,"minecraft:flint_and_steel":1,"minecraft:iron_boots":1,"minecraft:iron_axe":1,"minecraft:stone_pickaxe":2,"minecraft:chest":2,"minecraft:cooked_beef":6,"minecraft:wooden_shovel":1,"minecraft:emerald":28,"minecraft:cooked_porkchop":7,"minecraft:diamond_axe":1,"minecraft:crafting_table":3,"minecraft:wooden_pickaxe":3,"minecraft:iron_helmet":1,"minecraft:iron_sword":1,"minecraft:bucket":1,"minecraft:birch_planks":8,"minecraft:stone_axe":2,"minecraft:air":0,"minecraft:white_wool":4,"minecraft:iron_chestplate":1,"minecraft:diamond_pickaxe":1,"minecraft:shield":1,"minecraft:stick":992,"minecraft:iron_ingot":39,"minecraft:iron_pickaxe":1,"minecraft:stone_sword":3,"minecraft:iron_leggings":1,"minecraft:white_bed":1,"minecraft:diamond_chestplate":1},"minecraft:custom":{"minecraft:mob_kills":53,"minecraft:interact_with_crafting_table":31,"minecraft:leave_game":3,"minecraft:time_since_death":34769,"minecraft:climb_one_cm":3622,"minecraft:sprint_one_cm":533223,"minecraft:walk_one_cm":302984,"minecraft:damage_blocked_by_shield":1125,"minecraft:drop":59,"minecraft:talked_to_villager":13,"minecraft:play_time":157610,"minecraft:sneak_time":13816,"minecraft:deaths":4,"minecraft:walk_under_water_one_cm":17397,"minecraft:jump":4139,"minecraft:walk_on_water_one_cm":64233,"minecraft:total_world_time":157610,"minecraft:interact_with_furnace":58,"minecraft:traded_with_villager":29,"minecraft:sleep_in_bed":5,"minecraft:time_since_rest":3080,"minecraft:damage_taken":2147483647,"minecraft:trigger_trapped_chest":2,"minecraft:damage_dealt":7925,"minecraft:swim_one_cm":79999,"minecraft:fly_one_cm":768975,"minecraft:open_chest":34,"minecraft:crouch_one_cm":40130,"minecraft:fall_one_cm":109301},"minecraft:mined":{"biomesoplenty:spanish_moss":1,"minecraft:dark_prismarine":1,"minecraft:tuff":36,"minecraft:white_bed":3,"iceandfire:silver_ore":7,"minecraft:deepslate_diamond_ore":9,"minecraft:obsidian":3,"minecraft:grass_block":4,"minecraft:furnace":8,"minecraft:iron_ore":6,"minecraft:cobbled_deepslate":15,"minecraft:fire":2,"minecraft:gold_block":2,"minecraft:deepslate_iron_ore":37,"minecraft:vine":1,"minecraft:stone":65,"minecraft:bone_block":5,"minecraft:white_wool":3,"minecraft:tripwire":2,"minecraft:glass_pane":1,"minecraft:stone_brick_slab":3,"minecraft:crafting_table":13,"minecraft:torch":1,"minecraft:chest":2,"minecraft:tall_grass":8,"minecraft:cobblestone":2,"minecraft:oak_planks":16,"minecraft:wall_torch":3,"minecraft:skeleton_skull":1,"minecraft:birch_log":2,"minecraft:stone_brick_stairs":2,"minecraft:grass":15,"minecraft:oak_log":243,"minecraft:coal_ore":40,"minecraft:gravel":22,"minecraft:dirt":12,"minecraft:cobweb":5,"minecraft:cracked_stone_bricks":2,"minecraft:stone_bricks":3,"minecraft:netherrack":2,"minecraft:mossy_stone_bricks":6,"minecraft:oak_leaves":77,"minecraft:deepslate":82}},"DataVersion":3465}