{"stats":{"minecraft:killed_by":{"minecraft:player":1,"minecraft:skeleton":1},"minecraft:used":{"minecraft:stone_sword":137,"minecraft:chest":2,"minecraft:shield":19,"minecraft:iron_sword":13,"minecraft:wooden_shovel":11,"minecraft:cooked_chicken":3,"minecraft:torch":18,"minecraft:dirt":12,"minecraft:tuff":29,"minecraft:iron_axe":14,"iceandfire:ghost_chest":1,"minecraft:oak_sapling":2,"minecraft:furnace":8,"minecraft:cooked_beef":6,"minecraft:cobbled_deepslate":37,"minecraft:iron_leggings":1,"minecraft:cooked_mutton":14,"minecraft:water_bucket":6,"minecraft:stone_pickaxe":11,"minecraft:oak_planks":8,"minecraft:wooden_pickaxe":24,"minecraft:crafting_table":13,"minecraft:white_bed":2,"minecraft:oak_log":1,"minecraft:diamond_pickaxe":134,"minecraft:bread":2,"minecraft:iron_pickaxe":150,"minecraft:stone_axe":52,"minecraft:porkchop":1,"minecraft:cooked_porkchop":4,"minecraft:bucket":7},"minecraft:mined":{"biomesoplenty:spanish_moss":1,"minecraft:tuff":36,"minecraft:white_bed":2,"iceandfire:silver_ore":2,"minecraft:deepslate_diamond_ore":9,"minecraft:obsidian":3,"minecraft:grass_block":4,"minecraft:furnace":8,"minecraft:iron_ore":6,"minecraft:cobbled_deepslate":15,"minecraft:fire":2,"minecraft:gold_block":2,"minecraft:deepslate_iron_ore":37,"minecraft:stone":63,"minecraft:crafting_table":13,"minecraft:torch":1,"minecraft:chest":2,"minecraft:tall_grass":8,"minecraft:oak_planks":15,"minecraft:wall_torch":3,"minecraft:birch_log":2,"minecraft:stone_brick_stairs":1,"minecraft:grass":8,"minecraft:oak_log":27,"minecraft:coal_ore":40,"minecraft:dirt":12,"minecraft:gravel":1,"minecraft:netherrack":2,"minecraft:oak_leaves":23,"minecraft:deepslate":82},"minecraft:crafted":{"minecraft:oak_planks":96,"minecraft:cooked_chicken":2,"minecraft:furnace":4,"minecraft:cooked_mutton":17,"minecraft:iron_boots":1,"minecraft:iron_axe":1,"minecraft:stone_pickaxe":2,"minecraft:chest":2,"minecraft:cooked_beef":6,"minecraft:wooden_shovel":1,"minecraft:cooked_porkchop":4,"minecraft:crafting_table":3,"minecraft:wooden_pickaxe":3,"minecraft:iron_helmet":1,"minecraft:iron_sword":1,"minecraft:bucket":1,"minecraft:birch_planks":8,"minecraft:stone_axe":2,"minecraft:air":0,"minecraft:iron_chestplate":1,"minecraft:diamond_pickaxe":1,"minecraft:shield":1,"minecraft:stick":24,"minecraft:iron_ingot":27,"minecraft:iron_pickaxe":1,"minecraft:stone_sword":3,"minecraft:iron_leggings":1,"minecraft:white_bed":1},"minecraft:killed":{"minecraft:spider":1,"minecraft:skeleton":6,"minecraft:chicken":5,"minecraft:pig":4,"minecraft:creeper":1,"minecraft:sheep":16,"minecraft:zombie":11,"iceandfire:ghost":2,"alexsmobs:terrapin":1,"minecraft:cow":2},"minecraft:picked_up":{"minecraft:crafting_table":15,"minecraft:chicken":5,"minecraft:wooden_pickaxe":1,"minecraft:gold_block":4,"magistuarmory:barding":1,"minecraft:stone_brick_stairs":1,"minecraft:shield":1,"minecraft:string":5,"minecraft:cooked_salmon":2,"minecraft:cobbled_deepslate":121,"minecraft:beef":16,"minecraft:iron_nugget":12,"minecraft:wooden_shovel":1,"minecraft:iron_pickaxe":3,"minecraft:light_gray_wool":1,"minecraft:chest":2,"minecraft:furnace":9,"minecraft:raw_iron":70,"minecraft:stick":11,"iceandfire:ghost_chest":1,"minecraft:torch":4,"minecraft:porkchop":19,"magistuarmory:rusted_heavymace":2,"magistuarmory:rustedkettlehat":1,"magistuarmory:rustedcrusader_chestplate":2,"minecraft:stone_sword":2,"minecraft:arrow":10,"minecraft:rotten_flesh":9,"minecraft:gold_ingot":3,"minecraft:mutton":29,"minecraft:obsidian":3,"minecraft:skeleton_skull":1,"minecraft:white_wool":14,"minecraft:rail":13,"minecraft:cobblestone":88,"minecraft:birch_log":2,"minecraft:feather":14,"minecraft:water_bucket":1,"minecraft:leather":6,"minecraft:flint":4,"minecraft:tuff":30,"minecraft:oak_log":31,"iceandfire:ectoplasm":2,"minecraft:gunpowder":4,"minecraft:lapis_lazuli":7,"minecraft:dirt":28,"minecraft:cooked_mutton":9,"minecraft:bone":5,"minecraft:iron_ingot":3,"minecraft:stone_pickaxe":4,"minecraft:cooked_chicken":1,"minecraft:oak_planks":25,"minecraft:cooked_porkchop":2,"minecraft:music_disc_13":1,"minecraft:gravel":3,"minecraft:white_bed":3,"magistuarmory:rustedchainmail_leggings":1,"alexsmobs:animal_dictionary":1,"biomesoplenty:willow_log":6,"minecraft:diamond":10,"minecraft:stone_axe":4,"magistuarmory:corruptedroundshield":1,"minecraft:bone_meal":1,"minecraft:gray_wool":1,"minecraft:golden_horse_armor":1,"minecraft:oak_sapling":11,"minecraft:coal":154,"iceandfire:raw_silver":8,"minecraft:diamond_pickaxe":2},"minecraft:custom":{"minecraft:mob_kills":49,"minecraft:interact_with_crafting_table":30,"minecraft:leave_game":1,"minecraft:time_since_death":82275,"minecraft:climb_one_cm":308,"minecraft:sprint_one_cm":408202,"minecraft:walk_one_cm":222171,"minecraft:damage_blocked_by_shield":885,"minecraft:drop":46,"minecraft:play_time":116945,"minecraft:deaths":3,"minecraft:sneak_time":8969,"minecraft:walk_under_water_one_cm":15980,"minecraft:jump":3094,"minecraft:walk_on_water_one_cm":60611,"minecraft:total_world_time":116945,"minecraft:interact_with_furnace":49,"minecraft:sleep_in_bed":2,"minecraft:time_since_rest":10924,"minecraft:damage_taken":2303,"minecraft:trigger_trapped_chest":2,"minecraft:damage_dealt":6789,"minecraft:swim_one_cm":73512,"minecraft:fly_one_cm":523265,"minecraft:open_chest":15,"minecraft:crouch_one_cm":26476,"minecraft:fall_one_cm":81664},"minecraft:dropped":{"minecraft:iron_ingot":3,"iceandfire:raw_silver":4,"magistuarmory:rustedkettlehat":1,"minecraft:diamond":1,"minecraft:crafting_table":1,"magistuarmory:rustedcrusader_chestplate":2,"minecraft:cobblestone":8,"iceandfire:ectoplasm":2,"minecraft:coal":51,"minecraft:stick":7,"minecraft:gray_wool":1,"minecraft:cooked_salmon":2,"minecraft:bone_meal":1,"magistuarmory:corruptedroundshield":1,"minecraft:string":1,"minecraft:bone":1,"magistuarmory:rustedchainmail_leggings":1,"minecraft:furnace":1,"minecraft:stone_axe":1,"minecraft:cobbled_deepslate":1,"minecraft:stone_sword":2,"minecraft:tuff":1,"minecraft:rotten_flesh":8,"minecraft:light_gray_wool":1,"minecraft:cooked_mutton":4,"minecraft:white_bed":1,"minecraft:shield":1,"minecraft:skeleton_skull":1,"minecraft:diamond_pickaxe":1,"minecraft:oak_sapling":9,"minecraft:arrow":8,"minecraft:stone_pickaxe":4,"minecraft:wooden_pickaxe":1,"minecraft:stone_brick_stairs":1}},"DataVersion":3465}