{"stats":{"minecraft:killed":{"minecraft:sheep":1},"minecraft:custom":{"minecraft:jump":95,"minecraft:time_since_rest":17023,"minecraft:damage_taken":20,"minecraft:damage_dealt":80,"minecraft:crouch_one_cm":200,"minecraft:leave_game":2,"minecraft:play_time":17023,"minecraft:sprint_one_cm":23966,"minecraft:time_since_death":17023,"minecraft:walk_on_water_one_cm":4113,"minecraft:walk_one_cm":7059,"minecraft:sneak_time":1714,"minecraft:total_world_time":17023,"minecraft:walk_under_water_one_cm":8488,"minecraft:mob_kills":1,"minecraft:fall_one_cm":1242,"minecraft:fly_one_cm":495190}},"DataVersion":3465}