{"stats":{"minecraft:crafted":{"minecraft:cooked_cod":4,"minecraft:oak_door":3,"minecraft:oak_planks":84,"minecraft:cooked_porkchop":1,"alexsmobs:cooked_lobster_tail":6,"minecraft:spruce_planks":28,"minecraft:wooden_pickaxe":1,"minecraft:stone":12,"minecraft:stone_axe":3,"minecraft:oak_trapdoor":4,"minecraft:stone_brick_stairs":8,"minecraft:shield":3,"minecraft:stick":24,"minecraft:iron_ingot":5,"minecraft:iron_pickaxe":1,"minecraft:stone_pickaxe":2,"minecraft:wooden_axe":1,"minecraft:stone_sword":1,"minecraft:chest":4,"minecraft:torch":24,"minecraft:stone_bricks":12},"minecraft:killed":{"alexsmobs:lobster":3,"alexsmobs:grizzly_bear":1,"minecraft:salmon":1,"minecraft:spider":2,"minecraft:cod":4,"minecraft:creeper":4,"minecraft:skeleton":5,"minecraft:sheep":1,"minecraft:goat":1,"minecraft:zombie":13,"alexsmobs:fly":1,"alexsmobs:flying_fish":2},"minecraft:picked_up":{"minecraft:wooden_axe":2,"minecraft:stripped_oak_log":1,"minecraft:crafting_table":6,"minecraft:andesite":1,"minecraft:salmon":1,"minecraft:jungle_fence":2,"minecraft:stone_brick_stairs":3,"minecraft:oak_log":48,"minecraft:shield":2,"minecraft:gunpowder":3,"minecraft:dirt":105,"minecraft:string":1,"minecraft:oak_trapdoor":1,"minecraft:iron_leggings":2,"minecraft:bone":3,"minecraft:apple":1,"minecraft:wheat_seeds":4,"minecraft:iron_ingot":4,"minecraft:stone_pickaxe":4,"minecraft:iron_pickaxe":2,"minecraft:oak_planks":92,"minecraft:furnace":1,"minecraft:stick":4,"minecraft:raw_iron":10,"minecraft:cooked_porkchop":2,"minecraft:sweet_berries":32,"minecraft:torch":21,"minecraft:dandelion":2,"minecraft:note_block":7,"minecraft:porkchop":4,"minecraft:spruce_log":7,"minecraft:golden_chestplate":2,"alexsmobs:animal_dictionary":2,"minecraft:arrow":5,"minecraft:rotten_flesh":5,"minecraft:stone_axe":2,"alexsmobs:maggot":1,"minecraft:obsidian":4,"minecraft:cod":4,"minecraft:coal":39,"alexsmobs:lobster_tail":8,"alexsmobs:flying_fish":2,"minecraft:cobblestone":260,"minecraft:sunflower":2},"minecraft:custom":{"minecraft:interact_with_furnace":24,"minecraft:mob_kills":38,"minecraft:interact_with_crafting_table":25,"minecraft:tune_noteblock":49,"minecraft:leave_game":4,"minecraft:time_since_death":36401,"minecraft:sleep_in_bed":1,"minecraft:climb_one_cm":28814,"minecraft:time_since_rest":36434,"minecraft:sprint_one_cm":286507,"minecraft:damage_taken":1315,"minecraft:walk_one_cm":292060,"minecraft:damage_blocked_by_shield":530,"minecraft:drop":28,"minecraft:damage_dealt":6289,"minecraft:play_noteblock":56,"minecraft:swim_one_cm":14442,"minecraft:fly_one_cm":682858,"minecraft:open_chest":19,"minecraft:crouch_one_cm":5459,"minecraft:play_time":103419,"minecraft:deaths":3,"minecraft:sneak_time":4027,"minecraft:walk_under_water_one_cm":31563,"minecraft:jump":1305,"minecraft:walk_on_water_one_cm":20226,"minecraft:total_world_time":103419,"minecraft:fall_one_cm":19628},"minecraft:mined":{"minecraft:note_block":7,"minecraft:crafting_table":3,"minecraft:torch":1,"minecraft:grass_block":8,"minecraft:cobblestone":21,"minecraft:spruce_leaves":4,"minecraft:wall_torch":12,"minecraft:oak_trapdoor":1,"minecraft:iron_ore":11,"minecraft:fire":6,"minecraft:sweet_berry_bush":3,"minecraft:spruce_log":7,"minecraft:jungle_fence":2,"biomesoplenty:maple_leaves":2,"minecraft:stone_brick_stairs":3,"minecraft:grass":5,"minecraft:coal_ore":19,"minecraft:oak_log":49,"minecraft:sunflower":1,"minecraft:dirt":20,"minecraft:stripped_oak_log":1,"minecraft:cobweb":1,"minecraft:stone":120,"minecraft:netherrack":1,"minecraft:fern":1},"minecraft:used":{"minecraft:oak_trapdoor":5,"minecraft:stone_sword":1,"minecraft:stone_pickaxe":123,"minecraft:oak_planks":1,"minecraft:jungle_fence":2,"minecraft:chest":4,"minecraft:wooden_pickaxe":14,"minecraft:shield":16,"minecraft:rotten_flesh":3,"minecraft:oak_door":2,"minecraft:salmon":1,"minecraft:torch":37,"minecraft:dirt":73,"minecraft:crafting_table":2,"minecraft:note_block":7,"minecraft:oak_log":14,"minecraft:wooden_axe":1,"minecraft:apple":1,"minecraft:sunflower":2,"minecraft:iron_pickaxe":50,"alexsmobs:cooked_lobster_tail":5,"minecraft:stone_brick_stairs":6,"minecraft:stone_axe":144,"minecraft:cobblestone":57,"minecraft:sweet_berries":34,"minecraft:cooked_cod":4,"minecraft:furnace":1,"minecraft:cooked_porkchop":1,"alexsmobs:animal_dictionary":1,"minecraft:dandelion":2},"minecraft:killed_by":{"alexsmobs:grizzly_bear":1},"minecraft:dropped":{"minecraft:stone_axe":1,"alexsmobs:maggot":1,"minecraft:sweet_berries":3,"minecraft:porkchop":4,"minecraft:wheat_seeds":1,"minecraft:golden_chestplate":3,"minecraft:crafting_table":1,"minecraft:cooked_porkchop":2,"minecraft:stick":1,"minecraft:shield":2,"minecraft:gunpowder":3,"minecraft:golden_carrot":6,"minecraft:wooden_axe":1,"minecraft:andesite":1,"minecraft:iron_leggings":1,"minecraft:string":1}},"DataVersion":3465}