{"stats":{"minecraft:killed_by":{"minecraft:zombie":1},"minecraft:mined":{"minecraft:tuff":1,"minecraft:white_bed":1,"minecraft:oak_fence":6,"minecraft:crafting_table":3,"minecraft:grass_block":3,"minecraft:oak_planks":14,"minecraft:birch_log":5,"minecraft:fire":1,"minecraft:birch_leaves":1,"minecraft:grass":4,"minecraft:oak_log":13,"minecraft:deepslate_iron_ore":4,"minecraft:dirt":22,"minecraft:cobweb":24,"minecraft:stone":21,"minecraft:oak_leaves":8,"minecraft:deepslate":6},"minecraft:used":{"minecraft:cooked_mutton":4,"minecraft:stone_sword":63,"minecraft:stone_pickaxe":25,"minecraft:chest":1,"minecraft:wooden_pickaxe":14,"minecraft:cooked_chicken":3,"minecraft:rotten_flesh":2,"minecraft:torch":3,"minecraft:dirt":14,"minecraft:crafting_table":4,"minecraft:white_bed":2,"minecraft:tuff":1,"minecraft:oak_log":1,"minecraft:wooden_axe":50,"minecraft:apple":1,"minecraft:furnace":1,"minecraft:cooked_beef":3},"minecraft:crafted":{"minecraft:cooked_beef":2,"minecraft:oak_planks":48,"minecraft:crafting_table":1,"minecraft:wooden_pickaxe":1,"minecraft:iron_sword":1,"minecraft:birch_planks":20,"minecraft:cooked_mutton":6,"minecraft:air":0,"minecraft:bow":1,"minecraft:shield":1,"minecraft:stick":20,"minecraft:iron_pickaxe":1,"minecraft:iron_ingot":15,"minecraft:stone_pickaxe":1,"minecraft:wooden_axe":2,"minecraft:chest":1,"minecraft:white_bed":1},"minecraft:killed":{"minecraft:cave_spider":1,"minecraft:sheep":17,"minecraft:zombie":3,"minecraft:chicken":4,"minecraft:cow":2},"minecraft:picked_up":{"minecraft:wooden_axe":1,"minecraft:birch_log":5,"minecraft:crafting_table":5,"minecraft:feather":4,"minecraft:cooked_beef":1,"minecraft:chicken":8,"minecraft:leather":4,"minecraft:wooden_pickaxe":2,"minecraft:tuff":1,"minecraft:oak_log":13,"minecraft:string":30,"minecraft:dirt":34,"minecraft:cooked_mutton":1,"minecraft:apple":1,"minecraft:cobbled_deepslate":7,"minecraft:beef":8,"minecraft:stone_pickaxe":3,"minecraft:cooked_chicken":4,"minecraft:iron_pickaxe":2,"minecraft:oak_planks":28,"minecraft:furnace":1,"minecraft:stick":1,"minecraft:raw_iron":4,"minecraft:cooked_porkchop":2,"minecraft:oak_fence":6,"minecraft:white_bed":2,"minecraft:spider_eye":1,"minecraft:stone_sword":4,"minecraft:rotten_flesh":5,"minecraft:stone_axe":1,"minecraft:gray_wool":3,"minecraft:oak_sapling":1,"minecraft:mutton":26,"minecraft:white_wool":15,"minecraft:cobblestone":18},"minecraft:broken":{"minecraft:wooden_axe":1},"minecraft:custom":{"minecraft:interact_with_furnace":28,"minecraft:mob_kills":27,"minecraft:interact_with_crafting_table":22,"minecraft:time_since_death":57486,"minecraft:sleep_in_bed":2,"minecraft:time_since_rest":40284,"minecraft:sprint_one_cm":137006,"minecraft:damage_taken":1022,"minecraft:walk_one_cm":333277,"minecraft:drop":15,"minecraft:damage_dealt":1978,"minecraft:fly_one_cm":55727,"minecraft:player_kills":1,"minecraft:open_chest":16,"minecraft:crouch_one_cm":2195,"minecraft:play_time":75695,"minecraft:deaths":1,"minecraft:sneak_time":1655,"minecraft:walk_under_water_one_cm":2002,"minecraft:jump":798,"minecraft:walk_on_water_one_cm":24731,"minecraft:total_world_time":75695,"minecraft:fall_one_cm":14224},"minecraft:dropped":{"minecraft:stone_axe":1,"minecraft:cooked_chicken":1,"minecraft:stone_sword":2,"minecraft:crafting_table":1,"minecraft:cooked_porkchop":2,"minecraft:leather":2,"minecraft:stick":1,"minecraft:dirt":2,"minecraft:beef":6,"minecraft:wooden_pickaxe":1,"minecraft:stone_pickaxe":2,"minecraft:iron_pickaxe":2}},"DataVersion":3465}