{"stats":{"minecraft:mined":{"iceandfire:dread_torch":1,"minecraft:kelp_plant":1,"minecraft:end_stone":6,"minecraft:crafting_table":5,"minecraft:grass_block":2,"minecraft:spruce_leaves":8,"minecraft:light_blue_stained_glass":1,"minecraft:furnace":2,"iceandfire:dread_torch_wall":1,"minecraft:iron_ore":2,"minecraft:birch_log":19,"minecraft:purple_stained_glass":1,"minecraft:spruce_log":9,"minecraft:azure_bluet":1,"minecraft:grass":1,"biomesoplenty:clover":1,"minecraft:dirt":1,"outer_end:azure_bud":3,"minecraft:stone":17},"minecraft:crafted":{"minecraft:wooden_sword":1,"minecraft:cooked_porkchop":9,"minecraft:crafting_table":1,"minecraft:wooden_pickaxe":1,"minecraft:furnace":1,"minecraft:birch_planks":24,"minecraft:air":0,"minecraft:stick":8,"minecraft:stone_pickaxe":1,"minecraft:wooden_axe":1},"minecraft:used":{"minecraft:water_bucket":16,"minecraft:bamboo_mosaic":13,"minecraft:flint_and_steel":1,"minecraft:stone_pickaxe":8,"minecraft:wooden_pickaxe":16,"outer_end:sinker_shuriken":10,"alexsmobs:roadrunner_boots":2,"alexsmobs:spawn_egg_cockroach":2,"minecraft:bamboo_mosaic_stairs":1,"minecraft:anvil":1,"minecraft:tnt":113,"minecraft:crafting_table":4,"minecraft:sponge":14,"minecraft:end_stone":29,"iceandfire:dread_torch":1,"minecraft:wooden_axe":35,"minecraft:lava_bucket":3,"minecraft:cherry_hanging_sign":2,"minecraft:firework_rocket":171,"minecraft:stripped_bamboo_block":22,"minecraft:iron_pickaxe":6,"magistuarmory:crown_decoration":1,"minecraft:lectern":2,"iceandfire:armor_blue_chestplate":1,"iceandfire:dragonsteel_ice_axe":26,"minecraft:totem_of_undying":2,"outer_end:shulker_shield":7,"minecraft:wooden_sword":17,"minecraft:bow":79,"alexsmobs:enderiophage_rocket":1,"minecraft:scaffolding":18,"minecraft:cooked_porkchop":2,"minecraft:furnace":1,"minecraft:bucket":15,"minecraft:birch_log":1,"alexsmobs:animal_dictionary":1,"minecraft:enchanted_golden_apple":7},"minecraft:picked_up":{"minecraft:sponge":1,"minecraft:birch_log":16,"minecraft:crafting_table":5,"minecraft:feather":3,"minecraft:azure_bluet":1,"outer_end:azure_bud":4,"minecraft:chicken":2,"alexsmobs:enderiophage_rocket":114,"minecraft:purpur_block":5,"minecraft:dirt":4,"minecraft:stripped_bamboo_block":1,"minecraft:bone":5,"outer_end:rose_crystal_shard":16,"minecraft:kelp":46,"minecraft:iron_ingot":6,"outer_end:floral_paste":2,"minecraft:birch_sapling":7,"minecraft:furnace":2,"minecraft:egg":1,"minecraft:scaffolding":5,"minecraft:dark_oak_sapling":7,"minecraft:stick":7,"minecraft:raw_iron":2,"minecraft:end_stone":40,"iceandfire:dread_torch":1,"minecraft:lava_bucket":1,"alexsmobs:tarantula_hawk_elytra":1,"minecraft:porkchop":9,"outer_end:himmel_stairs":8,"minecraft:spruce_sapling":1,"minecraft:spruce_log":9,"minecraft:spider_eye":1,"minecraft:dark_oak_log":28,"minecraft:firework_rocket":64,"outer_end:violite":1,"minecraft:totem_of_undying":3,"minecraft:coal":37,"minecraft:cobblestone":17,"minecraft:ender_pearl":1},"minecraft:broken":{"magistuarmory:crown_decoration":1},"minecraft:custom":{"minecraft:interact_with_furnace":9,"minecraft:interact_with_anvil":19,"minecraft:mob_kills":37,"minecraft:interact_with_crafting_table":4,"minecraft:interact_with_loom":2,"minecraft:interact_with_grindstone":2,"minecraft:leave_game":1,"minecraft:time_since_death":5378,"minecraft:climb_one_cm":4210,"minecraft:damage_resisted":978,"minecraft:time_since_rest":5440,"minecraft:sprint_one_cm":50133,"minecraft:damage_absorbed":636,"minecraft:damage_taken":1563,"minecraft:walk_one_cm":374268,"minecraft:damage_blocked_by_shield":375,"minecraft:drop":8,"minecraft:damage_dealt":3010,"minecraft:swim_one_cm":24530,"minecraft:fly_one_cm":333323,"minecraft:open_chest":19,"minecraft:crouch_one_cm":9396,"minecraft:play_time":137784,"minecraft:deaths":1,"minecraft:sneak_time":6560,"minecraft:walk_under_water_one_cm":57258,"minecraft:aviate_one_cm":2329372,"minecraft:jump":705,"minecraft:walk_on_water_one_cm":22935,"minecraft:total_world_time":137784,"minecraft:fall_one_cm":45207},"minecraft:killed":{"minecraft:pig":4,"iceandfire:dread_beast":4,"outer_end:himmelite":5,"iceandfire:dread_knight":6,"iceandfire:dread_thrall":12,"minecraft:chicken":2,"minecraft:enderman":3},"minecraft:dropped":{"minecraft:purpur_block":5,"outer_end:himmel_stairs":5,"minecraft:spire_armor_trim_smithing_template":1,"outer_end:rose_crystal_shard":16,"minecraft:bone":1},"minecraft:killed_by":{"iceandfire:dread_knight":1}},"DataVersion":3465}