{"stats":{"minecraft:mined":{"biomesoplenty:clover":1,"minecraft:birch_log":6,"minecraft:crafting_table":1},"minecraft:custom":{"minecraft:time_since_rest":12773,"minecraft:crouch_one_cm":734,"minecraft:play_time":12773,"minecraft:sprint_one_cm":1939,"minecraft:damage_taken":109,"minecraft:walk_one_cm":31605,"minecraft:sneak_time":313,"minecraft:jump":132,"minecraft:damage_dealt":110,"minecraft:leave_game":1,"minecraft:time_since_death":12773,"minecraft:total_world_time":12773,"minecraft:interact_with_crafting_table":1,"minecraft:fall_one_cm":1242,"minecraft:fly_one_cm":1867},"minecraft:crafted":{"minecraft:birch_planks":24,"minecraft:crafting_table":1,"minecraft:stick":4,"minecraft:wooden_pickaxe":1,"minecraft:wooden_axe":1},"minecraft:used":{"minecraft:wooden_axe":1,"minecraft:crafting_table":1,"alexsmobs:animal_dictionary":1},"minecraft:picked_up":{"minecraft:birch_log":6,"minecraft:birch_sapling":3}},"DataVersion":3465}