{"stats":{"minecraft:mined":{"iceandfire:dread_torch":1,"minecraft:kelp_plant":1,"minecraft:end_stone":16,"minecraft:crafting_table":5,"minecraft:ladder":1,"minecraft:grass_block":2,"minecraft:spruce_leaves":8,"minecraft:light_blue_stained_glass":1,"minecraft:furnace":2,"minecraft:fire":2,"minecraft:iron_ore":2,"iceandfire:dread_torch_wall":1,"minecraft:birch_log":19,"minecraft:purple_stained_glass":1,"minecraft:spruce_log":9,"minecraft:azure_bluet":1,"minecraft:grass":5,"biomesoplenty:clover":1,"minecraft:bookshelf":1,"minecraft:dirt":1,"outer_end:azure_bud":3,"minecraft:stone":17,"iceandfire:dread_stone_bricks":1,"minecraft:fern":2},"minecraft:crafted":{"minecraft:wooden_sword":1,"minecraft:cooked_porkchop":9,"minecraft:crafting_table":1,"minecraft:wooden_pickaxe":1,"minecraft:furnace":1,"minecraft:birch_planks":24,"minecraft:air":0,"minecraft:stick":8,"minecraft:stone_pickaxe":1,"minecraft:wooden_axe":1},"minecraft:used":{"minecraft:water_bucket":17,"minecraft:bamboo_mosaic":13,"minecraft:flint_and_steel":1,"minecraft:stone_pickaxe":8,"minecraft:wooden_pickaxe":16,"outer_end:sinker_shuriken":10,"alexsmobs:roadrunner_boots":2,"alexsmobs:spawn_egg_cockroach":2,"minecraft:bamboo_mosaic_stairs":1,"minecraft:anvil":1,"minecraft:tnt":113,"minecraft:crafting_table":4,"minecraft:sponge":14,"minecraft:end_stone":76,"iceandfire:dread_torch":1,"minecraft:wooden_axe":35,"magistuarmory:crown_decoration":1,"minecraft:lava_bucket":3,"minecraft:cherry_hanging_sign":2,"minecraft:firework_rocket":171,"minecraft:stripped_bamboo_block":22,"minecraft:iron_pickaxe":18,"minecraft:lectern":2,"iceandfire:armor_blue_chestplate":1,"iceandfire:dragonsteel_ice_axe":87,"minecraft:totem_of_undying":6,"outer_end:shulker_shield":22,"minecraft:wooden_sword":17,"minecraft:bow":176,"alexsmobs:enderiophage_rocket":8,"minecraft:furnace":1,"minecraft:scaffolding":18,"minecraft:cooked_porkchop":2,"minecraft:bucket":16,"minecraft:birch_log":1,"alexsmobs:animal_dictionary":1,"minecraft:splash_potion":1,"minecraft:enchanted_golden_apple":32,"minecraft:experience_bottle":15},"minecraft:picked_up":{"minecraft:sponge":1,"minecraft:birch_log":16,"iceandfire:dread_stone_bricks":1,"minecraft:chainmail_boots":1,"minecraft:crafting_table":5,"minecraft:azure_bluet":1,"minecraft:feather":3,"outer_end:azure_bud":4,"minecraft:chicken":2,"alexsmobs:enderiophage_rocket":114,"minecraft:purpur_block":5,"minecraft:gunpowder":2,"minecraft:dirt":4,"minecraft:string":1,"minecraft:stripped_bamboo_block":1,"minecraft:bone":5,"outer_end:rose_crystal_shard":16,"minecraft:kelp":46,"minecraft:wheat_seeds":1,"minecraft:spruce_planks":1,"minecraft:iron_ingot":7,"outer_end:floral_paste":2,"minecraft:birch_sapling":7,"minecraft:egg":1,"minecraft:furnace":2,"minecraft:book":3,"minecraft:scaffolding":5,"minecraft:dark_oak_sapling":7,"minecraft:stick":12,"minecraft:raw_iron":2,"minecraft:end_stone":56,"iceandfire:dread_torch":1,"minecraft:lava_bucket":1,"alexsmobs:tarantula_hawk_elytra":1,"minecraft:porkchop":9,"outer_end:himmel_stairs":8,"minecraft:spruce_sapling":1,"minecraft:spruce_log":9,"minecraft:dark_oak_log":28,"minecraft:spider_eye":1,"minecraft:firework_rocket":64,"outer_end:violite":1,"xtraarrows:vex_wing":26,"minecraft:totem_of_undying":8,"minecraft:emerald":57,"minecraft:coal":37,"minecraft:cobblestone":17,"minecraft:ender_pearl":1},"minecraft:broken":{"iceandfire:armor_blue_boots":1,"alexsmobs:tarantula_hawk_elytra":1,"magistuarmory:crown_decoration":1},"minecraft:custom":{"minecraft:interact_with_furnace":9,"minecraft:interact_with_anvil":19,"minecraft:mob_kills":88,"minecraft:interact_with_crafting_table":4,"minecraft:open_barrel":4,"minecraft:interact_with_loom":2,"minecraft:interact_with_grindstone":2,"minecraft:leave_game":3,"minecraft:time_since_death":12242,"minecraft:climb_one_cm":8861,"minecraft:damage_resisted":3178,"minecraft:time_since_rest":12308,"minecraft:sprint_one_cm":102949,"minecraft:damage_absorbed":4107,"minecraft:damage_taken":4618,"minecraft:walk_one_cm":606535,"minecraft:damage_blocked_by_shield":1290,"minecraft:drop":14,"minecraft:damage_dealt":10746,"minecraft:swim_one_cm":24530,"minecraft:fly_one_cm":374373,"minecraft:open_chest":27,"minecraft:crouch_one_cm":10827,"minecraft:play_time":175024,"minecraft:deaths":2,"minecraft:sneak_time":7112,"minecraft:walk_under_water_one_cm":60078,"minecraft:jump":1037,"minecraft:aviate_one_cm":2438560,"minecraft:walk_on_water_one_cm":24619,"minecraft:total_world_time":175024,"minecraft:fall_one_cm":56967},"minecraft:killed":{"minecraft:vex":9,"minecraft:pig":4,"minecraft:spider":1,"minecraft:vindicator":9,"iceandfire:dread_beast":4,"outer_end:himmelite":5,"alexsmobs:catfish":1,"minecraft:skeleton":1,"minecraft:zombie":1,"minecraft:pillager":12,"iceandfire:dread_knight":7,"iceandfire:dread_thrall":22,"minecraft:chicken":3,"minecraft:illusioner":4,"minecraft:enderman":3},"minecraft:dropped":{"minecraft:purpur_block":5,"outer_end:himmel_stairs":5,"minecraft:book":3,"minecraft:iron_boots":1,"minecraft:gunpowder":2,"minecraft:spire_armor_trim_smithing_template":1,"outer_end:rose_crystal_shard":16,"xtraarrows:vex_wing":2,"minecraft:string":1,"alexsmobs:sombrero":1,"minecraft:bone":1},"minecraft:killed_by":{"minecraft:vindicator":1,"iceandfire:dread_knight":1}},"DataVersion":3465}