{"stats":{"minecraft:used":{"minecraft:pink_tulip":3,"minecraft:white_tulip":1,"minecraft:stone_pickaxe":104,"minecraft:shield":2,"minecraft:chest":1,"minecraft:wooden_pickaxe":4,"minecraft:iron_chestplate":1,"minecraft:torch":5,"minecraft:dirt":8,"minecraft:crafting_table":6,"minecraft:azure_bluet":1,"minecraft:wooden_axe":19,"minecraft:lilac":3,"minecraft:stone_axe":16,"minecraft:cobblestone":1,"minecraft:sweet_berries":7,"minecraft:furnace":1,"minecraft:cooked_porkchop":4,"minecraft:andesite":2,"alexsmobs:animal_dictionary":1,"biomesoplenty:violet":2},"minecraft:picked_up":{"minecraft:wooden_axe":1,"minecraft:crafting_table":6,"minecraft:azure_bluet":1,"minecraft:lilac":5,"minecraft:golden_carrot":4,"minecraft:andesite":3,"minecraft:wooden_pickaxe":1,"biomesoplenty:violet":2,"minecraft:oak_log":3,"minecraft:shield":1,"minecraft:string":1,"minecraft:dirt":12,"minecraft:bone":3,"minecraft:orange_tulip":1,"minecraft:spruce_planks":18,"minecraft:stone_pickaxe":1,"minecraft:white_tulip":1,"minecraft:rose_bush":1,"minecraft:stick":2,"minecraft:raw_iron":3,"minecraft:sweet_berries":28,"minecraft:torch":3,"minecraft:porkchop":11,"minecraft:spruce_sapling":1,"minecraft:spruce_log":8,"alexsmobs:animal_dictionary":1,"biomesoplenty:maple_sapling":1,"minecraft:arrow":3,"minecraft:rotten_flesh":1,"minecraft:stone_axe":1,"minecraft:red_tulip":1,"minecraft:pink_tulip":3,"alexsmobs:maggot":2,"minecraft:coal":38,"minecraft:cobblestone":65,"minecraft:sunflower":2},"minecraft:killed_by":{"minecraft:creeper":1},"minecraft:mined":{"minecraft:crafting_table":5,"minecraft:grass_block":1,"minecraft:rose_bush":1,"minecraft:cobblestone":1,"minecraft:spruce_leaves":4,"biomesoplenty:sprout":1,"minecraft:wall_torch":3,"minecraft:iron_ore":3,"minecraft:fire":1,"minecraft:lilac":5,"biomesoplenty:violet":2,"minecraft:spruce_log":8,"minecraft:andesite":2,"biomesoplenty:maple_leaves":2,"minecraft:orange_tulip":1,"minecraft:azure_bluet":1,"minecraft:grass":2,"minecraft:red_tulip":1,"minecraft:coal_ore":37,"minecraft:sunflower":2,"minecraft:dirt":9,"minecraft:pink_tulip":3,"minecraft:stone":59,"minecraft:white_tulip":1,"minecraft:oak_leaves":1},"minecraft:dropped":{"minecraft:sweet_berries":8,"alexsmobs:maggot":2,"minecraft:cooked_porkchop":2,"minecraft:rotten_flesh":1,"minecraft:dirt":1,"minecraft:andesite":1,"minecraft:wooden_axe":1,"minecraft:sunflower":2},"minecraft:crafted":{"minecraft:cooked_porkchop":6,"minecraft:crafting_table":1,"minecraft:spruce_planks":32,"minecraft:wooden_pickaxe":1,"minecraft:furnace":1,"minecraft:air":0,"minecraft:iron_chestplate":1,"minecraft:stick":12,"minecraft:iron_ingot":8,"minecraft:stone_pickaxe":2,"minecraft:wooden_axe":1,"minecraft:chest":1,"minecraft:torch":8},"minecraft:killed":{"minecraft:pig":3,"minecraft:skeleton":2},"minecraft:custom":{"minecraft:interact_with_furnace":10,"minecraft:mob_kills":5,"minecraft:interact_with_crafting_table":10,"minecraft:leave_game":1,"minecraft:time_since_death":50842,"minecraft:sleep_in_bed":1,"minecraft:climb_one_cm":14725,"minecraft:time_since_rest":16488,"minecraft:sprint_one_cm":100136,"minecraft:damage_taken":604,"minecraft:walk_one_cm":256056,"minecraft:damage_blocked_by_shield":80,"minecraft:drop":18,"minecraft:damage_dealt":965,"minecraft:swim_one_cm":2011,"minecraft:fly_one_cm":47122,"minecraft:open_chest":5,"minecraft:crouch_one_cm":3877,"minecraft:play_time":57686,"minecraft:deaths":2,"minecraft:sneak_time":2640,"minecraft:walk_under_water_one_cm":2249,"minecraft:jump":574,"minecraft:walk_on_water_one_cm":6621,"minecraft:total_world_time":57686,"minecraft:fall_one_cm":7095}},"DataVersion":3465}