{"stats":{"minecraft:mined":{"minecraft:furnace":2,"minecraft:birch_log":19,"minecraft:iron_ore":2,"minecraft:spruce_log":9,"minecraft:crafting_table":5,"minecraft:azure_bluet":1,"minecraft:grass":1,"biomesoplenty:clover":1,"minecraft:grass_block":2,"minecraft:dirt":1,"minecraft:spruce_leaves":8,"minecraft:stone":17},"minecraft:crafted":{"minecraft:wooden_sword":1,"minecraft:cooked_porkchop":9,"minecraft:crafting_table":1,"minecraft:stick":8,"minecraft:wooden_pickaxe":1,"minecraft:stone_pickaxe":1,"minecraft:wooden_axe":1,"minecraft:furnace":1,"minecraft:birch_planks":24,"minecraft:air":0},"minecraft:used":{"minecraft:wooden_axe":35,"minecraft:bamboo_mosaic":13,"minecraft:lava_bucket":1,"minecraft:cherry_hanging_sign":2,"minecraft:firework_rocket":41,"minecraft:flint_and_steel":1,"minecraft:stripped_bamboo_block":22,"minecraft:stone_pickaxe":8,"minecraft:lectern":2,"minecraft:wooden_pickaxe":16,"alexsmobs:roadrunner_boots":2,"alexsmobs:spawn_egg_cockroach":2,"minecraft:bamboo_mosaic_stairs":1,"minecraft:wooden_sword":17,"minecraft:bow":47,"minecraft:tnt":113,"minecraft:scaffolding":18,"minecraft:crafting_table":4,"minecraft:furnace":1,"minecraft:cooked_porkchop":2,"minecraft:birch_log":1,"minecraft:sponge":14,"alexsmobs:animal_dictionary":1,"minecraft:water_bucket":3},"minecraft:picked_up":{"minecraft:dark_oak_sapling":7,"minecraft:birch_log":16,"minecraft:azure_bluet":1,"minecraft:raw_iron":2,"minecraft:stick":7,"minecraft:crafting_table":5,"minecraft:feather":3,"minecraft:chicken":2,"minecraft:lava_bucket":1,"alexsmobs:tarantula_hawk_elytra":1,"minecraft:porkchop":9,"minecraft:spruce_sapling":1,"minecraft:spruce_log":9,"minecraft:dark_oak_log":28,"minecraft:dirt":4,"minecraft:stripped_bamboo_block":1,"minecraft:firework_rocket":64,"minecraft:sponge":1,"minecraft:end_stone":34,"minecraft:birch_sapling":7,"minecraft:coal":37,"minecraft:scaffolding":5,"minecraft:egg":1,"minecraft:cobblestone":17,"minecraft:furnace":2},"minecraft:custom":{"minecraft:time_since_rest":65784,"minecraft:interact_with_furnace":9,"minecraft:sprint_one_cm":14115,"minecraft:damage_taken":179,"minecraft:walk_one_cm":173374,"minecraft:mob_kills":6,"minecraft:damage_dealt":590,"minecraft:interact_with_crafting_table":4,"minecraft:fly_one_cm":171490,"minecraft:interact_with_loom":2,"minecraft:crouch_one_cm":2709,"minecraft:play_time":65784,"minecraft:sneak_time":2163,"minecraft:walk_under_water_one_cm":1713,"minecraft:aviate_one_cm":170420,"minecraft:jump":444,"minecraft:interact_with_grindstone":2,"minecraft:walk_on_water_one_cm":5441,"minecraft:leave_game":1,"minecraft:time_since_death":65784,"minecraft:climb_one_cm":971,"minecraft:total_world_time":65784,"minecraft:fall_one_cm":5176},"minecraft:killed":{"minecraft:pig":4,"minecraft:chicken":2}},"DataVersion":3465}