{"stats":{"minecraft:mined":{"minecraft:birch_log":5,"minecraft:birch_leaves":1,"minecraft:crafting_table":2,"minecraft:grass":4,"minecraft:grass_block":3,"minecraft:oak_log":5,"minecraft:dirt":9,"minecraft:stone":6,"minecraft:oak_leaves":3},"minecraft:used":{"minecraft:wooden_axe":20,"minecraft:apple":1,"minecraft:wooden_pickaxe":8,"minecraft:crafting_table":2},"minecraft:crafted":{"minecraft:oak_planks":20,"minecraft:crafting_table":1,"minecraft:stick":8,"minecraft:wooden_pickaxe":1,"minecraft:stone_pickaxe":1,"minecraft:wooden_axe":1,"minecraft:white_bed":1,"minecraft:birch_planks":20},"minecraft:killed":{"minecraft:sheep":4,"minecraft:chicken":4,"minecraft:cow":1},"minecraft:picked_up":{"minecraft:birch_log":5,"minecraft:crafting_table":1,"minecraft:feather":4,"minecraft:chicken":4,"minecraft:leather":1,"minecraft:oak_log":5,"minecraft:dirt":9,"minecraft:apple":1,"minecraft:beef":1,"minecraft:gray_wool":1,"minecraft:oak_sapling":1,"minecraft:mutton":6,"minecraft:white_wool":3,"minecraft:cobblestone":3},"minecraft:custom":{"minecraft:time_since_rest":15695,"minecraft:sprint_one_cm":48072,"minecraft:damage_taken":125,"minecraft:walk_one_cm":57523,"minecraft:mob_kills":9,"minecraft:damage_dealt":617,"minecraft:interact_with_crafting_table":4,"minecraft:fly_one_cm":14234,"minecraft:crouch_one_cm":372,"minecraft:play_time":15695,"minecraft:sneak_time":174,"minecraft:jump":130,"minecraft:time_since_death":15695,"minecraft:total_world_time":15695,"minecraft:fall_one_cm":2858}},"DataVersion":3465}