{"stats":{"minecraft:killed_by":{"minecraft:zombie":1},"minecraft:mined":{"minecraft:birch_log":5,"minecraft:birch_leaves":1,"minecraft:crafting_table":3,"minecraft:grass":4,"minecraft:grass_block":3,"minecraft:oak_log":13,"minecraft:dirt":10,"minecraft:stone":21,"minecraft:oak_leaves":5},"minecraft:used":{"minecraft:oak_log":1,"minecraft:cooked_mutton":2,"minecraft:wooden_axe":36,"minecraft:apple":1,"minecraft:stone_pickaxe":10,"minecraft:wooden_pickaxe":14,"minecraft:crafting_table":3},"minecraft:crafted":{"minecraft:oak_planks":48,"minecraft:crafting_table":1,"minecraft:stick":8,"minecraft:wooden_pickaxe":1,"minecraft:stone_pickaxe":1,"minecraft:wooden_axe":1,"minecraft:white_bed":1,"minecraft:birch_planks":20,"minecraft:cooked_mutton":5},"minecraft:killed":{"minecraft:sheep":4,"minecraft:zombie":2,"minecraft:chicken":4,"minecraft:cow":2},"minecraft:picked_up":{"minecraft:wooden_axe":1,"minecraft:birch_log":5,"minecraft:crafting_table":4,"minecraft:feather":4,"minecraft:chicken":8,"minecraft:leather":2,"minecraft:wooden_pickaxe":1,"minecraft:oak_log":13,"minecraft:white_bed":1,"minecraft:dirt":20,"minecraft:cooked_mutton":1,"minecraft:stone_sword":3,"minecraft:rotten_flesh":3,"minecraft:apple":1,"minecraft:cooked_chicken":4,"minecraft:beef":2,"minecraft:stone_pickaxe":1,"minecraft:gray_wool":2,"minecraft:oak_sapling":1,"minecraft:oak_planks":8,"minecraft:mutton":6,"minecraft:white_wool":3,"minecraft:cobblestone":18},"minecraft:broken":{"minecraft:wooden_axe":1},"minecraft:custom":{"minecraft:time_since_rest":9627,"minecraft:interact_with_furnace":5,"minecraft:sprint_one_cm":74539,"minecraft:damage_taken":379,"minecraft:walk_one_cm":123256,"minecraft:mob_kills":12,"minecraft:drop":1,"minecraft:damage_dealt":778,"minecraft:interact_with_crafting_table":7,"minecraft:fly_one_cm":28287,"minecraft:crouch_one_cm":565,"minecraft:play_time":27695,"minecraft:deaths":1,"minecraft:sneak_time":295,"minecraft:jump":275,"minecraft:time_since_death":9486,"minecraft:total_world_time":27695,"minecraft:fall_one_cm":8055},"minecraft:dropped":{"minecraft:stone_sword":1}},"DataVersion":3465}