{"stats":{"minecraft:mined":{"minecraft:spawner":2,"minecraft:light_blue_stained_glass":1,"minecraft:fire":26,"minecraft:stripped_bamboo_block":1,"minecraft:tnt":77,"outer_end:himmel_block":1},"minecraft:used":{"minecraft:purpur_block":1,"alexsmobs:comb_jelly_bucket":2,"minecraft:flint_and_steel":6,"minecraft:redstone":21,"minecraft:stone":1,"iceandfire:dragonsteel_ice_helmet":2,"minecraft:dirt":1,"minecraft:anvil":1,"iceandfire:dragonsteel_ice_leggings":2,"outer_end:brine_bucket":6,"iceandfire:dragonsteel_ice_pickaxe":4,"minecraft:obsidian":14,"minecraft:grass_block":11,"alexsmobs:spawn_egg_devils_hole_pupfish":3,"minecraft:dark_oak_leaves":1,"minecraft:repeater":3,"bygonenether:warped_ender_pearl":3,"alexsmobs:enderiophage_rocket":29,"iceandfire:dread_queen_sword":17,"biomesoplenty:blood_bucket":5,"minecraft:enchanted_golden_apple":4,"outer_end:ominous_miasma_bucket":8,"bygonenether:gilded_netherite_shield":1,"minecraft:water_bucket":21,"minecraft:bamboo_mosaic":33,"minecraft:netherite_chestplate":4,"minecraft:redstone_block":4,"iceandfire:dragonsteel_ice_boots":2,"minecraft:spruce_fence_gate":5,"minecraft:golden_apple":2,"minecraft:tnt":228,"minecraft:sponge":30,"magistuarmory:longbow":93,"minecraft:end_stone":46,"alexsmobs:tarantula_hawk_elytra":12,"minecraft:firework_rocket":278,"minecraft:stripped_bamboo_block":19,"iceandfire:dragonsteel_ice_axe":7,"iceandfire:dragonsteel_ice_sword":402,"minecraft:end_crystal":2,"smallships:spruce_brigg":1,"iceandfire:dragonsteel_lightning_sword":229,"minecraft:kelp":47,"iceandfire:dragonsteel_ice_chestplate":6},"minecraft:picked_up":{"minecraft:shulker_shell":4,"minecraft:chainmail_boots":1,"iceandfire:witherbone":4,"outer_end:himmel_pillar":1,"minecraft:purpur_block":10,"iceandfire:hydra_fang":23,"iceandfire:dread_shard":7,"minecraft:birch_sapling":2,"iceandfire:ice_dragon_heart":1,"minecraft:dark_oak_sapling":1,"minecraft:stick":2,"minecraft:end_stone":33,"iceandfire:dragonbone":2,"outer_end:levitation_core":1,"minecraft:redstone":2,"minecraft:tnt":58,"minecraft:rotten_flesh":37,"iceandfire:dragonscales_silver":8,"outer_end:halite_crystal":6,"minecraft:repeater":1,"minecraft:chainmail_chestplate":2,"minecraft:gunpowder":4,"iceandfire:dragonsteel_ice_sword":1,"minecraft:stripped_bamboo_block":3,"minecraft:bone":10,"minecraft:apple":1,"minecraft:kelp":45,"smallships:cannon":1,"outer_end:floral_paste":19,"iceandfire:copper_nugget":1,"magistuarmory:longbow":1,"iceandfire:stymphalian_bird_feather":11,"minecraft:grass_block":1,"minecraft:light_blue_stained_glass":1,"iceandfire:dragonbone_sword_lightning":1,"minecraft:bamboo_mosaic":3,"minecraft:chainmail_leggings":1,"minecraft:coal":2,"minecraft:ender_pearl":5},"minecraft:custom":{"minecraft:mob_kills":64,"minecraft:interact_with_anvil":3,"minecraft:leave_game":2,"minecraft:time_since_death":69665,"minecraft:climb_one_cm":397,"minecraft:damage_resisted":219,"minecraft:sprint_one_cm":124528,"minecraft:walk_one_cm":183929,"minecraft:damage_blocked_by_shield":60,"minecraft:drop":89,"minecraft:play_time":185010,"minecraft:deaths":9,"minecraft:sneak_time":7824,"minecraft:walk_under_water_one_cm":19621,"minecraft:boat_one_cm":960,"minecraft:jump":901,"minecraft:walk_on_water_one_cm":6198,"minecraft:total_world_time":185010,"minecraft:interact_with_furnace":1,"minecraft:time_since_rest":69688,"minecraft:damage_taken":2265,"minecraft:damage_absorbed":410,"minecraft:damage_dealt":28488,"minecraft:swim_one_cm":9144,"minecraft:player_kills":6,"minecraft:fly_one_cm":1232447,"minecraft:open_chest":22,"minecraft:crouch_one_cm":13418,"minecraft:aviate_one_cm":4138191,"minecraft:fall_one_cm":28950},"minecraft:killed":{"alexsmobs:void_worm":7,"iceandfire:stymphalian_bird":3,"minecraft:shulker":4,"iceandfire:dread_thrall":8,"iceandfire:fire_dragon":1,"bygonenether:wraither":4,"outer_end:purpur_golem":2,"minecraft:chicken":1,"alexsmobs:comb_jelly":1,"iceandfire:deathworm":5,"minecraft:ender_dragon":1,"outer_end:himmelite":4,"minecraft:creeper":1,"iceandfire:cockatrice":1,"bygonenether:warped_enderman":1,"iceandfire:ice_dragon":1,"iceandfire:lightning_dragon":6,"minecraft:wither_skeleton":1,"bygonenether:wex":1,"minecraft:enderman":6},"minecraft:dropped":{"iceandfire:dragonsteel_ice_boots":2,"iceandfire:dragonsteel_lightning_helmet":1,"minecraft:tnt":22,"minecraft:ender_pearl":16,"minecraft:dark_oak_sapling":1,"minecraft:apple":1,"iceandfire:dragonsteel_ice_chestplate":1,"magistuarmory:xivcenturyknight_chestplate":1,"minecraft:grass_block":8,"magistuarmory:bascinet":1,"minecraft:golden_apple":64,"minecraft:stick":2,"magistuarmory:xivcenturyknight_leggings":1,"minecraft:spruce_fence_gate":1,"minecraft:lava_bucket":1,"magistuarmory:longbow":5,"minecraft:dirt":1,"minecraft:dark_oak_leaves":1,"iceandfire:dragonsteel_lightning_axe":1,"alexsmobs:enderiophage_rocket":40,"magistuarmory:crusader_leggings":1,"magistuarmory:crusader_chestplate":1,"minecraft:sponge":1,"minecraft:repeater":1,"iceandfire:dragonsteel_ice_leggings":2,"iceandfire:dragonsteel_ice_sword":1,"iceandfire:dragonsteel_ice_helmet":2,"smallships:cannon":1,"smallships:bamboo_brigg":1,"minecraft:redstone_block":1,"minecraft:redstone":3,"minecraft:purpur_block":2,"magistuarmory:crusader_boots":1,"minecraft:kelp":46,"smallships:spruce_brigg":1,"magistuarmory:xivcenturyknight_boots":2,"minecraft:sticky_piston":1,"minecraft:birch_sapling":2,"minecraft:obsidian":1,"minecraft:bamboo_mosaic":4,"minecraft:enchanted_golden_apple":126,"minecraft:end_stone":37,"iceandfire:dragonsteel_lightning_chestplate":1,"xtraarrows:diamond_life_steal_arrow":64,"minecraft:totem_of_undying":5,"minecraft:stripped_bamboo_block":5,"iceandfire:dread_queen_sword":1,"minecraft:stone":1,"minecraft:gunpowder":4,"xtraarrows:diamond_ender_arrow":64,"iceandfire:dragonsteel_lightning_pickaxe":1,"iceandfire:dragonsteel_lightning_leggings":1,"alexsmobs:tarantula_hawk_elytra":2,"iceandfire:dragonsteel_lightning_boots":1,"minecraft:firework_rocket":52},"minecraft:killed_by":{"minecraft:player":2}},"DataVersion":3465}