{"stats":{"minecraft:mined":{"minecraft:tnt":75},"minecraft:custom":{"minecraft:jump":96,"minecraft:time_since_rest":635,"minecraft:crouch_one_cm":1206,"minecraft:deaths":2,"minecraft:sprint_one_cm":939,"minecraft:play_time":5889,"minecraft:damage_taken":630,"minecraft:time_since_death":564,"minecraft:walk_one_cm":1715,"minecraft:sneak_time":938,"minecraft:total_world_time":5889,"minecraft:fall_one_cm":11197,"minecraft:fly_one_cm":21121},"minecraft:used":{"minecraft:tnt":75},"minecraft:picked_up":{"minecraft:tnt":49}},"DataVersion":3465}