{"stats":{"minecraft:broken":{"magistuarmory:rustedcrusader_boots":1,"minecraft:stone_sword":7,"magistuarmory:rustedcrusader_chestplate":1,"minecraft:stone_pickaxe":1,"minecraft:iron_axe":3,"minecraft:stone_axe":3,"minecraft:iron_pickaxe":1},"minecraft:picked_up":{"minecraft:crafting_table":19,"minecraft:smithing_table":2,"minecraft:ladder":3,"minecraft:suspicious_stew":2,"minecraft:stone_slab":21,"minecraft:wooden_pickaxe":3,"minecraft:oak_stairs":5,"minecraft:amethyst_block":3,"minecraft:string":14,"minecraft:moss_carpet":19,"minecraft:iron_axe":2,"minecraft:diamond_leggings":3,"minecraft:cobbled_deepslate":94,"minecraft:beef":19,"minecraft:oak_boat":5,"xtraarrows:netherite_arrow":8,"minecraft:rose_bush":7,"minecraft:calcite":2,"minecraft:iron_pickaxe":2,"minecraft:sugar_cane":120,"minecraft:birch_sapling":15,"minecraft:iron_boots":1,"minecraft:furnace":3,"minecraft:egg":1,"minecraft:stick":383,"minecraft:raw_iron":203,"minecraft:recovery_compass":2,"minecraft:redstone":155,"magistuarmory:rustedcrusader_chestplate":1,"minecraft:arrow":1,"minecraft:stone_shovel":4,"minecraft:rotten_flesh":20,"minecraft:pumpkin_pie":44,"minecraft:diamond_boots":1,"minecraft:rail":12,"minecraft:cobblestone":323,"minecraft:stripped_oak_log":2,"minecraft:birch_log":74,"xtraarrows:iron_arrow":100,"minecraft:lilac":2,"minecraft:golden_carrot":28,"minecraft:andesite":52,"minecraft:leather":12,"minecraft:flint":10,"minecraft:tuff":3,"minecraft:oak_log":1221,"iceandfire:ectoplasm":2,"minecraft:yellow_bed":7,"minecraft:gunpowder":15,"minecraft:lapis_lazuli":106,"minecraft:dirt":78,"xtraarrows:diamond_arrow":30,"minecraft:bone":11,"nyfsquiver:basic_quiver":1,"minecraft:apple":82,"minecraft:bow":5,"minecraft:wheat_seeds":17,"minecraft:raw_gold":54,"minecraft:iron_ingot":4,"minecraft:stone_pickaxe":4,"minecraft:fletching_table":29,"minecraft:bamboo":2022,"minecraft:oak_planks":75,"biomesoplenty:toadstool":20,"minecraft:cooked_porkchop":16,"minecraft:dandelion":1,"minecraft:gravel":114,"magistuarmory:longbow":1,"minecraft:blast_furnace":4,"minecraft:white_bed":19,"minecraft:spruce_log":3,"magistuarmory:rustedchainmail_leggings":4,"minecraft:spruce_door":19,"minecraft:spider_eye":2,"alexsmobs:animal_dictionary":4,"minecraft:diamond":9,"minecraft:stone_axe":2,"magistuarmory:rustedcrusader_boots":1,"minecraft:bread":137,"minecraft:emerald":17,"minecraft:oak_sapling":553,"minecraft:coal":42},"minecraft:killed_by":{"minecraft:creeper":1,"minecraft:skeleton":1,"iceandfire:ghost":2,"iceandfire:fire_dragon":1},"minecraft:used":{"minecraft:stone_sword":465,"magistuarmory:rustedcrusader_chestplate":1,"minecraft:stone_shovel":126,"minecraft:shield":28,"minecraft:dirt":67,"minecraft:iron_axe":1273,"minecraft:bow":63,"minecraft:bamboo":159,"minecraft:golden_carrot":12,"minecraft:oak_sapling":10,"minecraft:furnace":3,"minecraft:cobbled_deepslate":69,"minecraft:diamond_boots":2,"minecraft:spruce_door":20,"minecraft:stone_pickaxe":276,"minecraft:oak_planks":80,"minecraft:wooden_pickaxe":24,"minecraft:diamond_axe":5,"minecraft:fletching_table":33,"minecraft:sugar_cane":37,"minecraft:crafting_table":16,"minecraft:blast_furnace":5,"minecraft:white_bed":19,"magistuarmory:longbow":15,"minecraft:oak_log":117,"minecraft:diamond_pickaxe":144,"minecraft:iron_pickaxe":250,"minecraft:bread":41,"minecraft:gravel":108,"minecraft:stone_axe":462,"minecraft:wooden_sword":26,"minecraft:cobblestone":120,"minecraft:grindstone":1,"minecraft:cooked_porkchop":6,"minecraft:smithing_table":3,"minecraft:pumpkin_pie":1,"minecraft:yellow_bed":7,"minecraft:oak_boat":2,"minecraft:diamond_leggings":2},"minecraft:dropped":{"minecraft:stone_hoe":10,"minecraft:bread":3,"minecraft:wheat_seeds":13,"minecraft:lilac":2,"minecraft:diamond_leggings":2,"minecraft:crossbow":3,"minecraft:cookie":144,"minecraft:leather":2,"xtraarrows:iron_arrow":1,"minecraft:spruce_door":2,"minecraft:dirt":5,"minecraft:golden_carrot":14,"minecraft:rose_bush":6,"minecraft:oak_stairs":2,"minecraft:pumpkin_pie":47,"minecraft:iron_axe":10,"minecraft:iron_pickaxe":1,"minecraft:bone":5,"magistuarmory:rustedchainmail_leggings":4,"biomesoplenty:toadstool":7,"minecraft:stone_axe":2,"minecraft:cobbled_deepslate":2,"minecraft:tuff":1,"minecraft:birch_sapling":12,"minecraft:rotten_flesh":15,"minecraft:iron_boots":11,"minecraft:stripped_oak_log":2,"minecraft:stone_slab":20,"minecraft:recovery_compass":5,"minecraft:suspicious_stew":9,"minecraft:gunpowder":6,"minecraft:andesite":14,"minecraft:chainmail_boots":12,"minecraft:oak_sapling":184,"minecraft:spider_eye":1,"minecraft:bamboo":1,"minecraft:diamond_boots":1,"minecraft:bow":2,"minecraft:arrow":1,"minecraft:stone_pickaxe":1,"minecraft:wooden_pickaxe":1,"minecraft:egg":1},"minecraft:killed":{"minecraft:cave_spider":1,"minecraft:witch":1,"minecraft:spider":14,"minecraft:skeleton":15,"minecraft:drowned":1,"minecraft:creeper":13,"minecraft:zombie":26,"iceandfire:ghost":5,"minecraft:cow":3},"minecraft:crafted":{"minecraft:golden_carrot":24,"minecraft:grindstone":2,"minecraft:wooden_sword":3,"minecraft:cookie":144,"minecraft:smooth_stone":3,"minecraft:oak_planks":4488,"minecraft:stone_shovel":1,"xtraarrows:diamond_arrow":45,"minecraft:diamond_hoe":3,"minecraft:furnace":3,"minecraft:blast_furnace":1,"minecraft:stone":6,"magistuarmory:longbow":1,"minecraft:suspicious_stew":7,"xtraarrows:netherite_arrow":10,"magistuarmory:hilt":1,"minecraft:bow":1,"minecraft:diamond_leggings":3,"minecraft:iron_boots":10,"minecraft:iron_axe":17,"minecraft:stone_pickaxe":3,"minecraft:diamond_boots":3,"minecraft:stone_hoe":10,"xtraarrows:iron_arrow":325,"minecraft:crossbow":3,"minecraft:emerald":463,"minecraft:cooked_porkchop":11,"minecraft:diamond_axe":1,"minecraft:crafting_table":2,"minecraft:spruce_planks":12,"minecraft:wooden_pickaxe":2,"minecraft:spruce_door":3,"minecraft:smithing_table":1,"minecraft:fletching_table":4,"minecraft:birch_planks":268,"minecraft:stone_axe":5,"minecraft:bread":60,"minecraft:air":0,"minecraft:oak_boat":1,"xtraarrows:netherite_explosive_arrow":15,"minecraft:diamond_pickaxe":1,"minecraft:shield":9,"minecraft:stick":10313,"minecraft:stone_slab":6,"minecraft:chainmail_boots":12,"minecraft:iron_ingot":70,"minecraft:iron_pickaxe":1,"minecraft:stone_sword":7,"nyfsquiver:basic_quiver":1,"minecraft:pumpkin_pie":48,"minecraft:torch":4,"magistuarmory:leather_strip":6},"minecraft:custom":{"minecraft:mob_kills":82,"minecraft:interact_with_crafting_table":43,"minecraft:time_since_death":33382,"minecraft:climb_one_cm":424,"minecraft:sprint_one_cm":817245,"minecraft:walk_one_cm":630077,"minecraft:damage_blocked_by_shield":1379,"minecraft:drop":136,"minecraft:talked_to_villager":370,"minecraft:play_time":310476,"minecraft:sneak_time":44278,"minecraft:deaths":5,"minecraft:walk_under_water_one_cm":26395,"minecraft:jump":4719,"minecraft:interact_with_blast_furnace":2,"minecraft:walk_on_water_one_cm":28595,"minecraft:total_world_time":310476,"minecraft:interact_with_furnace":75,"minecraft:traded_with_villager":659,"minecraft:sleep_in_bed":7,"minecraft:time_since_rest":14595,"minecraft:damage_taken":4069,"minecraft:damage_dealt":7771,"minecraft:swim_one_cm":134547,"minecraft:fly_one_cm":1109958,"minecraft:open_chest":53,"minecraft:crouch_one_cm":73045,"minecraft:fall_one_cm":121711},"minecraft:mined":{"minecraft:tuff":29,"minecraft:white_bed":19,"minecraft:oak_sapling":1,"minecraft:deepslate_diamond_ore":5,"minecraft:ladder":3,"minecraft:grass_block":9,"minecraft:spruce_leaves":1,"minecraft:spawner":1,"minecraft:tall_seagrass":1,"minecraft:furnace":2,"biomesoplenty:toadstool":1,"minecraft:iron_ore":14,"minecraft:fire":3,"minecraft:cobbled_deepslate":3,"minecraft:andesite":40,"minecraft:moss_carpet":1,"minecraft:deepslate_lapis_ore":17,"minecraft:fletching_table":29,"minecraft:dirt_path":2,"minecraft:deepslate_iron_ore":116,"minecraft:rail":12,"minecraft:oak_stairs":3,"minecraft:stripped_oak_log":1,"minecraft:bamboo_sapling":6,"minecraft:bamboo":483,"minecraft:stone":119,"minecraft:smithing_table":2,"minecraft:deepslate_redstone_ore":24,"minecraft:spruce_door":14,"minecraft:crafting_table":15,"minecraft:blast_furnace":4,"minecraft:calcite":2,"minecraft:rose_bush":5,"minecraft:tall_grass":14,"minecraft:cobblestone":118,"minecraft:deepslate_coal_ore":12,"minecraft:deepslate_gold_ore":31,"minecraft:lapis_ore":1,"minecraft:oak_planks":77,"minecraft:sugar_cane":61,"minecraft:wall_torch":1,"minecraft:amethyst_block":3,"minecraft:seagrass":1,"minecraft:birch_log":75,"minecraft:lilac":1,"minecraft:spruce_log":4,"minecraft:birch_leaves":2,"minecraft:yellow_bed":7,"minecraft:grass":85,"minecraft:coal_ore":21,"minecraft:oak_log":1125,"minecraft:gravel":122,"minecraft:dirt":36,"minecraft:smooth_basalt":2,"minecraft:oak_leaves":250,"minecraft:deepslate":84}},"DataVersion":3465}