{"stats":{"minecraft:crafted":{"minecraft:ender_eye":12},"minecraft:mined":{"minecraft:spruce_planks":1,"minecraft:end_stone":6,"iceandfire:dread_spawner":13,"minecraft:purpur_slab":3,"minecraft:spawner":8,"minecraft:light_blue_stained_glass":2,"minecraft:fire":132,"outer_end:azure_sprouts":4,"minecraft:iron_bars":2,"minecraft:stripped_bamboo_block":1,"outer_end:himmel_pillar":1,"iceandfire:dread_stone_bricks_cracked":2,"minecraft:purpur_stairs":6,"minecraft:purpur_pillar":5,"biomesoplenty:huge_clover_petal":2,"minecraft:bricks":5,"minecraft:wall_torch":2,"minecraft:spruce_log":3,"biomesoplenty:maple_leaves":3,"minecraft:tnt":77,"minecraft:purpur_block":10,"outer_end:himmel_stairs":2,"minecraft:grass":29,"biomesoplenty:clover":18,"iceandfire:dread_stone_bricks_mossy":1,"biomesoplenty:fir_leaves":6,"outer_end:himmel_block":1,"minecraft:cobweb":8,"minecraft:stone_bricks":1,"iceandfire:dread_stone_bricks":3,"minecraft:fern":5},"minecraft:used":{"minecraft:purpur_block":1,"alexsmobs:comb_jelly_bucket":2,"minecraft:flint_and_steel":6,"minecraft:redstone":21,"minecraft:stone":1,"iceandfire:dragonsteel_ice_helmet":2,"minecraft:torch":24,"minecraft:dirt":1,"iceandfire:dragonsteel_ice_leggings":2,"minecraft:anvil":1,"outer_end:brine_bucket":6,"iceandfire:dragonsteel_ice_pickaxe":84,"minecraft:obsidian":14,"minecraft:grass_block":11,"alexsmobs:spawn_egg_devils_hole_pupfish":3,"minecraft:dark_oak_leaves":1,"minecraft:repeater":3,"bygonenether:warped_ender_pearl":3,"alexsmobs:enderiophage_rocket":29,"iceandfire:dread_queen_sword":17,"biomesoplenty:blood_bucket":5,"outer_end:ominous_miasma_bucket":8,"minecraft:enchanted_golden_apple":45,"bygonenether:gilded_netherite_shield":82,"minecraft:bamboo_mosaic":33,"minecraft:water_bucket":21,"minecraft:netherite_chestplate":4,"minecraft:ender_pearl":12,"minecraft:redstone_block":4,"iceandfire:dragonsteel_ice_boots":2,"minecraft:spruce_fence_gate":5,"minecraft:golden_apple":2,"minecraft:tnt":228,"minecraft:sponge":30,"minecraft:end_stone":46,"magistuarmory:longbow":376,"alexsmobs:tarantula_hawk_elytra":26,"minecraft:ender_eye":12,"minecraft:firework_rocket":370,"minecraft:stripped_bamboo_block":19,"iceandfire:dragonsteel_ice_axe":17,"iceandfire:dragonsteel_ice_sword":906,"minecraft:end_crystal":2,"smallships:spruce_brigg":1,"iceandfire:dragonsteel_lightning_sword":229,"minecraft:kelp":47,"iceandfire:dragonsteel_ice_chestplate":21,"minecraft:experience_bottle":161},"minecraft:picked_up":{"minecraft:shulker_shell":4,"iceandfire:dread_stone_bricks":2,"minecraft:chainmail_boots":1,"iceandfire:witherbone":5,"outer_end:himmel_pillar":4,"minecraft:purpur_block":26,"minecraft:experience_bottle":132,"iceandfire:hydra_fang":23,"iceandfire:dread_shard":7,"minecraft:birch_sapling":2,"iceandfire:ice_dragon_heart":1,"minecraft:dark_oak_sapling":1,"minecraft:stick":2,"iceandfire:dragonbone":2,"minecraft:end_stone":35,"minecraft:torch":67,"minecraft:purpur_pillar":6,"outer_end:levitation_core":1,"minecraft:porkchop":5,"minecraft:redstone":2,"minecraft:tnt":58,"xtraarrows:vex_wing":2,"minecraft:rotten_flesh":37,"iceandfire:dragonscales_silver":8,"minecraft:purpur_slab":3,"minecraft:blaze_powder":12,"minecraft:white_wool":1,"outer_end:halite_crystal":6,"minecraft:repeater":1,"minecraft:leather":8,"minecraft:purpur_stairs":9,"minecraft:chainmail_chestplate":2,"minecraft:gunpowder":4,"minecraft:magenta_terracotta":7,"iceandfire:dragonsteel_ice_sword":3,"minecraft:stripped_bamboo_block":3,"minecraft:bone":24,"minecraft:apple":1,"minecraft:kelp":45,"smallships:cannon":1,"outer_end:floral_paste":19,"iceandfire:copper_nugget":1,"minecraft:cooked_porkchop":16,"magistuarmory:longbow":1,"outer_end:himmel_stairs":3,"iceandfire:stymphalian_bird_feather":11,"minecraft:grass_block":1,"minecraft:light_blue_stained_glass":3,"iceandfire:dragonbone_sword_lightning":1,"minecraft:bamboo_mosaic":3,"minecraft:chainmail_leggings":1,"minecraft:emerald":1,"minecraft:bricks":5,"minecraft:coal":16,"minecraft:ender_pearl":5},"minecraft:custom":{"minecraft:interact_with_anvil":3,"minecraft:mob_kills":254,"minecraft:interact_with_crafting_table":1,"minecraft:open_barrel":2,"minecraft:leave_game":3,"minecraft:time_since_death":159570,"minecraft:climb_one_cm":3860,"minecraft:damage_resisted":6581,"minecraft:sprint_one_cm":333162,"minecraft:walk_one_cm":438057,"minecraft:damage_blocked_by_shield":4211,"minecraft:drop":132,"minecraft:play_time":274977,"minecraft:deaths":9,"minecraft:sneak_time":14691,"minecraft:walk_under_water_one_cm":29160,"minecraft:boat_one_cm":960,"minecraft:jump":2855,"minecraft:walk_on_water_one_cm":8359,"minecraft:total_world_time":274977,"minecraft:interact_with_furnace":1,"minecraft:time_since_rest":159655,"minecraft:damage_taken":6796,"minecraft:damage_absorbed":5404,"minecraft:damage_dealt":77016,"minecraft:swim_one_cm":14770,"minecraft:player_kills":6,"minecraft:fly_one_cm":1456048,"minecraft:open_chest":49,"minecraft:crouch_one_cm":28679,"minecraft:aviate_one_cm":7035308,"minecraft:fall_one_cm":91883},"minecraft:killed":{"minecraft:evoker":6,"minecraft:vex":15,"minecraft:cave_spider":1,"alexsmobs:void_worm":7,"minecraft:vindicator":36,"iceandfire:dread_beast":6,"iceandfire:stymphalian_bird":3,"minecraft:shulker":4,"minecraft:phantom":3,"minecraft:skeleton":2,"iceandfire:dread_knight":10,"iceandfire:dread_thrall":50,"iceandfire:fire_dragon":1,"bygonenether:wraither":4,"outer_end:purpur_golem":2,"minecraft:chicken":1,"alexsmobs:comb_jelly":1,"minecraft:illusioner":2,"iceandfire:deathworm":5,"iceandfire:dread_scuttler":8,"minecraft:husk":9,"minecraft:ender_dragon":1,"outer_end:himmelite":5,"minecraft:hoglin":6,"minecraft:creeper":2,"iceandfire:cockatrice":1,"minecraft:sheep":1,"minecraft:pillager":25,"minecraft:zombie":2,"bygonenether:warped_enderman":1,"iceandfire:ice_dragon":1,"iceandfire:lightning_dragon":6,"minecraft:wither_skeleton":8,"bygonenether:wex":1,"minecraft:enderman":6},"minecraft:dropped":{"iceandfire:dragonsteel_ice_boots":2,"iceandfire:dragonsteel_lightning_helmet":1,"minecraft:porkchop":5,"minecraft:tnt":22,"minecraft:ender_pearl":16,"minecraft:dark_oak_sapling":1,"minecraft:cooked_porkchop":16,"minecraft:purpur_slab":3,"minecraft:leather":8,"minecraft:apple":1,"biomesoplenty:blood_bucket":1,"iceandfire:dragonsteel_ice_chestplate":1,"minecraft:purpur_stairs":9,"magistuarmory:xivcenturyknight_chestplate":1,"minecraft:grass_block":8,"magistuarmory:bascinet":1,"minecraft:coal":14,"minecraft:golden_apple":64,"minecraft:emerald":1,"minecraft:stick":2,"magistuarmory:xivcenturyknight_leggings":1,"minecraft:spruce_fence_gate":1,"minecraft:lava_bucket":1,"minecraft:dirt":1,"magistuarmory:longbow":6,"minecraft:dark_oak_leaves":1,"outer_end:floral_paste":19,"iceandfire:dragonsteel_lightning_axe":1,"alexsmobs:enderiophage_rocket":40,"magistuarmory:crusader_leggings":1,"magistuarmory:crusader_chestplate":1,"minecraft:light_blue_stained_glass":2,"minecraft:sponge":1,"minecraft:repeater":1,"iceandfire:dragonsteel_ice_leggings":2,"iceandfire:dread_stone_bricks":2,"iceandfire:dragonsteel_ice_sword":1,"iceandfire:dragonsteel_ice_helmet":2,"smallships:cannon":1,"smallships:bamboo_brigg":1,"minecraft:white_wool":1,"minecraft:redstone_block":1,"minecraft:redstone":3,"minecraft:bone":14,"minecraft:bricks":5,"minecraft:purpur_pillar":6,"magistuarmory:crusader_boots":1,"minecraft:purpur_block":24,"minecraft:kelp":46,"smallships:spruce_brigg":1,"outer_end:himmel_stairs":3,"magistuarmory:xivcenturyknight_boots":2,"minecraft:sticky_piston":1,"minecraft:birch_sapling":2,"minecraft:obsidian":1,"iceandfire:witherbone":1,"minecraft:experience_bottle":321,"minecraft:bamboo_mosaic":4,"minecraft:enchanted_golden_apple":126,"minecraft:end_stone":39,"iceandfire:dragonsteel_lightning_chestplate":1,"xtraarrows:diamond_life_steal_arrow":64,"minecraft:totem_of_undying":5,"minecraft:stripped_bamboo_block":5,"iceandfire:dread_queen_sword":1,"minecraft:shulker_shell":4,"minecraft:stone":1,"minecraft:gunpowder":4,"xtraarrows:diamond_ender_arrow":64,"iceandfire:dragonsteel_lightning_pickaxe":1,"iceandfire:dragonsteel_lightning_leggings":1,"minecraft:end_portal_frame":64,"minecraft:gray_shulker_box":3,"alexsmobs:tarantula_hawk_elytra":3,"xtraarrows:vex_wing":2,"minecraft:magenta_terracotta":7,"iceandfire:dragonsteel_lightning_boots":1,"outer_end:himmel_pillar":4,"minecraft:firework_rocket":53},"minecraft:killed_by":{"minecraft:player":2}},"DataVersion":3465}