{"stats":{"minecraft:killed_by":{"minecraft:creeper":1,"iceandfire:ghost":2},"minecraft:used":{"magistuarmory:rustedcrusader_chestplate":1,"minecraft:stone_shovel":94,"minecraft:stone_pickaxe":68,"minecraft:oak_planks":5,"minecraft:wooden_pickaxe":9,"minecraft:fletching_table":21,"minecraft:sugar_cane":3,"minecraft:dirt":40,"minecraft:crafting_table":8,"minecraft:white_bed":4,"minecraft:oak_log":32,"minecraft:bread":12,"minecraft:gravel":87,"minecraft:stone_axe":457,"minecraft:cobblestone":27,"minecraft:bow":36,"minecraft:cooked_porkchop":6,"minecraft:yellow_bed":2,"minecraft:oak_boat":2},"minecraft:mined":{"minecraft:white_bed":4,"minecraft:crafting_table":8,"minecraft:grass_block":3,"minecraft:rose_bush":1,"minecraft:cobblestone":26,"minecraft:tall_grass":6,"minecraft:sugar_cane":1,"minecraft:oak_planks":3,"minecraft:seagrass":1,"minecraft:tall_seagrass":1,"biomesoplenty:toadstool":1,"minecraft:moss_carpet":1,"minecraft:fletching_table":18,"minecraft:yellow_bed":2,"minecraft:grass":26,"minecraft:oak_log":352,"minecraft:oak_stairs":1,"minecraft:gravel":93,"minecraft:dirt":17,"minecraft:stripped_oak_log":1,"minecraft:stone":27,"minecraft:oak_leaves":79},"minecraft:crafted":{"minecraft:grindstone":1,"xtraarrows:iron_arrow":120,"minecraft:oak_planks":1108,"minecraft:crossbow":3,"minecraft:stone_shovel":1,"minecraft:emerald":90,"minecraft:cooked_porkchop":11,"minecraft:crafting_table":1,"xtraarrows:diamond_arrow":30,"minecraft:wooden_pickaxe":1,"minecraft:stone":3,"minecraft:fletching_table":3,"minecraft:stone_axe":4,"minecraft:bread":60,"minecraft:air":0,"xtraarrows:netherite_arrow":5,"magistuarmory:hilt":1,"minecraft:oak_boat":1,"minecraft:bow":1,"minecraft:stone_slab":6,"minecraft:stick":2160,"minecraft:stone_pickaxe":1,"minecraft:pumpkin_pie":44,"magistuarmory:leather_strip":6},"minecraft:killed":{"minecraft:creeper":4,"minecraft:skeleton":3,"iceandfire:ghost":1,"minecraft:cow":3},"minecraft:picked_up":{"minecraft:stripped_oak_log":2,"xtraarrows:iron_arrow":100,"minecraft:crafting_table":11,"minecraft:leather":10,"minecraft:stone_slab":5,"minecraft:wooden_pickaxe":3,"minecraft:oak_stairs":3,"minecraft:flint":8,"minecraft:oak_log":431,"minecraft:yellow_bed":2,"minecraft:gunpowder":8,"minecraft:dirt":45,"minecraft:moss_carpet":19,"xtraarrows:diamond_arrow":30,"minecraft:bone":1,"minecraft:apple":30,"minecraft:bow":3,"minecraft:wheat_seeds":10,"minecraft:beef":19,"minecraft:stone_pickaxe":3,"xtraarrows:netherite_arrow":5,"minecraft:oak_boat":5,"minecraft:rose_bush":3,"minecraft:fletching_table":18,"minecraft:sugar_cane":3,"minecraft:oak_planks":3,"minecraft:egg":1,"biomesoplenty:toadstool":20,"minecraft:stick":66,"minecraft:cooked_porkchop":11,"minecraft:gravel":93,"minecraft:recovery_compass":1,"minecraft:white_bed":4,"magistuarmory:rustedcrusader_chestplate":1,"alexsmobs:animal_dictionary":3,"minecraft:arrow":1,"minecraft:stone_shovel":3,"minecraft:stone_axe":1,"minecraft:pumpkin_pie":44,"minecraft:bread":113,"minecraft:oak_sapling":217,"minecraft:cobblestone":80},"minecraft:broken":{"minecraft:stone_axe":3},"minecraft:custom":{"minecraft:interact_with_furnace":7,"minecraft:mob_kills":13,"minecraft:traded_with_villager":146,"minecraft:interact_with_crafting_table":16,"minecraft:time_since_death":6263,"minecraft:sleep_in_bed":2,"minecraft:time_since_rest":6294,"minecraft:sprint_one_cm":224527,"minecraft:damage_taken":1735,"minecraft:walk_one_cm":146543,"minecraft:drop":14,"minecraft:damage_dealt":852,"minecraft:swim_one_cm":10599,"minecraft:talked_to_villager":123,"minecraft:fly_one_cm":340028,"minecraft:open_chest":5,"minecraft:crouch_one_cm":14825,"minecraft:play_time":77868,"minecraft:deaths":3,"minecraft:sneak_time":11948,"minecraft:walk_under_water_one_cm":4159,"minecraft:jump":1450,"minecraft:walk_on_water_one_cm":4838,"minecraft:total_world_time":77868,"minecraft:fall_one_cm":40614},"minecraft:dropped":{"minecraft:wheat_seeds":5,"minecraft:crossbow":3,"minecraft:stripped_oak_log":2,"minecraft:recovery_compass":2,"minecraft:gunpowder":6,"minecraft:rose_bush":2,"minecraft:oak_stairs":1,"minecraft:stone_pickaxe":1,"minecraft:egg":1}},"DataVersion":3465}