{"stats":{"minecraft:killed_by":{"minecraft:creeper":1,"minecraft:skeleton":1,"iceandfire:ghost":2},"minecraft:used":{"magistuarmory:rustedcrusader_chestplate":1,"minecraft:stone_shovel":126,"minecraft:shield":18,"minecraft:dirt":54,"minecraft:iron_axe":830,"minecraft:bow":63,"minecraft:golden_carrot":4,"minecraft:furnace":1,"minecraft:oak_sapling":10,"minecraft:cobbled_deepslate":17,"minecraft:diamond_boots":1,"minecraft:stone_pickaxe":276,"minecraft:oak_planks":44,"minecraft:wooden_pickaxe":12,"minecraft:fletching_table":33,"minecraft:sugar_cane":37,"minecraft:crafting_table":13,"minecraft:blast_furnace":5,"minecraft:white_bed":11,"magistuarmory:longbow":15,"minecraft:oak_log":75,"minecraft:bread":38,"minecraft:iron_pickaxe":94,"minecraft:gravel":108,"minecraft:stone_axe":462,"minecraft:cobblestone":99,"minecraft:grindstone":1,"minecraft:cooked_porkchop":6,"minecraft:pumpkin_pie":1,"minecraft:yellow_bed":7,"minecraft:oak_boat":2,"minecraft:diamond_leggings":2},"minecraft:mined":{"minecraft:tuff":1,"minecraft:white_bed":11,"minecraft:oak_sapling":1,"minecraft:deepslate_diamond_ore":4,"minecraft:ladder":3,"minecraft:grass_block":7,"minecraft:tall_seagrass":1,"minecraft:furnace":1,"biomesoplenty:toadstool":1,"minecraft:cobbled_deepslate":2,"minecraft:andesite":14,"minecraft:moss_carpet":1,"minecraft:deepslate_lapis_ore":2,"minecraft:fletching_table":29,"minecraft:deepslate_iron_ore":57,"minecraft:dirt_path":2,"minecraft:oak_stairs":2,"minecraft:stripped_oak_log":1,"minecraft:stone":103,"minecraft:deepslate_redstone_ore":11,"minecraft:crafting_table":13,"minecraft:blast_furnace":4,"minecraft:rose_bush":5,"minecraft:tall_grass":14,"minecraft:cobblestone":97,"minecraft:deepslate_gold_ore":23,"minecraft:sugar_cane":61,"minecraft:oak_planks":42,"minecraft:wall_torch":1,"minecraft:seagrass":1,"minecraft:birch_log":50,"minecraft:lilac":1,"minecraft:birch_leaves":1,"minecraft:yellow_bed":7,"minecraft:grass":50,"minecraft:oak_log":868,"minecraft:gravel":116,"minecraft:dirt":29,"minecraft:deepslate":35,"minecraft:oak_leaves":185},"minecraft:crafted":{"minecraft:golden_carrot":18,"minecraft:grindstone":2,"minecraft:oak_planks":3652,"minecraft:cookie":144,"minecraft:smooth_stone":3,"minecraft:stone_shovel":1,"xtraarrows:diamond_arrow":45,"minecraft:furnace":2,"minecraft:blast_furnace":1,"minecraft:stone":6,"magistuarmory:longbow":1,"minecraft:suspicious_stew":7,"xtraarrows:netherite_arrow":10,"magistuarmory:hilt":1,"minecraft:diamond_leggings":2,"minecraft:bow":1,"minecraft:iron_boots":10,"minecraft:iron_axe":13,"minecraft:stone_pickaxe":3,"minecraft:diamond_boots":1,"xtraarrows:iron_arrow":300,"minecraft:crossbow":3,"minecraft:emerald":345,"minecraft:cooked_porkchop":11,"minecraft:crafting_table":1,"minecraft:wooden_pickaxe":1,"minecraft:fletching_table":4,"minecraft:birch_planks":196,"minecraft:stone_axe":5,"minecraft:bread":60,"minecraft:air":0,"minecraft:oak_boat":1,"xtraarrows:netherite_explosive_arrow":15,"minecraft:shield":8,"minecraft:iron_pickaxe":1,"minecraft:iron_ingot":5,"minecraft:stick":7628,"minecraft:stone_slab":6,"minecraft:chainmail_boots":12,"nyfsquiver:basic_quiver":1,"minecraft:pumpkin_pie":48,"magistuarmory:leather_strip":6},"minecraft:killed":{"minecraft:witch":1,"minecraft:spider":10,"minecraft:skeleton":15,"minecraft:drowned":1,"minecraft:creeper":13,"minecraft:zombie":18,"iceandfire:ghost":5,"minecraft:cow":3},"minecraft:picked_up":{"minecraft:crafting_table":17,"minecraft:ladder":3,"minecraft:suspicious_stew":2,"minecraft:stone_slab":13,"minecraft:wooden_pickaxe":3,"minecraft:oak_stairs":4,"minecraft:string":12,"minecraft:moss_carpet":19,"minecraft:iron_axe":2,"minecraft:diamond_leggings":2,"minecraft:cobbled_deepslate":39,"minecraft:beef":19,"minecraft:oak_boat":5,"xtraarrows:netherite_arrow":8,"minecraft:rose_bush":7,"minecraft:iron_pickaxe":1,"minecraft:sugar_cane":120,"minecraft:birch_sapling":12,"minecraft:furnace":2,"minecraft:egg":1,"minecraft:raw_iron":103,"minecraft:stick":334,"minecraft:recovery_compass":2,"minecraft:redstone":100,"magistuarmory:rustedcrusader_chestplate":1,"minecraft:rotten_flesh":20,"minecraft:stone_shovel":4,"minecraft:arrow":1,"minecraft:pumpkin_pie":44,"minecraft:diamond_boots":1,"minecraft:cobblestone":288,"minecraft:stripped_oak_log":2,"minecraft:birch_log":49,"xtraarrows:iron_arrow":100,"minecraft:lilac":2,"minecraft:golden_carrot":14,"minecraft:andesite":28,"minecraft:leather":10,"minecraft:flint":10,"minecraft:tuff":2,"minecraft:oak_log":964,"iceandfire:ectoplasm":2,"minecraft:yellow_bed":7,"minecraft:gunpowder":15,"minecraft:lapis_lazuli":16,"minecraft:dirt":67,"xtraarrows:diamond_arrow":30,"minecraft:bone":11,"nyfsquiver:basic_quiver":1,"minecraft:apple":75,"minecraft:bow":5,"minecraft:wheat_seeds":12,"minecraft:raw_gold":46,"minecraft:iron_ingot":4,"minecraft:stone_pickaxe":4,"minecraft:fletching_table":29,"minecraft:oak_planks":42,"biomesoplenty:toadstool":20,"minecraft:cooked_porkchop":16,"minecraft:gravel":114,"magistuarmory:longbow":1,"minecraft:blast_furnace":4,"minecraft:white_bed":11,"magistuarmory:rustedchainmail_leggings":4,"alexsmobs:animal_dictionary":4,"minecraft:spider_eye":2,"minecraft:diamond":8,"minecraft:stone_axe":2,"magistuarmory:rustedcrusader_boots":1,"minecraft:emerald":17,"minecraft:bread":137,"minecraft:oak_sapling":475},"minecraft:broken":{"magistuarmory:rustedcrusader_boots":1,"magistuarmory:rustedcrusader_chestplate":1,"minecraft:stone_pickaxe":1,"minecraft:iron_axe":2,"minecraft:stone_axe":3},"minecraft:custom":{"minecraft:mob_kills":68,"minecraft:interact_with_crafting_table":30,"minecraft:time_since_death":3648,"minecraft:climb_one_cm":424,"minecraft:sprint_one_cm":556681,"minecraft:walk_one_cm":391216,"minecraft:damage_blocked_by_shield":1017,"minecraft:drop":104,"minecraft:talked_to_villager":318,"minecraft:play_time":196973,"minecraft:deaths":4,"minecraft:sneak_time":30400,"minecraft:walk_under_water_one_cm":7740,"minecraft:jump":3142,"minecraft:interact_with_blast_furnace":2,"minecraft:walk_on_water_one_cm":11946,"minecraft:total_world_time":196973,"minecraft:interact_with_furnace":20,"minecraft:traded_with_villager":512,"minecraft:sleep_in_bed":4,"minecraft:time_since_rest":3675,"minecraft:damage_taken":3243,"minecraft:damage_dealt":5320,"minecraft:swim_one_cm":19247,"minecraft:fly_one_cm":710618,"minecraft:open_chest":28,"minecraft:crouch_one_cm":50174,"minecraft:fall_one_cm":79423},"minecraft:dropped":{"minecraft:bread":3,"minecraft:wheat_seeds":8,"minecraft:lilac":2,"minecraft:crossbow":3,"minecraft:cookie":144,"xtraarrows:iron_arrow":1,"minecraft:dirt":5,"minecraft:rose_bush":6,"minecraft:oak_stairs":2,"minecraft:pumpkin_pie":47,"minecraft:iron_axe":10,"minecraft:bone":5,"magistuarmory:rustedchainmail_leggings":4,"biomesoplenty:toadstool":7,"minecraft:stone_axe":2,"minecraft:birch_sapling":12,"minecraft:rotten_flesh":8,"minecraft:iron_boots":10,"minecraft:stripped_oak_log":2,"minecraft:stone_slab":8,"minecraft:recovery_compass":4,"minecraft:suspicious_stew":9,"minecraft:gunpowder":6,"minecraft:oak_sapling":184,"minecraft:chainmail_boots":12,"minecraft:spider_eye":1,"minecraft:wooden_pickaxe":1,"minecraft:bow":2,"minecraft:arrow":1,"minecraft:stone_pickaxe":1,"minecraft:egg":1}},"DataVersion":3465}