{"stats":{"minecraft:crafted":{"minecraft:oak_planks":28,"minecraft:dark_oak_boat":3,"minecraft:lever":1,"minecraft:cooked_mutton":8,"minecraft:iron_boots":3,"minecraft:chest":4,"minecraft:cooked_porkchop":18,"minecraft:crafting_table":2,"iceandfire:blindfold":1,"minecraft:spruce_planks":280,"minecraft:wooden_pickaxe":1,"minecraft:iron_helmet":1,"minecraft:spruce_door":3,"minecraft:fletching_table":1,"minecraft:spruce_trapdoor":2,"minecraft:iron_chestplate":2,"minecraft:diamond_pickaxe":1,"minecraft:shield":1,"minecraft:stick":44,"minecraft:iron_ingot":126,"minecraft:iron_pickaxe":2,"minecraft:gold_ingot":20,"minecraft:shears":3,"magistuarmory:leather_strip":12,"minecraft:raw_iron":18,"minecraft:tripwire_hook":2,"minecraft:furnace":10,"magistuarmory:longbow":2,"magistuarmory:hilt":2,"minecraft:iron_axe":3,"minecraft:stone_pickaxe":1,"minecraft:spruce_boat":1,"minecraft:redstone_block":5,"minecraft:dark_oak_planks":16,"minecraft:cooked_beef":27,"minecraft:enchanting_table":1,"biomesoplenty:redwood_planks":32,"minecraft:bucket":3,"minecraft:stone_axe":1,"minecraft:air":0,"minecraft:oak_boat":1,"minecraft:wooden_axe":1,"minecraft:iron_leggings":2,"minecraft:torch":28,"minecraft:lapis_lazuli":9,"minecraft:lapis_block":9},"minecraft:broken":{"minecraft:iron_axe":2,"minecraft:iron_pickaxe":1},"minecraft:killed":{"minecraft:cave_spider":1,"minecraft:witch":1,"iceandfire:gorgon":1,"minecraft:spider":5,"minecraft:skeleton":20,"minecraft:pig":11,"minecraft:creeper":2,"minecraft:sheep":7,"minecraft:zombie":26,"alexsmobs:fly":1,"minecraft:cow":14,"minecraft:husk":17,"minecraft:squid":1,"iceandfire:ghost":2},"minecraft:picked_up":{"minecraft:wooden_axe":2,"minecraft:iron_chestplate":8,"minecraft:redstone_block":111,"minecraft:potion":1,"minecraft:stone_brick_stairs":1,"minecraft:amethyst_block":1,"minecraft:lapis_block":69,"minecraft:string":199,"minecraft:sticky_piston":41,"minecraft:iron_leggings":7,"minecraft:cobbled_deepslate":220,"minecraft:bucket":1,"minecraft:spruce_planks":141,"minecraft:calcite":3,"minecraft:azalea":1,"minecraft:iron_pickaxe":10,"biomesoplenty:redwood_wood":40,"minecraft:furnace":24,"minecraft:iron_boots":9,"minecraft:stick":23,"minecraft:composter":5,"minecraft:big_dripleaf":8,"minecraft:torch":249,"minecraft:porkchop":18,"minecraft:diorite":1,"minecraft:stone_sword":1,"minecraft:rotten_flesh":47,"minecraft:tropical_fish":1,"minecraft:obsidian":66,"minecraft:cobblestone":145,"minecraft:enchanting_table":1,"minecraft:cooked_beef":19,"minecraft:water_bucket":4,"minecraft:andesite":55,"minecraft:brown_wool":1,"minecraft:dark_oak_boat":1,"minecraft:potato":1,"minecraft:flint":2,"minecraft:tuff":21,"minecraft:lapis_lazuli":313,"minecraft:dirt":66,"minecraft:bone":30,"minecraft:bow":1,"minecraft:wheat_seeds":8,"minecraft:raw_gold":53,"minecraft:fletching_table":5,"minecraft:mossy_stone_bricks":4,"minecraft:moss_block":2,"minecraft:oak_planks":19,"minecraft:cooked_porkchop":11,"minecraft:ink_sac":10,"alexsmobs:animal_dictionary":12,"minecraft:dark_oak_log":14,"minecraft:diamond":36,"minecraft:spruce_boat":4,"magistuarmory:leather_strip":5,"minecraft:granite":2,"minecraft:bread":9,"iceandfire:gorgon_head":4,"alexsmobs:maggot":1,"minecraft:oak_sapling":6,"minecraft:dark_oak_fence":1,"iceandfire:raw_silver":3,"minecraft:diamond_pickaxe":5,"biomesoplenty:redwood_log":8,"iceandfire:dragon_skull_lightning":9,"minecraft:crafting_table":33,"minecraft:clay_ball":84,"minecraft:chest_minecart":1,"minecraft:brown_mushroom":3,"minecraft:wooden_pickaxe":5,"minecraft:shield":10,"minecraft:iron_axe":5,"minecraft:cracked_stone_bricks":5,"minecraft:beef":36,"minecraft:oak_boat":1,"minecraft:sugar_cane":371,"minecraft:egg":2,"minecraft:raw_iron":213,"iceandfire:dragonbone":58,"minecraft:recovery_compass":3,"minecraft:carrot":6,"minecraft:redstone":293,"iceandfire:blindfold":1,"biomesoplenty:redwood_planks":16,"minecraft:arrow":27,"minecraft:shears":2,"biomesoplenty:redwood_sapling":2,"minecraft:gold_ingot":78,"minecraft:glow_berries":19,"minecraft:mutton":19,"minecraft:white_wool":8,"minecraft:rail":15,"minecraft:bone_block":1,"minecraft:leather":50,"minecraft:oak_log":73,"minecraft:yellow_bed":1,"minecraft:gunpowder":1,"minecraft:stone_bricks":7,"minecraft:iron_ingot":231,"minecraft:stone_pickaxe":7,"minecraft:cobweb":80,"minecraft:book":299,"minecraft:quartz":180,"minecraft:raw_iron_block":2,"minecraft:gravel":111,"minecraft:lava_bucket":1,"magistuarmory:longbow":4,"minecraft:amethyst_shard":244,"minecraft:spruce_sapling":7,"minecraft:white_bed":4,"minecraft:spruce_log":224,"minecraft:spruce_door":2,"minecraft:spider_eye":2,"minecraft:stone_axe":9,"minecraft:iron_helmet":7,"minecraft:black_wool":5,"minecraft:coal":150,"minecraft:sunflower":2},"minecraft:custom":{"minecraft:interact_with_crafting_table":63,"minecraft:open_barrel":4,"minecraft:leave_game":11,"minecraft:time_since_death":18012,"minecraft:damage_resisted":50,"minecraft:sprint_one_cm":806813,"minecraft:damage_blocked_by_shield":1480,"minecraft:drop":137,"minecraft:talked_to_villager":6,"minecraft:play_time":342166,"minecraft:deaths":18,"minecraft:jump":4753,"minecraft:walk_on_water_one_cm":96522,"minecraft:enchant_item":1,"minecraft:interact_with_furnace":202,"minecraft:damage_dealt":22962,"minecraft:player_kills":5,"minecraft:crouch_one_cm":24075,"minecraft:mob_kills":111,"minecraft:climb_one_cm":7436,"minecraft:walk_one_cm":614558,"minecraft:sneak_time":14556,"minecraft:walk_under_water_one_cm":55667,"minecraft:boat_one_cm":172847,"minecraft:interact_with_blast_furnace":2,"minecraft:total_world_time":342166,"minecraft:time_since_rest":18043,"minecraft:damage_taken":7171,"minecraft:swim_one_cm":275313,"minecraft:fly_one_cm":1164673,"minecraft:open_chest":50,"minecraft:fall_one_cm":106681},"minecraft:used":{"minecraft:bone_block":1,"minecraft:chest":4,"minecraft:shield":46,"minecraft:rotten_flesh":8,"minecraft:iron_chestplate":3,"minecraft:tuff":15,"minecraft:spruce_boat":3,"minecraft:lava_bucket":6,"minecraft:iron_helmet":4,"minecraft:dark_oak_boat":1,"minecraft:furnace":17,"minecraft:potato":1,"minecraft:spruce_door":2,"minecraft:stone_pickaxe":43,"minecraft:oak_planks":5,"minecraft:wooden_pickaxe":3,"minecraft:glow_berries":36,"minecraft:shears":48,"magistuarmory:longbow":11,"minecraft:sticky_piston":1,"minecraft:lever":1,"minecraft:bread":10,"minecraft:brown_wool":1,"minecraft:string":33,"minecraft:gravel":1,"minecraft:dark_oak_fence":1,"minecraft:oak_boat":2,"minecraft:enchanting_table":1,"minecraft:tropical_fish":1,"biomesoplenty:redwood_planks":3,"minecraft:spruce_planks":125,"minecraft:torch":4,"minecraft:dirt":21,"minecraft:wooden_axe":26,"biomesoplenty:redwood_wood":9,"minecraft:iron_axe":503,"minecraft:iron_boots":4,"minecraft:tripwire_hook":2,"minecraft:cooked_beef":11,"minecraft:cobbled_deepslate":78,"minecraft:iron_leggings":2,"minecraft:calcite":1,"minecraft:cooked_mutton":8,"minecraft:water_bucket":44,"minecraft:fletching_table":6,"iceandfire:dragon_skull_lightning":6,"minecraft:crafting_table":16,"minecraft:spruce_log":1,"minecraft:oak_log":4,"minecraft:diamond_pickaxe":246,"minecraft:iron_pickaxe":272,"minecraft:spruce_trapdoor":2,"minecraft:stone_axe":126,"minecraft:cobblestone":24,"minecraft:cooked_porkchop":8,"minecraft:bucket":53,"minecraft:yellow_bed":1},"minecraft:mined":{"minecraft:spruce_planks":22,"minecraft:white_bed":1,"minecraft:obsidian":14,"minecraft:cave_vines_plant":13,"minecraft:granite":2,"minecraft:grass_block":9,"minecraft:composter":3,"minecraft:spawner":3,"minecraft:raw_iron_block":2,"minecraft:fire":9,"minecraft:iron_ore":53,"minecraft:sticky_piston":9,"minecraft:cobbled_deepslate":5,"biomesoplenty:lavender":1,"minecraft:fletching_table":6,"minecraft:deepslate_lapis_ore":2,"minecraft:enchanting_table":1,"minecraft:cave_vines":21,"biomesoplenty:redwood_log":8,"minecraft:azalea":2,"minecraft:tripwire":19,"minecraft:piston_head":2,"minecraft:deepslate_redstone_ore":15,"minecraft:brown_mushroom":1,"minecraft:amethyst_cluster":8,"minecraft:clay":4,"minecraft:calcite":1,"minecraft:cobblestone":8,"minecraft:sugar_cane":46,"minecraft:oak_planks":3,"minecraft:amethyst_block":1,"minecraft:wheat":2,"biomesoplenty:maple_leaves":1,"minecraft:black_bed":1,"minecraft:stone_brick_stairs":1,"minecraft:grass":68,"biomesoplenty:clover":9,"minecraft:oak_log":22,"minecraft:dirt":15,"minecraft:oak_leaves":67,"minecraft:deepslate":24,"minecraft:tuff":16,"iceandfire:silver_ore":1,"minecraft:deepslate_diamond_ore":3,"minecraft:dark_oak_log":9,"minecraft:dark_oak_fence":1,"minecraft:redstone_wire":35,"minecraft:spruce_leaves":14,"minecraft:moss_block":3,"minecraft:large_fern":4,"minecraft:redstone_ore":2,"minecraft:furnace":10,"minecraft:carrots":1,"minecraft:andesite":1,"minecraft:bookshelf":20,"biomesoplenty:high_grass":27,"minecraft:deepslate_iron_ore":48,"minecraft:vine":2,"minecraft:stone":124,"minecraft:bone_block":1,"minecraft:podzol":1,"minecraft:redstone_block":6,"biomesoplenty:redwood_planks":3,"minecraft:spruce_door":2,"minecraft:crafting_table":14,"biomesoplenty:high_grass_plant":49,"minecraft:tall_grass":21,"minecraft:lapis_ore":4,"biomesoplenty:sprout":1,"minecraft:deepslate_gold_ore":1,"minecraft:diorite":1,"minecraft:spruce_log":53,"minecraft:yellow_bed":1,"minecraft:coal_ore":17,"minecraft:sunflower":1,"minecraft:gravel":1,"minecraft:cobweb":32,"minecraft:cracked_stone_bricks":3,"minecraft:stone_bricks":12,"minecraft:small_dripleaf":1,"minecraft:mossy_stone_bricks":5,"biomesoplenty:redwood_wood":21,"minecraft:fern":5},"minecraft:killed_by":{"iceandfire:cyclops":2,"minecraft:creeper":1,"minecraft:cave_spider":2,"minecraft:witch":1,"minecraft:zombie":1,"iceandfire:fire_dragon":1,"minecraft:husk":1,"minecraft:player":6},"minecraft:dropped":{"iceandfire:raw_silver":1,"minecraft:moss_block":2,"minecraft:cooked_beef":6,"minecraft:diamond":4,"minecraft:crafting_table":1,"minecraft:glow_berries":1,"minecraft:chest_minecart":1,"minecraft:cracked_stone_bricks":5,"magistuarmory:longbow":1,"minecraft:dirt":6,"iceandfire:blindfold":2,"minecraft:mutton":5,"minecraft:amethyst_shard":52,"minecraft:sunflower":2,"minecraft:iron_pickaxe":1,"minecraft:white_wool":3,"minecraft:bone":12,"minecraft:stone_axe":2,"minecraft:sugar_cane":11,"alexsmobs:animal_dictionary":2,"minecraft:cobbled_deepslate":4,"minecraft:rotten_flesh":38,"minecraft:oak_planks":13,"minecraft:white_bed":2,"minecraft:recovery_compass":7,"minecraft:carrot":2,"minecraft:gunpowder":1,"minecraft:azalea":1,"minecraft:arrow":4,"minecraft:stone_brick_stairs":1,"minecraft:egg":1,"minecraft:water_bucket":1,"minecraft:iron_ingot":9,"minecraft:wheat_seeds":8,"minecraft:cobblestone":22,"minecraft:granite":2,"minecraft:spruce_door":3,"minecraft:coal":14,"minecraft:stick":11,"minecraft:diorite":1,"minecraft:wooden_axe":1,"minecraft:iron_leggings":2,"minecraft:iron_axe":1,"minecraft:bucket":1,"minecraft:spruce_sapling":5,"minecraft:redstone":101,"alexsmobs:maggot":1,"minecraft:stone_sword":1,"minecraft:raw_iron":27,"minecraft:clay_ball":80,"minecraft:iron_boots":4,"minecraft:shears":2,"minecraft:big_dripleaf":8,"minecraft:spruce_boat":2,"minecraft:shield":1,"minecraft:spruce_planks":4,"minecraft:iron_chestplate":3,"minecraft:diamond_pickaxe":1,"minecraft:andesite":10,"minecraft:mossy_stone_bricks":4,"minecraft:oak_sapling":3,"minecraft:stone_bricks":7,"minecraft:spruce_log":21,"minecraft:bow":1,"minecraft:stone_pickaxe":3,"minecraft:wooden_pickaxe":2,"minecraft:black_wool":2}},"DataVersion":3465}