{"stats":{"minecraft:mined":{"minecraft:fire":18,"minecraft:tnt":77,"minecraft:stripped_bamboo_block":1},"minecraft:used":{"minecraft:purpur_block":1,"alexsmobs:comb_jelly_bucket":2,"minecraft:water_bucket":21,"minecraft:bamboo_mosaic":33,"minecraft:flint_and_steel":6,"minecraft:redstone":21,"minecraft:netherite_chestplate":4,"minecraft:stone":1,"minecraft:redstone_block":4,"iceandfire:dragonsteel_ice_helmet":2,"iceandfire:dragonsteel_ice_boots":2,"minecraft:golden_apple":2,"iceandfire:dragonsteel_ice_leggings":2,"minecraft:dirt":1,"minecraft:anvil":1,"minecraft:tnt":206,"outer_end:brine_bucket":6,"minecraft:sponge":30,"minecraft:end_stone":43,"magistuarmory:longbow":93,"minecraft:obsidian":14,"alexsmobs:tarantula_hawk_elytra":8,"minecraft:firework_rocket":242,"minecraft:stripped_bamboo_block":19,"minecraft:grass_block":11,"alexsmobs:spawn_egg_devils_hole_pupfish":3,"minecraft:dark_oak_leaves":1,"iceandfire:dragonsteel_ice_sword":385,"minecraft:repeater":3,"minecraft:end_crystal":2,"alexsmobs:enderiophage_rocket":29,"bygonenether:warped_ender_pearl":3,"smallships:spruce_brigg":1,"iceandfire:dread_queen_sword":17,"iceandfire:dragonsteel_lightning_sword":229,"biomesoplenty:blood_bucket":5,"minecraft:enchanted_golden_apple":2,"outer_end:ominous_miasma_bucket":8,"iceandfire:dragonsteel_ice_chestplate":2},"minecraft:picked_up":{"minecraft:repeater":1,"outer_end:halite_crystal":6,"minecraft:chainmail_boots":1,"iceandfire:witherbone":4,"minecraft:chainmail_chestplate":2,"minecraft:purpur_block":4,"minecraft:gunpowder":4,"iceandfire:dragonsteel_ice_sword":1,"minecraft:stripped_bamboo_block":3,"minecraft:bone":10,"minecraft:apple":1,"iceandfire:hydra_fang":23,"smallships:cannon":1,"iceandfire:dread_shard":7,"minecraft:birch_sapling":2,"iceandfire:ice_dragon_heart":1,"minecraft:dark_oak_sapling":1,"iceandfire:dragonbone":2,"minecraft:stick":2,"iceandfire:copper_nugget":1,"minecraft:end_stone":33,"outer_end:levitation_core":1,"magistuarmory:longbow":1,"iceandfire:stymphalian_bird_feather":11,"minecraft:grass_block":1,"minecraft:redstone":2,"iceandfire:dragonbone_sword_lightning":1,"minecraft:bamboo_mosaic":3,"minecraft:tnt":58,"minecraft:rotten_flesh":37,"minecraft:chainmail_leggings":1,"iceandfire:dragonscales_silver":8,"minecraft:coal":2,"minecraft:ender_pearl":2},"minecraft:custom":{"minecraft:interact_with_furnace":1,"minecraft:interact_with_anvil":3,"minecraft:mob_kills":49,"minecraft:leave_game":2,"minecraft:time_since_death":45665,"minecraft:damage_resisted":99,"minecraft:climb_one_cm":66,"minecraft:damage_absorbed":245,"minecraft:time_since_rest":45688,"minecraft:sprint_one_cm":96684,"minecraft:damage_taken":2114,"minecraft:walk_one_cm":154045,"minecraft:drop":67,"minecraft:damage_dealt":24399,"minecraft:swim_one_cm":8967,"minecraft:fly_one_cm":1123126,"minecraft:player_kills":6,"minecraft:open_chest":6,"minecraft:crouch_one_cm":13025,"minecraft:play_time":161010,"minecraft:deaths":9,"minecraft:sneak_time":7310,"minecraft:walk_under_water_one_cm":1351,"minecraft:aviate_one_cm":3364358,"minecraft:boat_one_cm":960,"minecraft:jump":794,"minecraft:walk_on_water_one_cm":3339,"minecraft:total_world_time":161010,"minecraft:fall_one_cm":22328},"minecraft:killed":{"alexsmobs:void_worm":7,"minecraft:ender_dragon":1,"iceandfire:stymphalian_bird":3,"minecraft:creeper":1,"iceandfire:cockatrice":1,"iceandfire:dread_thrall":8,"iceandfire:fire_dragon":1,"bygonenether:wraither":4,"outer_end:purpur_golem":1,"minecraft:chicken":1,"bygonenether:warped_enderman":1,"alexsmobs:comb_jelly":1,"iceandfire:ice_dragon":1,"iceandfire:deathworm":5,"iceandfire:lightning_dragon":6,"minecraft:wither_skeleton":1,"bygonenether:wex":1,"minecraft:enderman":1},"minecraft:dropped":{"iceandfire:dragonsteel_ice_boots":2,"iceandfire:dragonsteel_lightning_helmet":1,"minecraft:purpur_block":2,"smallships:spruce_brigg":1,"minecraft:tnt":21,"minecraft:dark_oak_sapling":1,"magistuarmory:xivcenturyknight_boots":2,"minecraft:birch_sapling":2,"minecraft:bamboo_mosaic":4,"minecraft:end_stone":36,"minecraft:apple":1,"iceandfire:dragonsteel_lightning_chestplate":1,"xtraarrows:diamond_life_steal_arrow":64,"iceandfire:dragonsteel_ice_chestplate":1,"magistuarmory:xivcenturyknight_chestplate":1,"minecraft:totem_of_undying":2,"minecraft:stripped_bamboo_block":5,"minecraft:grass_block":8,"magistuarmory:bascinet":1,"minecraft:golden_apple":64,"minecraft:lava_bucket":1,"magistuarmory:xivcenturyknight_leggings":1,"minecraft:stick":2,"minecraft:dirt":1,"iceandfire:dread_queen_sword":1,"magistuarmory:longbow":5,"minecraft:dark_oak_leaves":1,"minecraft:stone":1,"minecraft:gunpowder":4,"xtraarrows:diamond_ender_arrow":64,"minecraft:sponge":1,"iceandfire:dragonsteel_lightning_leggings":1,"iceandfire:dragonsteel_ice_leggings":2,"iceandfire:dragonsteel_ice_sword":1,"alexsmobs:tarantula_hawk_elytra":2,"iceandfire:dragonsteel_ice_helmet":2,"smallships:cannon":1,"smallships:bamboo_brigg":1,"iceandfire:dragonsteel_lightning_boots":1,"minecraft:firework_rocket":1},"minecraft:killed_by":{"minecraft:player":2}},"DataVersion":3465}