{"stats":{"minecraft:mined":{"minecraft:tnt":77},"minecraft:used":{"minecraft:tnt":77,"minecraft:grass_block":1,"minecraft:dark_oak_leaves":1,"minecraft:stone":1,"magistuarmory:longbow":1},"minecraft:picked_up":{"minecraft:stick":2,"minecraft:dark_oak_sapling":1,"minecraft:tnt":58,"minecraft:apple":1,"minecraft:birch_sapling":2},"minecraft:custom":{"minecraft:time_since_rest":11945,"minecraft:interact_with_furnace":1,"minecraft:crouch_one_cm":3659,"minecraft:damage_taken":780,"minecraft:sprint_one_cm":4418,"minecraft:play_time":17199,"minecraft:deaths":2,"minecraft:walk_one_cm":4993,"minecraft:sneak_time":2396,"minecraft:walk_under_water_one_cm":1351,"minecraft:drop":9,"minecraft:jump":139,"minecraft:damage_dealt":51,"minecraft:leave_game":1,"minecraft:walk_on_water_one_cm":1612,"minecraft:time_since_death":11874,"minecraft:total_world_time":17199,"minecraft:swim_one_cm":8967,"minecraft:fall_one_cm":13660,"minecraft:fly_one_cm":146865},"minecraft:dropped":{"magistuarmory:longbow":2,"minecraft:dark_oak_leaves":1,"minecraft:apple":1,"minecraft:stone":1,"minecraft:tnt":21,"minecraft:grass_block":1,"minecraft:birch_sapling":2,"minecraft:stick":2}},"DataVersion":3465}