{"stats":{"minecraft:broken":{"magistuarmory:rustedcrusader_boots":1,"minecraft:stone_pickaxe":1,"minecraft:wooden_sword":3,"minecraft:stone_axe":3,"minecraft:stone_sword":7,"magistuarmory:rustedcrusader_chestplate":1,"minecraft:wooden_pickaxe":1,"minecraft:shield":2,"minecraft:iron_axe":3,"minecraft:iron_pickaxe":1},"minecraft:picked_up":{"minecraft:nether_brick_fence":2,"minecraft:suspicious_stew":2,"minecraft:smithing_table":2,"minecraft:stone_slab":21,"minecraft:diamond_sword":1,"minecraft:oak_stairs":12,"minecraft:amethyst_block":3,"minecraft:string":38,"minecraft:soul_soil":21,"minecraft:diamond_leggings":5,"minecraft:cobbled_deepslate":141,"minecraft:spruce_planks":40,"xtraarrows:netherite_arrow":8,"minecraft:rose_bush":9,"minecraft:calcite":7,"minecraft:wooden_shovel":2,"bygonenether:soul_stone":4,"minecraft:iron_pickaxe":2,"minecraft:melon_slice":3,"minecraft:iron_boots":1,"minecraft:furnace":6,"minecraft:stick":705,"minecraft:torch":13,"minecraft:acacia_log":10,"magistuarmory:rustedcrusader_chestplate":2,"minecraft:cauldron":6,"minecraft:rotten_flesh":50,"magistuarmory:maximilian_leggings":4,"minecraft:bookshelf":1,"minecraft:blaze_rod":13,"minecraft:obsidian":4,"minecraft:cobblestone":385,"minecraft:birch_log":242,"xtraarrows:iron_arrow":100,"magistuarmory:rustedchainmail_boots":3,"minecraft:lilac":2,"minecraft:magma_cream":2,"minecraft:andesite":58,"biomesoplenty:fir_sapling":30,"biomesoplenty:fir_log":179,"minecraft:flint":12,"minecraft:tuff":25,"minecraft:acacia_boat":3,"minecraft:lapis_lazuli":160,"minecraft:dirt":113,"minecraft:bone":51,"minecraft:acacia_planks":35,"nyfsquiver:basic_quiver":1,"minecraft:bow":8,"minecraft:wheat_seeds":30,"minecraft:raw_gold":147,"minecraft:grindstone":1,"minecraft:fletching_table":32,"minecraft:diamond_helmet":2,"minecraft:bamboo":2429,"minecraft:oak_planks":111,"biomesoplenty:toadstool":20,"minecraft:cooked_porkchop":16,"magistuarmory:rustedgreathelm":2,"alexsmobs:animal_dictionary":4,"minecraft:mossy_cobblestone":1,"minecraft:diamond":11,"minecraft:granite":1,"minecraft:bone_meal":64,"minecraft:emerald":22,"minecraft:bread":146,"minecraft:oak_sapling":836,"minecraft:netherrack":117,"iceandfire:raw_silver":14,"minecraft:diamond_pickaxe":1,"iceandfire:dragon_skull_lightning":2,"minecraft:crafting_table":28,"iceandfire:witherbone":4,"minecraft:ladder":3,"minecraft:nether_wart":237,"minecraft:wooden_pickaxe":4,"minecraft:diamond_horse_armor":1,"minecraft:shield":3,"minecraft:moss_carpet":19,"minecraft:iron_axe":4,"minecraft:beef":53,"minecraft:oak_boat":5,"minecraft:poppy":1,"minecraft:sugar_cane":168,"minecraft:chest":1,"minecraft:birch_sapling":144,"minecraft:phantom_membrane":2,"minecraft:egg":1,"minecraft:raw_iron":261,"iceandfire:dragonbone":6,"magistuarmory:rustedbarbute":1,"minecraft:recovery_compass":2,"minecraft:redstone":202,"minecraft:stone_shovel":5,"minecraft:arrow":23,"minecraft:diamond_chestplate":2,"minecraft:cooked_cod":3,"minecraft:pumpkin_pie":44,"minecraft:nether_bricks":2,"minecraft:diamond_boots":3,"magistuarmory:steel_zweihander":2,"minecraft:stripped_dark_oak_wood":2,"minecraft:bone_block":158,"minecraft:rail":12,"minecraft:stripped_oak_log":2,"minecraft:golden_carrot":28,"minecraft:leather":76,"minecraft:oak_log":1510,"iceandfire:ectoplasm":7,"minecraft:yellow_bed":14,"minecraft:gunpowder":21,"xtraarrows:diamond_arrow":30,"minecraft:apple":124,"minecraft:kelp":3,"magistuarmory:gothic_leggings":1,"minecraft:iron_ingot":14,"minecraft:stone_pickaxe":6,"minecraft:iron_sword":1,"minecraft:acacia_sapling":4,"minecraft:soul_sand":182,"minecraft:book":21,"magistuarmory:rustedchainmail_chestplate":2,"minecraft:quartz":177,"minecraft:dandelion":1,"minecraft:gravel":140,"magistuarmory:longbow":1,"minecraft:spruce_sapling":96,"minecraft:blast_furnace":4,"minecraft:white_bed":22,"minecraft:spruce_log":619,"magistuarmory:rustedchainmail_leggings":6,"minecraft:spruce_door":19,"minecraft:spider_eye":4,"minecraft:stone_axe":2,"minecraft:rib_armor_trim_smithing_template":2,"magistuarmory:rustedcrusader_boots":1,"minecraft:diamond_axe":3,"minecraft:coal":101},"minecraft:killed_by":{"minecraft:creeper":1,"iceandfire:siren":1,"iceandfire:fire_dragon":1,"minecraft:skeleton":1,"iceandfire:ghost":2},"minecraft:used":{"minecraft:chest":3,"minecraft:shield":152,"minecraft:nether_wart":109,"minecraft:rotten_flesh":5,"minecraft:soul_sand":70,"minecraft:bow":79,"minecraft:oak_sapling":15,"minecraft:furnace":9,"minecraft:cooked_cod":65,"minecraft:diamond_boots":2,"minecraft:spruce_door":20,"minecraft:stone_pickaxe":363,"minecraft:oak_planks":117,"minecraft:wooden_pickaxe":68,"minecraft:composter":1,"biomesoplenty:fir_planks":64,"minecraft:diamond_axe":1517,"minecraft:sugar_cane":37,"minecraft:blast_furnace":5,"magistuarmory:longbow":18,"minecraft:lightning_rod":1,"minecraft:melon_slice":3,"minecraft:bread":67,"minecraft:gravel":134,"minecraft:diamond_sword":195,"minecraft:wooden_sword":90,"minecraft:grindstone":3,"minecraft:smithing_table":3,"minecraft:birch_log":1,"minecraft:oak_boat":2,"minecraft:bone_meal":56,"minecraft:enchanting_table":1,"minecraft:stone_sword":465,"magistuarmory:rustedcrusader_chestplate":1,"minecraft:stone_shovel":228,"minecraft:spruce_planks":8,"minecraft:wooden_shovel":27,"minecraft:netherrack":63,"minecraft:torch":37,"minecraft:brewing_stand":1,"minecraft:dirt":90,"minecraft:bookshelf":17,"minecraft:iron_axe":1486,"minecraft:bamboo":159,"minecraft:golden_carrot":15,"minecraft:soul_soil":12,"minecraft:cobbled_deepslate":69,"minecraft:acacia_boat":4,"minecraft:water_bucket":6,"minecraft:fletching_table":37,"iceandfire:dragon_skull_lightning":1,"minecraft:mossy_cobblestone":1,"minecraft:crafting_table":25,"minecraft:white_bed":22,"minecraft:spruce_log":4,"minecraft:oak_log":143,"minecraft:diamond_pickaxe":727,"minecraft:apple":7,"minecraft:iron_pickaxe":250,"minecraft:spruce_trapdoor":1,"minecraft:spruce_sapling":40,"minecraft:stone_axe":462,"minecraft:cobblestone":155,"minecraft:cooked_porkchop":6,"minecraft:bucket":7,"minecraft:pumpkin_pie":1,"minecraft:yellow_bed":13,"biomesoplenty:fir_log":13,"minecraft:diamond_leggings":2},"minecraft:dropped":{"minecraft:acacia_boat":1,"minecraft:iron_sword":1,"minecraft:soul_sand":2,"minecraft:diamond_axe":3,"magistuarmory:rustedcrusader_chestplate":1,"minecraft:crossbow":3,"minecraft:cookie":144,"minecraft:leather":2,"xtraarrows:iron_arrow":1,"minecraft:dirt":17,"minecraft:cooked_cod":3,"minecraft:stripped_dark_oak_wood":2,"minecraft:pumpkin_pie":47,"minecraft:iron_pickaxe":1,"minecraft:birch_log":73,"minecraft:cauldron":3,"minecraft:bone":5,"magistuarmory:rustedchainmail_leggings":6,"biomesoplenty:toadstool":7,"minecraft:stone_axe":2,"minecraft:cobbled_deepslate":41,"minecraft:birch_sapling":55,"minecraft:rotten_flesh":38,"minecraft:oak_planks":10,"magistuarmory:leather_strip":5,"minecraft:nether_brick_fence":2,"minecraft:recovery_compass":7,"minecraft:poppy":1,"magistuarmory:gothic_leggings":1,"minecraft:gunpowder":6,"magistuarmory:steel_zweihander":2,"minecraft:acacia_sapling":2,"minecraft:chainmail_boots":12,"magistuarmory:rustedchainmail_chestplate":2,"minecraft:spruce_slab":5,"minecraft:arrow":161,"magistuarmory:rustedchainmail_boots":3,"minecraft:netherrack":1,"minecraft:egg":1,"minecraft:stone_hoe":10,"minecraft:bread":13,"minecraft:wheat_seeds":25,"minecraft:lilac":2,"minecraft:diamond_leggings":2,"minecraft:cobblestone":8,"minecraft:granite":1,"minecraft:spruce_door":2,"magistuarmory:rustedgreathelm":2,"minecraft:coal":1,"minecraft:stick":2,"xtraarrows:netherite_explosive_arrow":4,"minecraft:golden_carrot":14,"bygonenether:soul_stone":4,"minecraft:rose_bush":8,"minecraft:oak_stairs":6,"minecraft:iron_axe":13,"magistuarmory:rustedbarbute":1,"minecraft:dandelion":1,"minecraft:kelp":3,"minecraft:soul_soil":7,"minecraft:deepslate":3,"minecraft:tuff":23,"minecraft:diamond_hoe":2,"minecraft:stone_shovel":1,"minecraft:iron_boots":11,"minecraft:stripped_oak_log":2,"minecraft:stone_slab":20,"minecraft:nether_bricks":2,"minecraft:suspicious_stew":9,"magistuarmory:maximilian_leggings":3,"minecraft:spruce_planks":2,"minecraft:diamond_pickaxe":1,"minecraft:andesite":20,"minecraft:yellow_bed":1,"minecraft:oak_sapling":250,"minecraft:wooden_shovel":2,"minecraft:spider_eye":1,"minecraft:bamboo":1,"minecraft:diamond_boots":2,"minecraft:bow":5,"minecraft:stone_pickaxe":2,"minecraft:wooden_pickaxe":1,"minecraft:calcite":5},"minecraft:killed":{"minecraft:cave_spider":1,"minecraft:witch":1,"minecraft:spider":21,"minecraft:skeleton":42,"alexsmobs:centipede_head":1,"minecraft:magma_cube":7,"minecraft:pig":1,"minecraft:creeper":17,"alexsmobs:crimson_mosquito":2,"minecraft:zombie":50,"minecraft:ghast":1,"minecraft:blaze":11,"minecraft:cow":21,"minecraft:phantom":4,"minecraft:horse":6,"alexsmobs:soul_vulture":2,"minecraft:drowned":2,"minecraft:husk":2,"iceandfire:ghost":10,"minecraft:wither_skeleton":8},"minecraft:crafted":{"minecraft:grindstone":3,"minecraft:smooth_stone":3,"minecraft:oak_planks":5540,"xtraarrows:diamond_arrow":50,"minecraft:blaze_powder":2,"minecraft:lightning_rod":1,"minecraft:stone":9,"minecraft:bookshelf":16,"minecraft:suspicious_stew":7,"xtraarrows:netherite_arrow":10,"minecraft:diamond_helmet":1,"minecraft:bow":2,"minecraft:diamond_leggings":3,"minecraft:iron_boots":10,"minecraft:chest":2,"minecraft:stone_hoe":10,"xtraarrows:iron_arrow":335,"minecraft:deepslate":3,"minecraft:wooden_shovel":1,"minecraft:arrow":160,"minecraft:emerald":728,"minecraft:cooked_porkchop":11,"minecraft:diamond_axe":3,"minecraft:crafting_table":4,"minecraft:spruce_planks":2396,"minecraft:wooden_pickaxe":2,"minecraft:spruce_door":3,"minecraft:smithing_table":1,"minecraft:copper_ingot":3,"minecraft:fletching_table":5,"minecraft:birch_planks":672,"minecraft:brewing_stand":1,"biomesoplenty:fir_planks":152,"minecraft:spruce_trapdoor":2,"xtraarrows:netherite_explosive_arrow":20,"minecraft:book":28,"minecraft:paper":84,"minecraft:diamond_pickaxe":3,"minecraft:shield":10,"minecraft:stick":18039,"minecraft:stone_slab":12,"minecraft:iron_ingot":130,"minecraft:iron_pickaxe":1,"minecraft:stone_sword":7,"minecraft:gold_ingot":93,"minecraft:composter":1,"magistuarmory:leather_strip":12,"minecraft:golden_carrot":24,"minecraft:wooden_sword":3,"minecraft:cookie":144,"minecraft:redstone":12,"minecraft:stone_shovel":2,"minecraft:diamond_hoe":17,"minecraft:furnace":6,"minecraft:blast_furnace":1,"minecraft:bone_meal":369,"magistuarmory:longbow":2,"magistuarmory:hilt":2,"minecraft:iron_axe":17,"minecraft:spruce_slab":12,"minecraft:stone_pickaxe":3,"minecraft:diamond_boots":3,"minecraft:crossbow":3,"minecraft:diamond_sword":1,"iceandfire:silver_ingot":19,"minecraft:enchanting_table":1,"minecraft:bucket":1,"minecraft:stone_axe":5,"minecraft:air":0,"minecraft:bread":96,"minecraft:acacia_boat":2,"minecraft:oak_boat":1,"minecraft:chainmail_boots":12,"nyfsquiver:basic_quiver":1,"minecraft:pumpkin_pie":48,"minecraft:acacia_planks":40,"minecraft:torch":28,"minecraft:diamond_chestplate":1},"minecraft:custom":{"minecraft:interact_with_crafting_table":85,"minecraft:open_barrel":8,"minecraft:leave_game":4,"minecraft:time_since_death":180521,"minecraft:damage_resisted":10,"minecraft:sprint_one_cm":1752195,"minecraft:damage_blocked_by_shield":8788,"minecraft:drop":239,"minecraft:talked_to_villager":500,"minecraft:play_time":601516,"minecraft:deaths":7,"minecraft:jump":10242,"minecraft:interact_with_brewingstand":13,"minecraft:walk_on_water_one_cm":80178,"minecraft:enchant_item":4,"minecraft:interact_with_furnace":193,"minecraft:traded_with_villager":972,"minecraft:sleep_in_bed":10,"minecraft:damage_dealt":32050,"minecraft:player_kills":1,"minecraft:crouch_one_cm":140913,"minecraft:interact_with_smoker":1,"minecraft:interact_with_anvil":2,"minecraft:mob_kills":215,"minecraft:climb_one_cm":424,"minecraft:walk_one_cm":1274128,"minecraft:sneak_time":74308,"minecraft:walk_under_water_one_cm":106397,"minecraft:interact_with_blast_furnace":3,"minecraft:total_world_time":601516,"minecraft:interact_with_grindstone":5,"minecraft:time_since_rest":28145,"minecraft:damage_taken":8524,"minecraft:swim_one_cm":211999,"minecraft:fly_one_cm":2452258,"minecraft:open_chest":174,"minecraft:fall_one_cm":279191},"minecraft:mined":{"minecraft:white_bed":22,"minecraft:spruce_planks":5,"minecraft:oak_sapling":2,"minecraft:obsidian":4,"minecraft:granite":1,"minecraft:acacia_log":10,"minecraft:grass_block":18,"minecraft:soul_soil":17,"minecraft:nether_wart":92,"minecraft:spawner":3,"minecraft:tall_seagrass":1,"minecraft:iron_ore":22,"minecraft:cobbled_deepslate":3,"minecraft:fire":18,"minecraft:moss_carpet":1,"minecraft:deepslate_lapis_ore":21,"minecraft:fletching_table":32,"minecraft:stripped_dark_oak_wood":2,"minecraft:flowering_azalea_leaves":1,"minecraft:dirt_path":2,"minecraft:water_cauldron":3,"minecraft:oak_stairs":4,"minecraft:deepslate_redstone_ore":29,"minecraft:soul_fire":25,"minecraft:torch":9,"minecraft:blast_furnace":4,"minecraft:calcite":7,"minecraft:chest":1,"minecraft:nether_quartz_ore":88,"minecraft:cobblestone":125,"minecraft:oak_planks":111,"minecraft:sugar_cane":83,"minecraft:grindstone":1,"minecraft:wall_torch":4,"minecraft:amethyst_block":3,"minecraft:seagrass":1,"minecraft:birch_log":248,"minecraft:lilac":1,"biomesoplenty:fir_log":179,"minecraft:grass":162,"minecraft:oak_log":1422,"minecraft:dirt":65,"minecraft:smooth_basalt":2,"minecraft:netherrack":140,"minecraft:deepslate":133,"minecraft:oak_leaves":347,"minecraft:tuff":53,"iceandfire:silver_ore":2,"minecraft:mossy_cobblestone":1,"minecraft:deepslate_diamond_ore":6,"minecraft:ladder":3,"minecraft:nether_bricks":1,"biomesoplenty:bush":1,"iceandfire:deepslate_silver_ore":5,"minecraft:spruce_leaves":19,"minecraft:redstone_ore":1,"minecraft:spruce_sapling":8,"minecraft:furnace":5,"biomesoplenty:toadstool":1,"minecraft:andesite":46,"minecraft:bookshelf":8,"minecraft:deepslate_iron_ore":134,"minecraft:rail":12,"minecraft:stripped_oak_log":1,"minecraft:bamboo_sapling":6,"minecraft:bamboo":552,"minecraft:stone":172,"minecraft:bone_block":156,"minecraft:smithing_table":2,"minecraft:acacia_leaves":2,"minecraft:glass_pane":4,"minecraft:soul_sand":127,"minecraft:spruce_door":14,"minecraft:crafting_table":22,"minecraft:rose_bush":5,"biomesoplenty:high_grass_plant":1,"minecraft:tall_grass":30,"minecraft:deepslate_coal_ore":12,"minecraft:deepslate_gold_ore":83,"minecraft:lapis_ore":1,"minecraft:spruce_log":605,"minecraft:birch_leaves":10,"minecraft:yellow_bed":14,"minecraft:coal_ore":52,"biomesoplenty:fir_leaves":49,"bygonenether:soul_stone":5,"minecraft:gravel":150,"minecraft:gold_ore":5,"minecraft:fern":2}},"DataVersion":3465}