{"stats":{"minecraft:killed_by":{"minecraft:creeper":1,"iceandfire:ghost":2},"minecraft:used":{"magistuarmory:rustedcrusader_chestplate":1,"minecraft:stone_shovel":124,"minecraft:shield":3,"minecraft:dirt":48,"minecraft:iron_axe":783,"minecraft:bow":62,"minecraft:golden_carrot":4,"minecraft:oak_sapling":10,"minecraft:diamond_boots":1,"minecraft:stone_pickaxe":153,"minecraft:oak_planks":44,"minecraft:wooden_pickaxe":12,"minecraft:fletching_table":33,"minecraft:sugar_cane":37,"minecraft:crafting_table":11,"minecraft:blast_furnace":5,"minecraft:white_bed":11,"magistuarmory:longbow":8,"minecraft:oak_log":73,"minecraft:bread":29,"minecraft:gravel":108,"minecraft:stone_axe":462,"minecraft:cobblestone":99,"minecraft:grindstone":1,"minecraft:cooked_porkchop":6,"minecraft:pumpkin_pie":1,"minecraft:yellow_bed":7,"minecraft:oak_boat":2,"minecraft:diamond_leggings":1},"minecraft:mined":{"minecraft:white_bed":11,"minecraft:oak_sapling":1,"minecraft:ladder":3,"minecraft:grass_block":7,"minecraft:tall_seagrass":1,"biomesoplenty:toadstool":1,"minecraft:moss_carpet":1,"minecraft:fletching_table":29,"minecraft:dirt_path":2,"minecraft:oak_stairs":2,"minecraft:stripped_oak_log":1,"minecraft:stone":42,"minecraft:crafting_table":11,"minecraft:blast_furnace":4,"minecraft:rose_bush":5,"minecraft:tall_grass":14,"minecraft:cobblestone":94,"minecraft:sugar_cane":61,"minecraft:oak_planks":42,"minecraft:wall_torch":1,"minecraft:seagrass":1,"minecraft:birch_log":50,"minecraft:lilac":1,"minecraft:birch_leaves":1,"minecraft:yellow_bed":7,"minecraft:grass":50,"minecraft:oak_log":866,"minecraft:gravel":116,"minecraft:dirt":24,"minecraft:oak_leaves":185},"minecraft:crafted":{"minecraft:golden_carrot":18,"minecraft:grindstone":2,"minecraft:oak_planks":3652,"minecraft:cookie":144,"minecraft:smooth_stone":3,"minecraft:stone_shovel":1,"xtraarrows:diamond_arrow":45,"minecraft:furnace":1,"minecraft:blast_furnace":1,"minecraft:stone":6,"magistuarmory:longbow":1,"minecraft:suspicious_stew":7,"xtraarrows:netherite_arrow":10,"magistuarmory:hilt":1,"minecraft:diamond_leggings":2,"minecraft:bow":1,"minecraft:iron_boots":10,"minecraft:iron_axe":13,"minecraft:stone_pickaxe":2,"minecraft:diamond_boots":1,"xtraarrows:iron_arrow":300,"minecraft:crossbow":3,"minecraft:emerald":339,"minecraft:cooked_porkchop":11,"minecraft:crafting_table":1,"minecraft:wooden_pickaxe":1,"minecraft:fletching_table":4,"minecraft:birch_planks":196,"minecraft:stone_axe":5,"minecraft:bread":60,"minecraft:air":0,"minecraft:oak_boat":1,"xtraarrows:netherite_explosive_arrow":15,"minecraft:shield":8,"minecraft:stick":7628,"minecraft:stone_slab":6,"minecraft:chainmail_boots":12,"nyfsquiver:basic_quiver":1,"minecraft:pumpkin_pie":48,"magistuarmory:leather_strip":6},"minecraft:killed":{"minecraft:spider":6,"minecraft:skeleton":13,"minecraft:drowned":1,"minecraft:creeper":10,"minecraft:zombie":9,"iceandfire:ghost":5,"minecraft:cow":3},"minecraft:picked_up":{"minecraft:crafting_table":14,"minecraft:ladder":3,"minecraft:suspicious_stew":2,"minecraft:stone_slab":9,"minecraft:wooden_pickaxe":3,"minecraft:oak_stairs":4,"minecraft:string":4,"minecraft:moss_carpet":19,"minecraft:iron_axe":1,"minecraft:beef":19,"minecraft:oak_boat":5,"xtraarrows:netherite_arrow":5,"minecraft:rose_bush":7,"minecraft:sugar_cane":64,"minecraft:birch_sapling":12,"minecraft:egg":1,"minecraft:stick":142,"minecraft:recovery_compass":1,"magistuarmory:rustedcrusader_chestplate":1,"minecraft:rotten_flesh":8,"minecraft:stone_shovel":3,"minecraft:arrow":1,"minecraft:pumpkin_pie":44,"minecraft:cobblestone":163,"minecraft:stripped_oak_log":2,"minecraft:birch_log":49,"xtraarrows:iron_arrow":100,"minecraft:lilac":2,"minecraft:leather":10,"minecraft:flint":10,"minecraft:oak_log":962,"iceandfire:ectoplasm":2,"minecraft:yellow_bed":7,"minecraft:gunpowder":15,"minecraft:dirt":58,"xtraarrows:diamond_arrow":30,"minecraft:bone":5,"minecraft:apple":46,"minecraft:bow":4,"minecraft:wheat_seeds":12,"minecraft:stone_pickaxe":3,"minecraft:fletching_table":29,"minecraft:oak_planks":42,"biomesoplenty:toadstool":20,"minecraft:cooked_porkchop":11,"minecraft:gravel":114,"minecraft:blast_furnace":4,"minecraft:white_bed":11,"magistuarmory:rustedchainmail_leggings":1,"alexsmobs:animal_dictionary":3,"minecraft:spider_eye":2,"minecraft:stone_axe":2,"magistuarmory:rustedcrusader_boots":1,"minecraft:bread":115,"minecraft:oak_sapling":411},"minecraft:broken":{"magistuarmory:rustedcrusader_boots":1,"magistuarmory:rustedcrusader_chestplate":1,"minecraft:iron_axe":2,"minecraft:stone_axe":3},"minecraft:custom":{"minecraft:mob_kills":49,"minecraft:interact_with_crafting_table":27,"minecraft:time_since_death":101368,"minecraft:climb_one_cm":424,"minecraft:sprint_one_cm":501508,"minecraft:walk_one_cm":347578,"minecraft:damage_blocked_by_shield":184,"minecraft:drop":96,"minecraft:talked_to_villager":313,"minecraft:play_time":172973,"minecraft:deaths":3,"minecraft:sneak_time":25024,"minecraft:walk_under_water_one_cm":7539,"minecraft:jump":2787,"minecraft:interact_with_blast_furnace":2,"minecraft:walk_on_water_one_cm":10621,"minecraft:total_world_time":172973,"minecraft:interact_with_furnace":12,"minecraft:traded_with_villager":506,"minecraft:sleep_in_bed":4,"minecraft:time_since_rest":7681,"minecraft:damage_taken":2635,"minecraft:damage_dealt":2673,"minecraft:swim_one_cm":19247,"minecraft:fly_one_cm":642111,"minecraft:open_chest":28,"minecraft:crouch_one_cm":39777,"minecraft:fall_one_cm":71472},"minecraft:dropped":{"minecraft:bread":2,"minecraft:wheat_seeds":8,"minecraft:lilac":2,"minecraft:crossbow":3,"minecraft:cookie":144,"xtraarrows:iron_arrow":1,"minecraft:dirt":5,"minecraft:rose_bush":6,"minecraft:oak_stairs":2,"minecraft:pumpkin_pie":47,"minecraft:iron_axe":10,"minecraft:bone":5,"magistuarmory:rustedchainmail_leggings":1,"biomesoplenty:toadstool":7,"minecraft:stone_axe":2,"minecraft:birch_sapling":12,"minecraft:rotten_flesh":8,"minecraft:iron_boots":10,"minecraft:stripped_oak_log":2,"minecraft:stone_slab":4,"minecraft:recovery_compass":2,"minecraft:suspicious_stew":9,"minecraft:gunpowder":6,"minecraft:oak_sapling":184,"minecraft:chainmail_boots":12,"minecraft:spider_eye":1,"minecraft:wooden_pickaxe":1,"minecraft:bow":1,"minecraft:arrow":1,"minecraft:stone_pickaxe":1,"minecraft:egg":1}},"DataVersion":3465}