{"stats":{"minecraft:broken":{"magistuarmory:rustedcrusader_boots":1,"minecraft:stone_sword":7,"magistuarmory:rustedcrusader_chestplate":1,"minecraft:stone_pickaxe":1,"minecraft:iron_axe":3,"minecraft:wooden_sword":3,"minecraft:stone_axe":3,"minecraft:iron_pickaxe":1},"minecraft:picked_up":{"minecraft:crafting_table":21,"minecraft:ladder":3,"minecraft:suspicious_stew":2,"minecraft:smithing_table":2,"minecraft:stone_slab":21,"minecraft:wooden_pickaxe":3,"minecraft:oak_stairs":6,"minecraft:amethyst_block":3,"minecraft:string":21,"minecraft:moss_carpet":19,"minecraft:iron_axe":2,"minecraft:diamond_leggings":3,"minecraft:cobbled_deepslate":94,"minecraft:beef":19,"minecraft:oak_boat":5,"xtraarrows:netherite_arrow":8,"minecraft:rose_bush":9,"minecraft:calcite":2,"minecraft:iron_pickaxe":2,"minecraft:sugar_cane":120,"minecraft:birch_sapling":43,"minecraft:furnace":3,"minecraft:iron_boots":1,"minecraft:egg":1,"minecraft:raw_iron":203,"minecraft:stick":419,"minecraft:recovery_compass":2,"minecraft:redstone":155,"magistuarmory:rustedcrusader_chestplate":1,"minecraft:cauldron":3,"minecraft:arrow":1,"minecraft:stone_shovel":4,"minecraft:rotten_flesh":22,"minecraft:pumpkin_pie":44,"minecraft:diamond_boots":1,"minecraft:rail":12,"minecraft:cobblestone":328,"minecraft:stripped_oak_log":2,"minecraft:birch_log":208,"xtraarrows:iron_arrow":100,"minecraft:lilac":2,"minecraft:golden_carrot":28,"minecraft:andesite":52,"minecraft:leather":12,"minecraft:flint":12,"minecraft:tuff":3,"minecraft:oak_log":1380,"iceandfire:ectoplasm":2,"minecraft:yellow_bed":8,"minecraft:gunpowder":15,"minecraft:lapis_lazuli":106,"minecraft:dirt":78,"xtraarrows:diamond_arrow":30,"minecraft:bone":11,"nyfsquiver:basic_quiver":1,"minecraft:apple":87,"minecraft:bow":5,"minecraft:wheat_seeds":20,"minecraft:raw_gold":54,"minecraft:iron_ingot":4,"minecraft:stone_pickaxe":4,"minecraft:fletching_table":31,"minecraft:bamboo":2390,"minecraft:oak_planks":94,"biomesoplenty:toadstool":20,"minecraft:cooked_porkchop":16,"minecraft:dandelion":1,"minecraft:gravel":140,"magistuarmory:longbow":1,"minecraft:blast_furnace":4,"minecraft:white_bed":20,"minecraft:spruce_log":3,"magistuarmory:rustedchainmail_leggings":4,"minecraft:spruce_door":19,"minecraft:spider_eye":3,"alexsmobs:animal_dictionary":4,"minecraft:diamond":9,"minecraft:stone_axe":2,"magistuarmory:rustedcrusader_boots":1,"minecraft:diamond_axe":2,"minecraft:bread":137,"minecraft:emerald":17,"minecraft:oak_sapling":600,"minecraft:coal":42,"minecraft:diamond_pickaxe":1},"minecraft:killed_by":{"minecraft:creeper":1,"minecraft:skeleton":1,"iceandfire:ghost":2,"iceandfire:fire_dragon":1},"minecraft:used":{"magistuarmory:rustedcrusader_chestplate":1,"minecraft:stone_sword":465,"minecraft:stone_shovel":126,"minecraft:shield":28,"minecraft:wooden_shovel":27,"minecraft:dirt":67,"minecraft:iron_axe":1273,"minecraft:bow":63,"minecraft:bamboo":159,"minecraft:golden_carrot":15,"minecraft:oak_sapling":10,"minecraft:furnace":3,"minecraft:cobbled_deepslate":69,"minecraft:diamond_boots":2,"minecraft:spruce_door":20,"minecraft:stone_pickaxe":276,"minecraft:oak_planks":100,"minecraft:wooden_pickaxe":33,"minecraft:diamond_axe":396,"minecraft:fletching_table":36,"minecraft:sugar_cane":37,"minecraft:crafting_table":18,"minecraft:blast_furnace":5,"minecraft:white_bed":20,"magistuarmory:longbow":15,"minecraft:oak_log":127,"minecraft:diamond_pickaxe":144,"minecraft:iron_pickaxe":250,"minecraft:bread":44,"minecraft:gravel":134,"minecraft:stone_axe":462,"minecraft:wooden_sword":90,"minecraft:cobblestone":125,"minecraft:grindstone":1,"minecraft:cooked_porkchop":6,"minecraft:smithing_table":3,"minecraft:birch_log":1,"minecraft:pumpkin_pie":1,"minecraft:yellow_bed":8,"minecraft:oak_boat":2,"minecraft:diamond_leggings":2},"minecraft:dropped":{"minecraft:stone_hoe":10,"minecraft:bread":3,"minecraft:diamond_axe":2,"minecraft:wheat_seeds":16,"minecraft:lilac":2,"minecraft:diamond_leggings":2,"minecraft:crossbow":3,"minecraft:cookie":144,"minecraft:leather":2,"xtraarrows:iron_arrow":1,"minecraft:spruce_door":2,"minecraft:stick":1,"minecraft:dirt":5,"minecraft:golden_carrot":14,"minecraft:rose_bush":8,"minecraft:oak_stairs":2,"minecraft:pumpkin_pie":47,"minecraft:iron_axe":11,"minecraft:iron_pickaxe":1,"minecraft:dandelion":1,"minecraft:bone":5,"magistuarmory:rustedchainmail_leggings":4,"biomesoplenty:toadstool":7,"minecraft:stone_axe":2,"minecraft:cobbled_deepslate":2,"minecraft:tuff":1,"minecraft:birch_sapling":12,"minecraft:rotten_flesh":15,"minecraft:iron_boots":11,"minecraft:stripped_oak_log":2,"minecraft:stone_slab":20,"minecraft:recovery_compass":5,"minecraft:suspicious_stew":9,"minecraft:gunpowder":6,"minecraft:andesite":14,"minecraft:oak_sapling":184,"minecraft:chainmail_boots":12,"minecraft:spider_eye":1,"minecraft:bamboo":1,"minecraft:diamond_boots":2,"minecraft:bow":2,"minecraft:arrow":1,"minecraft:stone_pickaxe":1,"minecraft:wooden_pickaxe":1,"minecraft:egg":1},"minecraft:killed":{"minecraft:cave_spider":1,"minecraft:witch":1,"minecraft:spider":16,"minecraft:skeleton":15,"minecraft:drowned":2,"minecraft:creeper":13,"minecraft:zombie":26,"iceandfire:ghost":5,"minecraft:cow":3},"minecraft:crafted":{"minecraft:golden_carrot":24,"minecraft:grindstone":2,"minecraft:wooden_sword":3,"minecraft:cookie":144,"minecraft:smooth_stone":3,"minecraft:oak_planks":5084,"minecraft:stone_shovel":1,"xtraarrows:diamond_arrow":45,"minecraft:diamond_hoe":8,"minecraft:furnace":3,"minecraft:blast_furnace":1,"minecraft:stone":6,"magistuarmory:longbow":1,"minecraft:suspicious_stew":7,"xtraarrows:netherite_arrow":10,"magistuarmory:hilt":1,"minecraft:diamond_helmet":1,"minecraft:diamond_leggings":3,"minecraft:bow":1,"minecraft:iron_boots":10,"minecraft:iron_axe":17,"minecraft:stone_pickaxe":3,"minecraft:diamond_boots":3,"minecraft:stone_hoe":10,"xtraarrows:iron_arrow":335,"minecraft:crossbow":3,"minecraft:wooden_shovel":1,"minecraft:emerald":536,"minecraft:cooked_porkchop":11,"minecraft:diamond_axe":1,"minecraft:crafting_table":3,"minecraft:spruce_planks":12,"minecraft:wooden_pickaxe":2,"minecraft:spruce_door":3,"minecraft:smithing_table":1,"minecraft:fletching_table":5,"minecraft:birch_planks":536,"minecraft:stone_axe":5,"minecraft:bread":72,"minecraft:air":0,"minecraft:oak_boat":1,"xtraarrows:netherite_explosive_arrow":15,"minecraft:diamond_pickaxe":1,"minecraft:shield":9,"minecraft:stick":12227,"minecraft:stone_slab":6,"minecraft:iron_pickaxe":1,"minecraft:iron_ingot":70,"minecraft:chainmail_boots":12,"minecraft:stone_sword":7,"nyfsquiver:basic_quiver":1,"minecraft:pumpkin_pie":48,"minecraft:torch":4,"magistuarmory:leather_strip":6,"minecraft:diamond_chestplate":1},"minecraft:custom":{"minecraft:mob_kills":85,"minecraft:interact_with_crafting_table":45,"minecraft:time_since_death":63285,"minecraft:climb_one_cm":424,"minecraft:sprint_one_cm":907643,"minecraft:walk_one_cm":700639,"minecraft:damage_blocked_by_shield":1379,"minecraft:drop":146,"minecraft:talked_to_villager":394,"minecraft:play_time":340379,"minecraft:sneak_time":49453,"minecraft:deaths":5,"minecraft:walk_under_water_one_cm":31525,"minecraft:jump":5327,"minecraft:interact_with_blast_furnace":2,"minecraft:walk_on_water_one_cm":32053,"minecraft:total_world_time":340379,"minecraft:interact_with_furnace":75,"minecraft:traded_with_villager":743,"minecraft:sleep_in_bed":7,"minecraft:time_since_rest":44498,"minecraft:damage_taken":4243,"minecraft:damage_dealt":8307,"minecraft:swim_one_cm":144860,"minecraft:fly_one_cm":1245204,"minecraft:open_chest":58,"minecraft:crouch_one_cm":87690,"minecraft:fall_one_cm":137027},"minecraft:mined":{"minecraft:tuff":29,"minecraft:white_bed":20,"minecraft:oak_sapling":1,"minecraft:deepslate_diamond_ore":5,"minecraft:ladder":3,"minecraft:grass_block":9,"minecraft:spruce_leaves":1,"minecraft:spawner":1,"minecraft:tall_seagrass":1,"minecraft:furnace":2,"biomesoplenty:toadstool":1,"minecraft:iron_ore":14,"minecraft:fire":3,"minecraft:cobbled_deepslate":3,"minecraft:andesite":40,"minecraft:moss_carpet":1,"minecraft:deepslate_lapis_ore":17,"minecraft:fletching_table":31,"minecraft:water_cauldron":3,"minecraft:dirt_path":2,"minecraft:deepslate_iron_ore":116,"minecraft:rail":12,"minecraft:oak_stairs":4,"minecraft:stripped_oak_log":1,"minecraft:bamboo_sapling":6,"minecraft:bamboo":547,"minecraft:stone":119,"minecraft:smithing_table":2,"minecraft:deepslate_redstone_ore":24,"minecraft:glass_pane":1,"minecraft:spruce_door":14,"minecraft:crafting_table":17,"minecraft:blast_furnace":4,"minecraft:calcite":2,"minecraft:rose_bush":5,"minecraft:tall_grass":15,"minecraft:cobblestone":123,"minecraft:deepslate_coal_ore":12,"minecraft:deepslate_gold_ore":31,"minecraft:lapis_ore":1,"minecraft:oak_planks":96,"minecraft:sugar_cane":61,"minecraft:wall_torch":1,"minecraft:amethyst_block":3,"minecraft:seagrass":1,"minecraft:birch_log":214,"minecraft:lilac":1,"minecraft:spruce_log":4,"minecraft:birch_leaves":9,"minecraft:yellow_bed":8,"minecraft:grass":92,"minecraft:coal_ore":21,"minecraft:oak_log":1291,"minecraft:gravel":150,"minecraft:dirt":36,"minecraft:smooth_basalt":2,"minecraft:oak_leaves":291,"minecraft:deepslate":84}},"DataVersion":3465}