{"stats":{"minecraft:picked_up":{"minecraft:crafting_table":17,"minecraft:ladder":3,"minecraft:suspicious_stew":2,"minecraft:stone_slab":21,"minecraft:wooden_pickaxe":3,"minecraft:oak_stairs":4,"minecraft:string":12,"minecraft:moss_carpet":19,"minecraft:iron_axe":2,"minecraft:diamond_leggings":3,"minecraft:cobbled_deepslate":41,"minecraft:beef":19,"minecraft:oak_boat":5,"xtraarrows:netherite_arrow":8,"minecraft:rose_bush":7,"minecraft:iron_pickaxe":1,"minecraft:sugar_cane":120,"minecraft:birch_sapling":12,"minecraft:furnace":2,"minecraft:egg":1,"minecraft:stick":363,"minecraft:raw_iron":109,"minecraft:recovery_compass":2,"minecraft:redstone":100,"magistuarmory:rustedcrusader_chestplate":1,"minecraft:stone_shovel":4,"minecraft:arrow":1,"minecraft:rotten_flesh":20,"minecraft:pumpkin_pie":44,"minecraft:diamond_boots":1,"minecraft:cobblestone":299,"minecraft:stripped_oak_log":2,"minecraft:birch_log":49,"xtraarrows:iron_arrow":100,"minecraft:lilac":2,"minecraft:golden_carrot":28,"minecraft:andesite":28,"minecraft:leather":10,"minecraft:flint":10,"minecraft:tuff":2,"minecraft:oak_log":1038,"iceandfire:ectoplasm":2,"minecraft:yellow_bed":7,"minecraft:gunpowder":15,"minecraft:lapis_lazuli":16,"minecraft:dirt":67,"xtraarrows:diamond_arrow":30,"minecraft:bone":11,"nyfsquiver:basic_quiver":1,"minecraft:apple":78,"minecraft:bow":5,"minecraft:wheat_seeds":13,"minecraft:raw_gold":46,"minecraft:iron_ingot":4,"minecraft:stone_pickaxe":4,"minecraft:fletching_table":29,"minecraft:bamboo":359,"minecraft:oak_planks":46,"biomesoplenty:toadstool":20,"minecraft:cooked_porkchop":16,"minecraft:gravel":114,"magistuarmory:longbow":1,"minecraft:blast_furnace":4,"minecraft:white_bed":13,"magistuarmory:rustedchainmail_leggings":4,"minecraft:spider_eye":2,"alexsmobs:animal_dictionary":4,"minecraft:diamond":8,"minecraft:stone_axe":2,"magistuarmory:rustedcrusader_boots":1,"minecraft:bread":137,"minecraft:emerald":17,"minecraft:oak_sapling":503},"minecraft:dropped":{"minecraft:bread":3,"minecraft:wheat_seeds":9,"minecraft:lilac":2,"minecraft:diamond_leggings":2,"minecraft:crossbow":3,"minecraft:cookie":144,"xtraarrows:iron_arrow":1,"minecraft:dirt":5,"minecraft:golden_carrot":14,"minecraft:rose_bush":6,"minecraft:oak_stairs":2,"minecraft:pumpkin_pie":47,"minecraft:iron_axe":10,"minecraft:bone":5,"magistuarmory:rustedchainmail_leggings":4,"biomesoplenty:toadstool":7,"minecraft:stone_axe":2,"minecraft:cobbled_deepslate":2,"minecraft:tuff":1,"minecraft:birch_sapling":12,"minecraft:rotten_flesh":15,"minecraft:iron_boots":10,"minecraft:stripped_oak_log":2,"minecraft:stone_slab":16,"minecraft:recovery_compass":4,"minecraft:suspicious_stew":9,"minecraft:gunpowder":6,"minecraft:andesite":14,"minecraft:chainmail_boots":12,"minecraft:oak_sapling":184,"minecraft:spider_eye":1,"minecraft:diamond_boots":1,"minecraft:wooden_pickaxe":1,"minecraft:bow":2,"minecraft:arrow":1,"minecraft:stone_pickaxe":1,"minecraft:egg":1},"minecraft:custom":{"minecraft:mob_kills":68,"minecraft:interact_with_crafting_table":34,"minecraft:time_since_death":27469,"minecraft:climb_one_cm":424,"minecraft:sprint_one_cm":607874,"minecraft:walk_one_cm":467813,"minecraft:damage_blocked_by_shield":1017,"minecraft:drop":115,"minecraft:talked_to_villager":331,"minecraft:play_time":220794,"minecraft:sneak_time":32179,"minecraft:deaths":4,"minecraft:walk_under_water_one_cm":7740,"minecraft:jump":3441,"minecraft:interact_with_blast_furnace":2,"minecraft:walk_on_water_one_cm":11946,"minecraft:total_world_time":220794,"minecraft:interact_with_furnace":25,"minecraft:traded_with_villager":556,"minecraft:sleep_in_bed":6,"minecraft:time_since_rest":17840,"minecraft:damage_taken":3273,"minecraft:damage_dealt":5320,"minecraft:swim_one_cm":19247,"minecraft:fly_one_cm":770622,"minecraft:open_chest":40,"minecraft:crouch_one_cm":53382,"minecraft:fall_one_cm":86886},"minecraft:killed":{"minecraft:witch":1,"minecraft:spider":10,"minecraft:skeleton":15,"minecraft:drowned":1,"minecraft:creeper":13,"minecraft:zombie":18,"iceandfire:ghost":5,"minecraft:cow":3},"minecraft:broken":{"magistuarmory:rustedcrusader_boots":1,"minecraft:stone_sword":2,"magistuarmory:rustedcrusader_chestplate":1,"minecraft:stone_pickaxe":1,"minecraft:iron_axe":2,"minecraft:stone_axe":3},"minecraft:killed_by":{"minecraft:creeper":1,"minecraft:skeleton":1,"iceandfire:ghost":2},"minecraft:used":{"minecraft:stone_sword":189,"magistuarmory:rustedcrusader_chestplate":1,"minecraft:stone_shovel":126,"minecraft:shield":18,"minecraft:dirt":54,"minecraft:iron_axe":931,"minecraft:bow":63,"minecraft:bamboo":156,"minecraft:golden_carrot":5,"minecraft:oak_sapling":10,"minecraft:furnace":2,"minecraft:cobbled_deepslate":17,"minecraft:diamond_boots":1,"minecraft:stone_pickaxe":276,"minecraft:oak_planks":48,"minecraft:wooden_pickaxe":12,"minecraft:fletching_table":33,"minecraft:sugar_cane":37,"minecraft:crafting_table":13,"minecraft:blast_furnace":5,"minecraft:white_bed":13,"magistuarmory:longbow":15,"minecraft:oak_log":86,"minecraft:bread":38,"minecraft:iron_pickaxe":113,"minecraft:gravel":108,"minecraft:stone_axe":462,"minecraft:cobblestone":110,"minecraft:grindstone":1,"minecraft:cooked_porkchop":6,"minecraft:pumpkin_pie":1,"minecraft:yellow_bed":7,"minecraft:oak_boat":2,"minecraft:diamond_leggings":2},"minecraft:mined":{"minecraft:tuff":1,"minecraft:white_bed":13,"minecraft:oak_sapling":1,"minecraft:deepslate_diamond_ore":4,"minecraft:ladder":3,"minecraft:grass_block":7,"minecraft:tall_seagrass":1,"minecraft:furnace":1,"biomesoplenty:toadstool":1,"minecraft:cobbled_deepslate":2,"minecraft:andesite":14,"minecraft:moss_carpet":1,"minecraft:fletching_table":29,"minecraft:deepslate_lapis_ore":2,"minecraft:dirt_path":2,"minecraft:deepslate_iron_ore":63,"minecraft:oak_stairs":2,"minecraft:stripped_oak_log":1,"minecraft:bamboo_sapling":6,"minecraft:bamboo":183,"minecraft:stone":103,"minecraft:deepslate_redstone_ore":11,"minecraft:crafting_table":13,"minecraft:blast_furnace":4,"minecraft:rose_bush":5,"minecraft:tall_grass":14,"minecraft:cobblestone":108,"minecraft:deepslate_gold_ore":23,"minecraft:oak_planks":46,"minecraft:sugar_cane":61,"minecraft:wall_torch":1,"minecraft:seagrass":1,"minecraft:birch_log":50,"minecraft:lilac":1,"minecraft:birch_leaves":1,"minecraft:yellow_bed":7,"minecraft:grass":56,"minecraft:oak_log":942,"minecraft:gravel":116,"minecraft:dirt":29,"minecraft:oak_leaves":207,"minecraft:deepslate":37},"minecraft:crafted":{"minecraft:golden_carrot":18,"minecraft:grindstone":2,"minecraft:cookie":144,"minecraft:smooth_stone":3,"minecraft:oak_planks":3904,"minecraft:stone_shovel":1,"xtraarrows:diamond_arrow":45,"minecraft:furnace":2,"minecraft:blast_furnace":1,"minecraft:stone":6,"magistuarmory:longbow":1,"minecraft:suspicious_stew":7,"xtraarrows:netherite_arrow":10,"magistuarmory:hilt":1,"minecraft:bow":1,"minecraft:diamond_leggings":2,"minecraft:iron_boots":10,"minecraft:iron_axe":13,"minecraft:stone_pickaxe":3,"minecraft:diamond_boots":2,"xtraarrows:iron_arrow":325,"minecraft:crossbow":3,"minecraft:emerald":383,"minecraft:cooked_porkchop":11,"minecraft:crafting_table":1,"minecraft:wooden_pickaxe":1,"minecraft:fletching_table":4,"minecraft:birch_planks":196,"minecraft:stone_axe":5,"minecraft:bread":60,"minecraft:air":0,"minecraft:oak_boat":1,"xtraarrows:netherite_explosive_arrow":15,"minecraft:shield":8,"minecraft:stick":8253,"minecraft:stone_slab":6,"minecraft:iron_ingot":9,"minecraft:chainmail_boots":12,"minecraft:iron_pickaxe":1,"minecraft:stone_sword":4,"nyfsquiver:basic_quiver":1,"minecraft:pumpkin_pie":48,"magistuarmory:leather_strip":6}},"DataVersion":3465}