{"stats":{"minecraft:used":{"minecraft:dark_oak_stairs":71,"minecraft:water_bucket":11,"minecraft:netherite_sword":7,"minecraft:end_rod":2,"minecraft:bamboo_mosaic":701,"iceandfire:spawn_egg_ice_dragon":5,"minecraft:carrot_on_a_stick":1,"minecraft:redstone":9,"minecraft:cartography_table":1,"iceandfire:dragonbone_sword_ice":46,"minecraft:ender_pearl":1,"alexsmobs:spawn_egg_comb_jelly":1,"minecraft:tinted_glass":169,"minecraft:redstone_block":10,"alexsmobs:spawn_egg_enderiophage":1,"alexsmobs:spawn_egg_cockroach":7,"minecraft:spruce_fence_gate":5,"minecraft:bamboo_door":4,"biomesoplenty:hellbark_chest_boat":1,"minecraft:bamboo_mosaic_stairs":263,"minecraft:glow_item_frame":2,"alexsmobs:spawn_egg_skreecher":1,"minecraft:soul_sand":5,"alexsmobs:spawn_egg_warped_mosco":1,"alexsmobs:maraca":17,"minecraft:light_gray_banner":4,"minecraft:anvil":2,"minecraft:loom":3,"minecraft:black_banner":3,"minecraft:bamboo_block":18,"iceandfire:dragonegg_white":1,"iceandfire:dragonbone_sword_lightning":127,"minecraft:campfire":14,"iceandfire:spawn_egg_fire_dragon":2,"minecraft:end_stone":77,"minecraft:obsidian":549,"minecraft:redstone_torch":1,"minecraft:shroomlight":7,"alexsmobs:spawn_egg_komodo_dragon":1,"minecraft:sticky_piston":2,"alexsmobs:spawn_egg_mungus":3,"alexsmobs:spawn_egg_murmur":3,"alexsmobs:spawn_egg_rocky_roller":1,"minecraft:stripped_bamboo_block":455,"minecraft:pig_spawn_egg":1,"biomesoplenty:hellbark_fence":17,"alexsmobs:spawn_egg_devils_hole_pupfish":1,"minecraft:dark_oak_wood":14,"alexsmobs:spawn_egg_stradpole":1,"minecraft:magma_block":1,"minecraft:repeater":3,"minecraft:turtle_helmet":1,"minecraft:red_carpet":26,"biomesoplenty:hellbark_door":2,"iceandfire:dragonsteel_lightning_sword":46,"iceandfire:spawn_egg_lightning_dragon":19,"minecraft:end_crystal":9,"minecraft:scaffolding":55,"alexsmobs:spawn_egg_elephant":1,"alexsmobs:spawn_egg_void_worm":1,"minecraft:grindstone":4,"iceandfire:dragonegg_gray":1,"alexsmobs:spawn_egg_potoo":1,"smallships:bamboo_brigg":1},"minecraft:picked_up":{"alexsmobs:maraca":4,"iceandfire:dragonegg_white":2,"iceandfire:dragonsteel_lightning_sword":2,"minecraft:purpur_block":1,"minecraft:stripped_bamboo_block":13,"alexsmobs:cockroach_wing_fragment":1,"smallships:cannon":1,"minecraft:redstone_torch":1,"minecraft:bamboo_mosaic_stairs":5,"alexsmobs:void_worm_mandible":2,"minecraft:end_stone":1,"alexsmobs:tarantula_hawk_elytra":1,"alexsmobs:void_worm_eye":1,"iceandfire:deathworm_chitin_white":1,"minecraft:redstone":1,"minecraft:bamboo_mosaic":15,"minecraft:firework_rocket":64,"iceandfire:deathworm_chitin_yellow":7,"alexsmobs:rainbow_jelly":2,"minecraft:ender_pearl":4},"minecraft:custom":{"minecraft:mob_kills":37,"minecraft:interact_with_anvil":5,"minecraft:interact_with_loom":1,"minecraft:leave_game":1,"minecraft:time_since_death":98610,"minecraft:time_since_rest":98641,"minecraft:damage_taken":370,"minecraft:sprint_one_cm":47528,"minecraft:walk_one_cm":305205,"minecraft:drop":18,"minecraft:damage_dealt":13261,"minecraft:swim_one_cm":6599,"minecraft:fly_one_cm":644615,"minecraft:crouch_one_cm":51277,"minecraft:play_time":121484,"minecraft:deaths":3,"minecraft:sneak_time":16124,"minecraft:walk_under_water_one_cm":5781,"minecraft:jump":315,"minecraft:walk_on_water_one_cm":2462,"minecraft:total_world_time":121484,"minecraft:fall_one_cm":538},"minecraft:killed":{"alexsmobs:potoo":1,"alexsmobs:void_worm":6,"alexsmobs:enderiophage":1,"alexsmobs:stradpole":1,"alexsmobs:murmur":1,"alexsmobs:devils_hole_pupfish":1,"iceandfire:dread_thrall":3,"alexsmobs:cockroach":5,"outer_end:purpur_golem":3,"alexsmobs:comb_jelly":1,"iceandfire:lightning_dragon":4,"iceandfire:deathworm":3,"alexsmobs:skreecher":1,"bygonenether:wex":1,"alexsmobs:rocky_roller":1,"minecraft:enderman":1},"minecraft:dropped":{"alexsmobs:void_worm_eye":1,"minecraft:ender_pearl":3,"alexsmobs:void_worm_mandible":1,"minecraft:bamboo_mosaic":1,"alexsmobs:maraca":3,"alexsmobs:cockroach_wing_fragment":1,"minecraft:repeater":1,"smallships:cannon":1,"iceandfire:deathworm_chitin_yellow":5,"iceandfire:dragonsteel_lightning_sword":1},"minecraft:killed_by":{"minecraft:player":1}},"DataVersion":3465}