{"stats":{"minecraft:picked_up":{"minecraft:end_stone":1,"iceandfire:dragonegg_white":2,"iceandfire:dragonsteel_lightning_sword":2,"alexsmobs:void_worm_eye":1,"minecraft:purpur_block":1,"iceandfire:deathworm_chitin_white":1,"minecraft:bamboo_mosaic":14,"minecraft:stripped_bamboo_block":13,"alexsmobs:rainbow_jelly":2,"iceandfire:deathworm_chitin_yellow":7,"smallships:cannon":1,"minecraft:bamboo_mosaic_stairs":5,"alexsmobs:void_worm_mandible":2,"minecraft:ender_pearl":4},"minecraft:used":{"alexsmobs:spawn_egg_komodo_dragon":1,"alexsmobs:spawn_egg_mungus":1,"alexsmobs:spawn_egg_murmur":3,"minecraft:bamboo_mosaic":347,"alexsmobs:spawn_egg_rocky_roller":1,"iceandfire:spawn_egg_ice_dragon":5,"minecraft:stripped_bamboo_block":339,"minecraft:tinted_glass":31,"alexsmobs:spawn_egg_devils_hole_pupfish":1,"minecraft:ender_pearl":1,"iceandfire:dragonbone_sword_ice":46,"alexsmobs:spawn_egg_comb_jelly":1,"alexsmobs:spawn_egg_enderiophage":1,"minecraft:bamboo_door":2,"biomesoplenty:hellbark_chest_boat":1,"minecraft:bamboo_mosaic_stairs":146,"alexsmobs:spawn_egg_stradpole":1,"alexsmobs:spawn_egg_skreecher":1,"alexsmobs:spawn_egg_warped_mosco":1,"minecraft:end_crystal":9,"iceandfire:spawn_egg_lightning_dragon":19,"minecraft:scaffolding":55,"alexsmobs:spawn_egg_elephant":1,"alexsmobs:spawn_egg_void_worm":1,"iceandfire:dragonsteel_lightning_sword":46,"minecraft:black_banner":3,"iceandfire:dragonbone_sword_lightning":127,"iceandfire:dragonegg_white":1,"minecraft:campfire":3,"alexsmobs:spawn_egg_potoo":1,"iceandfire:spawn_egg_fire_dragon":2,"minecraft:end_stone":77,"smallships:bamboo_brigg":1},"minecraft:custom":{"minecraft:time_since_rest":27826,"minecraft:sprint_one_cm":26337,"minecraft:damage_taken":370,"minecraft:walk_one_cm":118693,"minecraft:interact_with_anvil":1,"minecraft:mob_kills":31,"minecraft:drop":12,"minecraft:damage_dealt":12941,"minecraft:swim_one_cm":6599,"minecraft:fly_one_cm":495499,"minecraft:crouch_one_cm":11477,"minecraft:play_time":50669,"minecraft:deaths":3,"minecraft:sneak_time":3952,"minecraft:walk_under_water_one_cm":757,"minecraft:jump":190,"minecraft:walk_on_water_one_cm":388,"minecraft:time_since_death":27795,"minecraft:total_world_time":50669,"minecraft:fall_one_cm":538},"minecraft:killed":{"iceandfire:dread_thrall":3,"outer_end:purpur_golem":3,"alexsmobs:potoo":1,"alexsmobs:comb_jelly":1,"alexsmobs:void_worm":6,"alexsmobs:stradpole":1,"alexsmobs:enderiophage":1,"alexsmobs:murmur":1,"iceandfire:deathworm":3,"iceandfire:lightning_dragon":4,"alexsmobs:skreecher":1,"alexsmobs:devils_hole_pupfish":1,"alexsmobs:rocky_roller":1,"minecraft:enderman":1},"minecraft:dropped":{"alexsmobs:void_worm_eye":1,"minecraft:ender_pearl":3,"alexsmobs:void_worm_mandible":1,"smallships:cannon":1,"iceandfire:deathworm_chitin_yellow":5,"iceandfire:dragonsteel_lightning_sword":1},"minecraft:killed_by":{"minecraft:player":1}},"DataVersion":3465}