{"stats":{"minecraft:picked_up":{"minecraft:raw_iron":3,"minecraft:crafting_table":5,"minecraft:chicken":1,"minecraft:salmon":4,"minecraft:sweet_berries":29,"minecraft:andesite":12,"minecraft:oak_log":6,"minecraft:spruce_log":4,"minecraft:spruce_door":2,"minecraft:dirt":12,"alexsmobs:raw_catfish":2,"minecraft:raw_copper":10,"minecraft:wheat_seeds":1,"minecraft:oak_sapling":2,"minecraft:coal":19,"iceandfire:raw_silver":1,"minecraft:cobblestone":77,"minecraft:furnace":2},"minecraft:custom":{"minecraft:time_since_rest":65,"minecraft:interact_with_furnace":7,"minecraft:sprint_one_cm":46999,"minecraft:damage_taken":454,"minecraft:walk_one_cm":30880,"minecraft:mob_kills":8,"minecraft:damage_dealt":560,"minecraft:swim_one_cm":65423,"minecraft:interact_with_crafting_table":12,"minecraft:fly_one_cm":32969,"minecraft:open_chest":1,"minecraft:crouch_one_cm":5697,"minecraft:play_time":41576,"minecraft:deaths":1,"minecraft:sneak_time":2970,"minecraft:walk_under_water_one_cm":24403,"minecraft:jump":255,"minecraft:leave_game":2,"minecraft:time_since_death":0,"minecraft:walk_on_water_one_cm":22131,"minecraft:total_world_time":41576,"minecraft:fall_one_cm":3474},"minecraft:killed":{"alexsmobs:catfish":3,"minecraft:chicken":1,"minecraft:salmon":4},"minecraft:killed_by":{"minecraft:zombie":1},"minecraft:used":{"minecraft:spruce_door":2,"minecraft:stone_pickaxe":108,"minecraft:iron_pickaxe":3,"minecraft:wooden_pickaxe":9,"minecraft:iron_chestplate":1,"minecraft:stone_axe":29,"minecraft:salmon":1,"minecraft:dirt":9,"minecraft:sweet_berries":18,"minecraft:crafting_table":5,"minecraft:furnace":3},"minecraft:crafted":{"minecraft:oak_planks":20,"minecraft:iron_chestplate":1,"iceandfire:silver_ingot":1,"minecraft:shield":1,"minecraft:cooked_chicken":1,"minecraft:crafting_table":1,"minecraft:spruce_planks":16,"minecraft:stick":8,"minecraft:spruce_door":3,"minecraft:iron_pickaxe":1,"minecraft:iron_ingot":3,"minecraft:wooden_pickaxe":1,"minecraft:stone_pickaxe":1,"minecraft:furnace":1,"minecraft:cooked_salmon":3,"alexsmobs:cooked_catfish":2,"minecraft:stone_axe":1,"minecraft:air":0},"minecraft:mined":{"minecraft:podzol":1,"minecraft:large_fern":5,"minecraft:seagrass":1,"minecraft:tall_seagrass":1,"minecraft:furnace":3,"iceandfire:silver_ore":1,"minecraft:iron_ore":3,"minecraft:sweet_berry_bush":13,"minecraft:spruce_log":5,"minecraft:spruce_door":2,"minecraft:andesite":12,"minecraft:crafting_table":5,"minecraft:grass":11,"minecraft:coal_ore":10,"minecraft:grass_block":3,"minecraft:oak_log":6,"minecraft:dirt":8,"minecraft:copper_ore":3,"minecraft:spruce_leaves":8,"minecraft:stone":80,"minecraft:oak_leaves":5,"minecraft:fern":1}},"DataVersion":3465}