{"stats":{"minecraft:crafted":{"minecraft:oak_planks":88,"minecraft:furnace":1,"minecraft:stone":3,"minecraft:bow":1,"minecraft:iron_boots":1,"minecraft:iron_axe":1,"minecraft:stone_pickaxe":1,"minecraft:cooked_beef":10,"biomesoplenty:umbran_planks":4,"minecraft:cooked_porkchop":1,"minecraft:crafting_table":4,"minecraft:spruce_planks":28,"minecraft:wooden_pickaxe":1,"minecraft:iron_helmet":1,"minecraft:bucket":1,"minecraft:stone_axe":1,"minecraft:bread":3,"minecraft:air":0,"minecraft:oak_boat":2,"minecraft:iron_chestplate":1,"minecraft:stick":12,"minecraft:iron_ingot":43,"minecraft:iron_pickaxe":1,"minecraft:iron_leggings":1},"minecraft:killed":{"alexsmobs:lobster":10,"minecraft:spider":11,"minecraft:skeleton":5,"minecraft:illusioner":1,"alexsmobs:flying_fish":1,"minecraft:pig":1,"minecraft:zombie_villager":1,"minecraft:iron_golem":1,"minecraft:sheep":1,"minecraft:pillager":1,"alexsmobs:cockroach":1,"minecraft:zombie":10,"iceandfire:ghost":2,"alexsmobs:fly":2,"minecraft:cow":4},"minecraft:picked_up":{"minecraft:crafting_table":4,"minecraft:wheat":9,"minecraft:wither_rose":4,"minecraft:shield":1,"minecraft:string":5,"minecraft:iron_leggings":1,"minecraft:candle":1,"minecraft:cobbled_deepslate":8,"minecraft:spruce_planks":2,"minecraft:beef":10,"minecraft:oak_boat":1,"minecraft:poppy":1,"minecraft:sugar_cane":1,"minecraft:furnace":1,"minecraft:raw_iron":70,"minecraft:stick":3,"minecraft:torch":4,"minecraft:porkchop":1,"minecraft:carrot":9,"minecraft:golden_chestplate":2,"minecraft:rotten_flesh":11,"minecraft:stone_sword":1,"iceandfire:silver_ingot":3,"minecraft:arrow":10,"minecraft:beetroot_seeds":1,"minecraft:mutton":1,"minecraft:white_wool":1,"alexsmobs:flying_fish":1,"alexsmobs:lobster_tail":2,"minecraft:cobblestone":191,"minecraft:lilac":4,"minecraft:golden_carrot":2,"minecraft:andesite":13,"minecraft:black_bed":1,"minecraft:leather":3,"minecraft:jungle_fence":3,"biomesoplenty:glowshroom":8,"minecraft:potato":7,"alexsmobs:cachalot_whale_tooth":1,"minecraft:oak_log":22,"minecraft:yellow_bed":2,"minecraft:blue_bed":1,"minecraft:dirt":32,"minecraft:white_banner":1,"minecraft:bone":3,"minecraft:kelp":1,"minecraft:stonecutter":1,"minecraft:bow":1,"minecraft:wheat_seeds":23,"minecraft:raw_gold":3,"minecraft:stone_pickaxe":1,"minecraft:iron_ingot":6,"biomesoplenty:umbran_log":1,"minecraft:sweet_berries":51,"minecraft:cooked_porkchop":2,"minecraft:pumpkin":15,"minecraft:gravel":3,"minecraft:spruce_sapling":1,"minecraft:soul_torch":1,"minecraft:ink_sac":4,"minecraft:spruce_log":7,"alexsmobs:animal_dictionary":1,"minecraft:spider_eye":1,"biomesoplenty:glowing_moss_block":2,"biomesoplenty:maple_sapling":3,"minecraft:diamond":2,"minecraft:stone_axe":1,"alexsmobs:maggot":2,"minecraft:coal":71,"minecraft:netherrack":1,"iceandfire:raw_silver":14,"minecraft:sunflower":1},"minecraft:custom":{"minecraft:mob_kills":54,"minecraft:interact_with_crafting_table":19,"minecraft:leave_game":4,"minecraft:time_since_death":176272,"minecraft:climb_one_cm":13039,"minecraft:sprint_one_cm":348069,"minecraft:walk_one_cm":369734,"minecraft:damage_blocked_by_shield":2470,"minecraft:drop":15,"minecraft:talked_to_villager":1,"minecraft:play_time":188608,"minecraft:deaths":4,"minecraft:sneak_time":22894,"minecraft:walk_under_water_one_cm":44437,"minecraft:boat_one_cm":17100,"minecraft:jump":1979,"minecraft:walk_on_water_one_cm":79036,"minecraft:total_world_time":188608,"minecraft:interact_with_furnace":30,"minecraft:tune_noteblock":10,"minecraft:sleep_in_bed":8,"minecraft:time_since_rest":5844,"minecraft:damage_taken":2417,"minecraft:trigger_trapped_chest":1,"minecraft:damage_dealt":8110,"minecraft:swim_one_cm":114416,"minecraft:fly_one_cm":281553,"minecraft:open_chest":23,"minecraft:crouch_one_cm":65305,"minecraft:fall_one_cm":42344},"minecraft:used":{"minecraft:stone_sword":5,"biomesoplenty:glowing_moss_block":2,"minecraft:shield":49,"minecraft:rotten_flesh":5,"minecraft:netherrack":1,"minecraft:torch":4,"minecraft:dirt":15,"minecraft:mutton":1,"minecraft:carrot":15,"minecraft:salmon_bucket":1,"minecraft:golden_chestplate":1,"alexsmobs:maggot":2,"minecraft:iron_axe":148,"minecraft:golden_carrot":2,"minecraft:bow":11,"minecraft:sweet_berries":12,"minecraft:furnace":2,"minecraft:cooked_beef":9,"minecraft:potato":10,"minecraft:cobbled_deepslate":8,"minecraft:iron_leggings":1,"minecraft:wheat_seeds":1,"minecraft:water_bucket":15,"minecraft:oak_planks":22,"minecraft:stone_pickaxe":119,"minecraft:jungle_fence":2,"minecraft:wooden_pickaxe":29,"minecraft:stonecutter":1,"minecraft:white_wool":1,"minecraft:glow_berries":1,"minecraft:crafting_table":7,"minecraft:black_bed":1,"alexsmobs:flying_fish":1,"minecraft:bread":3,"minecraft:iron_pickaxe":213,"minecraft:gravel":3,"minecraft:stone_axe":74,"minecraft:cobblestone":120,"minecraft:cooked_porkchop":2,"minecraft:andesite":2,"minecraft:bucket":16,"minecraft:chain":2,"minecraft:yellow_bed":2,"minecraft:oak_boat":3,"alexsmobs:animal_dictionary":4,"minecraft:candle":4,"minecraft:soul_torch":1,"minecraft:experience_bottle":3},"minecraft:mined":{"biomesoplenty:glowing_moss_block":3,"biomesoplenty:glowshroom":6,"iceandfire:silver_ore":14,"minecraft:deepslate_diamond_ore":2,"minecraft:candle":1,"minecraft:sculk_vein":1,"minecraft:dark_oak_log":6,"minecraft:dark_oak_fence":6,"minecraft:spruce_fence":1,"minecraft:grass_block":10,"minecraft:spruce_leaves":8,"minecraft:kelp":4,"minecraft:furnace":2,"minecraft:carrots":9,"minecraft:iron_ore":66,"minecraft:cobbled_deepslate":1,"minecraft:andesite":12,"minecraft:pumpkin":15,"minecraft:sculk_shrieker":1,"minecraft:potatoes":7,"minecraft:deepslate_iron_ore":4,"minecraft:vine":1,"minecraft:stone":173,"minecraft:kelp_plant":1,"minecraft:soul_torch":1,"minecraft:crafting_table":3,"minecraft:rose_bush":1,"minecraft:tall_grass":1,"minecraft:cobblestone":2,"biomesoplenty:sprout":6,"minecraft:blue_bed":1,"minecraft:wall_torch":3,"biomesoplenty:glowworm_silk_strand":1,"minecraft:sweet_berry_bush":24,"minecraft:wheat":10,"minecraft:lilac":2,"minecraft:white_wall_banner":1,"minecraft:spruce_log":7,"minecraft:wither_rose":5,"minecraft:jungle_fence":3,"biomesoplenty:maple_leaves":11,"biomesoplenty:umbran_log":1,"minecraft:yellow_bed":2,"minecraft:grass":13,"biomesoplenty:clover":1,"minecraft:oak_log":26,"minecraft:coal_ore":53,"minecraft:beetroots":1,"minecraft:sunflower":2,"minecraft:gravel":3,"minecraft:dirt":16,"minecraft:stonecutter":1,"minecraft:netherrack":1,"minecraft:oak_leaves":1,"minecraft:gold_ore":3,"minecraft:fern":7,"minecraft:deepslate":7},"minecraft:killed_by":{"minecraft:player":3},"minecraft:dropped":{"minecraft:iron_ingot":4,"minecraft:wheat_seeds":1,"minecraft:lilac":4,"minecraft:leather":3,"minecraft:ink_sac":4,"minecraft:iron_leggings":2,"minecraft:stone_axe":1,"minecraft:sugar_cane":1,"minecraft:golden_chestplate":1,"minecraft:stone_sword":1,"minecraft:rotten_flesh":2}},"DataVersion":3465}