{"stats":{"minecraft:picked_up":{"minecraft:crafting_table":7,"minecraft:wheat":25,"magistuarmory:iron_bastardsword":1,"minecraft:chicken":1,"minecraft:shield":1,"alexsmobs:gazelle_horn":2,"minecraft:string":3,"minecraft:moss_carpet":2,"minecraft:iron_axe":3,"minecraft:raw_copper":10,"iceandfire:bestiary":1,"minecraft:diamond_leggings":1,"minecraft:bucket":1,"minecraft:beef":7,"minecraft:rose_bush":1,"minecraft:iron_pickaxe":1,"iceandfire:podium_acacia":2,"minecraft:iron_boots":1,"minecraft:furnace":2,"minecraft:stick":28,"minecraft:raw_iron":9,"minecraft:porkchop":1,"minecraft:carrot":58,"iceandfire:blindfold":2,"minecraft:rotten_flesh":5,"minecraft:diamond_boots":1,"minecraft:hay_block":114,"minecraft:mutton":2,"minecraft:skeleton_skull":1,"alexsmobs:lobster_tail":7,"minecraft:cobblestone":85,"minecraft:feather":1,"minecraft:andesite":12,"minecraft:salmon":4,"minecraft:leather":4,"minecraft:potato":13,"magistuarmory:hilt":1,"minecraft:oak_log":71,"iceandfire:ectoplasm":1,"minecraft:dirt":15,"minecraft:bone":1,"nyfsquiver:basic_quiver":1,"minecraft:apple":3,"minecraft:wheat_seeds":89,"minecraft:iron_ingot":5,"iceandfire:copper_nugget":8,"minecraft:sweet_berries":29,"minecraft:dandelion":1,"magistuarmory:longbow":1,"magistuarmory:silver_bastardsword":1,"minecraft:spruce_log":4,"minecraft:spruce_door":2,"minecraft:leather_helmet":1,"alexsmobs:raw_catfish":2,"magistuarmory:rustedchainmail_helmet":2,"biomesoplenty:maple_sapling":1,"biomesoplenty:willow_log":6,"minecraft:bone_meal":3,"minecraft:bread":11,"minecraft:oak_sapling":80,"minecraft:melon_seeds":1,"minecraft:coal":48,"iceandfire:raw_silver":5},"minecraft:killed_by":{"minecraft:zombie":1,"iceandfire:ghost":1},"minecraft:used":{"minecraft:moss_carpet":2,"minecraft:shield":7,"minecraft:rotten_flesh":2,"minecraft:iron_chestplate":1,"minecraft:dirt":11,"minecraft:carrot":63,"magistuarmory:iron_bastardsword":109,"minecraft:lava_bucket":10,"alexsmobs:lobster_tail":2,"minecraft:iron_helmet":3,"minecraft:iron_boots":1,"iceandfire:blindfold":2,"minecraft:melon_seeds":1,"minecraft:sweet_berries":18,"minecraft:oak_sapling":78,"minecraft:furnace":3,"minecraft:wheat_seeds":79,"minecraft:spruce_door":2,"iceandfire:podium_acacia":2,"minecraft:stone_pickaxe":108,"minecraft:wooden_pickaxe":9,"minecraft:salmon":1,"minecraft:crafting_table":8,"magistuarmory:longbow":11,"minecraft:wooden_hoe":56,"minecraft:apple":3,"minecraft:iron_pickaxe":62,"magistuarmory:rustedchainmail_helmet":1,"minecraft:bread":1,"minecraft:stone_axe":29,"minecraft:wooden_sword":36,"minecraft:bucket":11},"minecraft:dropped":{"minecraft:bread":11,"minecraft:porkchop":1,"minecraft:diamond_leggings":1,"minecraft:feather":1,"iceandfire:ectoplasm":1,"iceandfire:blindfold":1,"minecraft:wooden_hoe":1,"iceandfire:copper_nugget":8,"minecraft:rose_bush":1,"minecraft:iron_axe":3,"minecraft:dandelion":1,"minecraft:wheat":22,"magistuarmory:silver_bastardsword":1,"magistuarmory:hilt":1,"minecraft:shield":1,"magistuarmory:rustedchainmail_helmet":2,"iceandfire:bestiary":1,"minecraft:diamond_boots":1,"minecraft:arrow":80,"minecraft:beef":7},"minecraft:killed":{"alexsmobs:lobster":18,"minecraft:skeleton":2,"minecraft:chicken":1,"minecraft:piglin_brute":1,"minecraft:pig":1,"minecraft:salmon":4,"minecraft:creeper":2,"alexsmobs:catfish":3,"iceandfire:ghost":3,"minecraft:zombie":7,"alexsmobs:gazelle":2,"minecraft:cow":3},"minecraft:crafted":{"minecraft:wooden_sword":1,"minecraft:oak_planks":20,"minecraft:cooked_chicken":1,"minecraft:furnace":1,"minecraft:stone_pickaxe":1,"alexsmobs:cooked_catfish":2,"iceandfire:silver_ingot":1,"minecraft:crafting_table":2,"minecraft:spruce_planks":16,"minecraft:wooden_pickaxe":1,"minecraft:iron_helmet":1,"minecraft:spruce_door":3,"minecraft:cooked_salmon":3,"biomesoplenty:willow_planks":36,"minecraft:stone_axe":1,"minecraft:bread":1,"minecraft:air":0,"minecraft:iron_chestplate":1,"minecraft:wooden_hoe":1,"minecraft:shield":1,"minecraft:stick":12,"minecraft:iron_pickaxe":1,"minecraft:iron_ingot":3},"minecraft:custom":{"minecraft:mob_kills":47,"minecraft:interact_with_crafting_table":26,"minecraft:leave_game":4,"minecraft:time_since_death":103156,"minecraft:climb_one_cm":2239,"minecraft:sprint_one_cm":423575,"minecraft:walk_one_cm":319051,"minecraft:damage_blocked_by_shield":435,"minecraft:drop":24,"minecraft:play_time":149780,"minecraft:deaths":2,"minecraft:sneak_time":8971,"minecraft:walk_under_water_one_cm":36381,"minecraft:jump":2351,"minecraft:walk_on_water_one_cm":70324,"minecraft:total_world_time":149780,"minecraft:interact_with_furnace":8,"minecraft:sleep_in_bed":2,"minecraft:time_since_rest":39790,"minecraft:damage_taken":1887,"minecraft:damage_dealt":5644,"minecraft:swim_one_cm":159887,"minecraft:fly_one_cm":502545,"minecraft:open_chest":13,"minecraft:crouch_one_cm":27273,"minecraft:fall_one_cm":58464},"minecraft:mined":{"minecraft:oak_sapling":9,"iceandfire:silver_ore":5,"iceandfire:copper_pile":1,"biomesoplenty:desert_grass":2,"minecraft:grass_block":5,"minecraft:spruce_leaves":8,"minecraft:large_fern":5,"minecraft:hay_block":110,"minecraft:tall_seagrass":1,"minecraft:furnace":3,"minecraft:carrots":16,"minecraft:iron_ore":9,"minecraft:fire":2,"minecraft:andesite":12,"minecraft:moss_carpet":2,"minecraft:potatoes":3,"minecraft:vine":1,"minecraft:dirt_path":1,"minecraft:stone":88,"minecraft:podzol":1,"minecraft:spruce_door":2,"minecraft:dandelion":1,"iceandfire:podium_acacia":2,"minecraft:crafting_table":7,"minecraft:poppy":1,"minecraft:rose_bush":1,"minecraft:tall_grass":8,"minecraft:copper_ore":3,"biomesoplenty:willow_log":6,"minecraft:skeleton_skull":1,"minecraft:seagrass":1,"minecraft:wheat":30,"minecraft:sweet_berry_bush":13,"minecraft:spruce_log":5,"biomesoplenty:maple_leaves":4,"minecraft:grass":87,"biomesoplenty:clover":1,"minecraft:oak_log":6,"minecraft:coal_ore":11,"minecraft:dirt":9,"minecraft:oak_leaves":6,"minecraft:fern":12}},"DataVersion":3465}